"PRESTATAIRE","TYPE","ZONE_GEO","LIGNES","VISITES","PATIENTS","DEPENSES_TOTALES","FRAIS_REELS","REJETS_TOTAL","COUT_MOYEN_VISITE","COUT_MOYEN_PATIENT","TAUX_REJET","FREQUENCE_BRUTE","PART_CHRONIQUES","MEDIANE_COUT_VISITE","MEDIANE_FREQUENCE","MEDIANE_REJET","INDICE_COUT","INDICE_FREQUENCE","INDICE_REJET","PROFIL_RISQUE","INDICE_COUT_AJUSTE","INDICE_FREQ_AJUSTE","LIFT_RADIO","LIFT_LABO","LIFT_MULTI","FLAG_DEMANDE_INDUITE","SCORE_COUT","SCORE_FREQ","SCORE_ACTES","SCORE_REJET","SCORE_ANOMALIE_BRUT","SCORE_ANOMALIE","VOL_PERCENTILE","SCORE_ECONOMIE","SCORE_SAIN","SCORE_RESEAU_BRUT","SCORE_RESEAU","DECISION"
"3'O","Autre","ABIDJAN",1,1,1,11530,11530,0,11530,11530,0,1,0,31737.9656862745,1,0.0133114157048418,0.269222544534868,0.0815903054448871,0,"Économique",0.269222544534868,0.0815903054448871,1,1,1,0,0.134611272267434,0.0407951527224436,0.333333333333333,0,0.152621927496963,15.2621927496963,0.0892759934676102,0.865388727732566,0.847378072503037,0.702961918787763,70.2961918787763,"SURVEILLER (FAIBLE VOLUME)"
"7 OPTIQUE PLUS KOUMASSI","Optique","ABIDJAN",5,5,5,853888.888888889,670000,183888.888888889,170777.777777778,170777.777777778,0.274461028192371,1,0,317347.222222222,1,0.452767755831414,3.98761733593613,0.0815903054448871,0.606185013525048,"Coût Élevé",3.98761733593613,0.0815903054448871,1,1,1,0,1,0.0407951527224436,0.333333333333333,0.303092506762524,0.442547796492985,44.2547796492985,0.729994556341862,0,0.557452203507015,0.368979792671178,36.8979792671178,"SURVEILLER (FAIBLE VOLUME)"
"A. VISION","Optique","ABIDJAN",1,1,1,173333.333333333,170000,3333.33333333332,173333.333333333,173333.333333333,0.0196078431372548,1,0,317347.222222222,1,0.452767755831414,4.04728890309718,0.0815903054448871,0.0433066243890294,"Coût Élevé",4.04728890309718,0.0815903054448871,1,1,1,0,1,0.0407951527224436,0.333333333333333,0.0216533121945147,0.414403877036184,41.4403877036184,0.452367991290147,0,0.585596122963816,0.324712047443556,32.4712047443556,"SURVEILLER (FAIBLE VOLUME)"
"ABRAHAM OPTIQUE","Optique","ABIDJAN",1,1,1,305000,190000,115000,305000,305000,0.605263157894737,1,0,317347.222222222,1,0.452767755831414,7.12167181987292,0.0815903054448871,1.33680711600873,"Coût Élevé",7.12167181987292,0.0815903054448871,1,1,1,0,1,0.0407951527224436,0.333333333333333,0.668403558004365,0.47907890161717,47.907890161717,0.550353837778987,0,0.52092109838283,0.31843920690893,31.843920690893,"SURVEILLER (FAIBLE VOLUME)"
"ACDS AU CENTRE DES SENS","Centre Medical","ABIDJAN",1,1,1,25000,25000,0,25000,25000,0,1,0,33841.4752475248,1.23636363636364,0.0589823610679747,0.583743591792862,0.0815903054448871,0,"Économique",0.583743591792862,0.0815903054448871,1,0,1,0,0.291871795896431,0.0407951527224436,0.333333333333333,0,0.199800084585662,19.9800084585662,0.196516058791508,0.708128204103569,0.800199915414338,0.642634459565464,64.2634459565464,"SURVEILLER (FAIBLE VOLUME)"
"ACUITIX OPTIC","Optique","ABIDJAN",5,5,5,1874444.44444444,1190000,684444.444444444,374888.888888889,374888.888888889,0.57516339869281,1,0,317347.222222222,1,0.452767755831414,8.7535594609294,0.0815903054448871,1.27032764874487,"Coût Élevé",8.7535594609294,0.0815903054448871,1,1,1,0,1,0.0407951527224436,0.333333333333333,0.635163824372434,0.475754928253976,47.5754928253976,0.84594447468699,0,0.524245071746024,0.378886923635807,37.8886923635807,"SURVEILLER (FAIBLE VOLUME)"
"ADORS VISION","Optique","ABIDJAN",1,1,1,140000,140000,0,140000,140000,0,1,0,317347.222222222,1,0.452767755831414,3.26896411404003,0.0815903054448871,0,"Coût Élevé",3.26896411404003,0.0815903054448871,1,1,1,0,1,0.0407951527224436,0.333333333333333,0,0.412238545816733,41.2238545816733,0.422427871529668,0,0.587761454183267,0.31959015597924,31.959015597924,"SURVEILLER (FAIBLE VOLUME)"
"ADVANCE VISION","Optique","ABIDJAN",2,2,2,1399600,834800,564800,699800,699800,0.676569238140872,1,0.5,317347.222222222,1,0.452767755831414,13.3516889989334,0.0738894347796492,1.49429642333627,"Coût Élevé",13.3516889989334,0.0738894347796492,1,1,1,0,1,0.0369447173898246,0.333333333333333,0.747148211668136,0.485798236383761,48.5798236383761,0.80729450190528,0,0.514201763616239,0.367139605827552,36.7139605827552,"SURVEILLER (FAIBLE VOLUME)"
"AFOSUCOA - FSUCOM OUASSAKARA","Centre Medical","ABIDJAN",94,74,56,1083475,965225,118250,14641.5540540541,19347.7678571429,0.12251029552695,1.32142857142857,0.0319148936170213,33841.4752475248,1.23636363636364,0.0589823610679747,0.337789708002039,0.107019068473549,2.07706665702585,"Économique",0.337789708002039,0.107019068473549,1,2.0922619047619,1,1,0.168894854001019,0.0535095342367744,0.697420634920635,1,0.375947506947529,37.5947506947529,0.771910724006532,0.831105145998981,0.624052493052471,0.736445200421887,73.6445200421887,"CONSERVER"
"AFOSUCOA WASSAKARA","Autre","ABIDJAN",1,1,1,33910,29500,4410,33910,33910,0.149491525423729,1,0,31737.9656862745,1,0.0133114157048418,0.791789807907838,0.0815903054448871,11.2303250637236,"Économique",0.791789807907838,0.0815903054448871,1,1,1,0,0.395894903953919,0.0407951527224436,0.333333333333333,1,0.331007017002909,33.1007017002909,0.235166031573217,0.604105096046081,0.668992982997091,0.556272437931912,55.6272437931912,"SURVEILLER (FAIBLE VOLUME)"
"AGEFOSACOM","Autre","ABIDJAN",1,1,1,6000,6000,0,6000,6000,0,1,0,31737.9656862745,1,0.0133114157048418,0.140098462030287,0.0815903054448871,0,"Économique",0.140098462030287,0.0815903054448871,1,1,1,0,0.0700492310151434,0.0407951527224436,0.333333333333333,0,0.133253315121276,13.3253315121276,0.0391943385955362,0.929950768984857,0.866746684878724,0.72651784926454,72.6517849264539,"SURVEILLER (FAIBLE VOLUME)"
"AGFOSYN","Autre","ABIDJAN",1,1,1,6500,6500,0,6500,6500,0,1,0,31737.9656862745,1,0.0133114157048418,0.151773333866144,0.0815903054448871,0,"Économique",0.151773333866144,0.0815903054448871,1,1,1,0,0.075886666933072,0.0407951527224436,0.333333333333333,0,0.135004545896655,13.5004545896655,0.0430048992923244,0.924113333066928,0.864995454103345,0.724244494726574,72.4244494726574,"SURVEILLER (FAIBLE VOLUME)"
"AGNEBY ESPACE MEDICAL D'AGBOVILLE","Centre Medical","HORS-ABIDJAN",32,18,12,763100,720500,42600,42394.4444444444,63591.6666666667,0.0591256072172103,1.5,0,33841.4752475248,1.23636363636364,0.0589823610679747,0.989899410882518,0.122385458167331,1.00242862690882,"Standard",0.989899410882518,0.122385458167331,1,3.08333333333333,1,1,0.494949705441259,0.0611927290836653,1,0.501214313454411,0.516964161702918,51.6964161702918,0.708764289602613,0.505050294558741,0.483035838297082,0.536987311062852,53.6987311062852,"SURVEILLER (FAIBLE VOLUME)"
"AIBEF (ASSOCIATION IVOIRIENNE POUR LE BIEN-ETRE FAMILIAL)","Autre","ABIDJAN",4,3,3,54000,54000,0,18000,18000,0,1,0,31737.9656862745,1,0.0133114157048418,0.420295386090861,0.0815903054448871,0,"Économique",0.420295386090861,0.0815903054448871,1,1,1,0,0.21014769304543,0.0407951527224436,0.333333333333333,0,0.175282853730362,17.5282853730362,0.295590636908002,0.78985230695457,0.824717146269638,0.704945908671283,70.4945908671284,"SURVEILLER (FAIBLE VOLUME)"
"AIGLE VISION","Optique","ABIDJAN",1,1,1,450000,350000,1e+05,450000,450000,0.285714285714286,1,0,317347.222222222,1,0.452767755831414,10.5073846522715,0.0815903054448871,0.631039383954431,"Coût Élevé",10.5073846522715,0.0815903054448871,1,1,1,0,1,0.0407951527224436,0.333333333333333,0.315519691977216,0.443790515014455,44.3790515014455,0.616766467065868,0,0.556209484985545,0.345837087407392,34.5837087407392,"SURVEILLER (FAIBLE VOLUME)"
"ALAIN AFFLELOU CAP NORD","Autre","ABIDJAN",8,8,8,7931888.33333333,4612555,3319333.33333333,991486.041666667,991486.041666667,0.719630082098389,1,0.375,31737.9656862745,1,0.0133114157048418,19.8232231517619,0.075675075756871,54.0611230281565,"Coût Élevé",19.8232231517619,0.075675075756871,1,1,1,0,1,0.0378375378784355,0.333333333333333,1,0.511351261363531,51.1351261363531,0.96842678279804,0,0.488648738636469,0.389144852014196,38.9144852014196,"SURVEILLER (FAIBLE VOLUME)"
"ALAIN AFFLELOU COCODY","Autre","ABIDJAN",6,6,6,4026555.55555555,2510500,1516055.55555555,671092.592592592,671092.592592592,0.60388590143619,1,0,31737.9656862745,1,0.0133114157048418,15.6698400170233,0.0815903054448871,45.3660162695194,"Coût Élevé",15.6698400170233,0.0815903054448871,1,1,1,0,1,0.0407951527224436,0.333333333333333,1,0.512238545816733,51.2238545816733,0.922700054436581,0,0.487761454183267,0.379644592560623,37.9644592560623,"SURVEILLER (FAIBLE VOLUME)"
"ALAIN AFFLELOU PLAYCE","Autre","ABIDJAN",8,8,8,9223166.66666667,5287500,3935666.66666667,1152895.83333333,1152895.83333333,0.744334121355398,1,0,31737.9656862745,1,0.0133114157048418,26.919822188521,0.0815903054448871,55.9169766657244,"Coût Élevé",26.919822188521,0.0815903054448871,1,1,1,0,1,0.0407951527224436,0.333333333333333,1,0.512238545816733,51.2238545816733,0.974959172563963,0,0.487761454183267,0.390096416186099,39.0096416186099,"SURVEILLER (FAIBLE VOLUME)"
"ALAIN AFFLELOU RUE DU CANAL","Autre","ABIDJAN",6,6,6,5884000,3357000,2527000,980666.666666667,980666.666666667,0.752755436401549,1,0,31737.9656862745,1,0.0133114157048418,22.8983152940613,0.0815903054448871,56.5496152394779,"Coût Élevé",22.8983152940613,0.0815903054448871,1,1,1,0,1,0.0407951527224436,0.333333333333333,1,0.512238545816733,51.2238545816733,0.951551442569407,0,0.487761454183267,0.385414870187188,38.5414870187188,"SURVEILLER (FAIBLE VOLUME)"
"ALAIN AFFLEOU","Autre","ABIDJAN",1,1,1,662000,381000,281000,662000,662000,0.73753280839895,1,0,31737.9656862745,1,0.0133114157048418,15.457530310675,0.0815903054448871,55.4060383021983,"Coût Élevé",15.457530310675,0.0815903054448871,1,1,1,0,1,0.0407951527224436,0.333333333333333,1,0.512238545816733,51.2238545816733,0.679912901469788,0,0.487761454183267,0.331087161967264,33.1087161967264,"SURVEILLER (FAIBLE VOLUME)"
"ALG VISION","Optique","ABIDJAN",2,2,2,678333.333333333,460000,218333.333333333,339166.666666667,339166.666666667,0.47463768115942,1,0,317347.222222222,1,0.452767755831414,7.91945472865649,0.0815903054448871,1.0483027447214,"Coût Élevé",7.91945472865649,0.0815903054448871,1,1,1,0,1,0.0407951527224436,0.333333333333333,0.5241513723607,0.464653683052803,46.4653683052803,0.68481219379423,0,0.535346316947197,0.351100965537725,35.1100965537725,"SURVEILLER (FAIBLE VOLUME)"
"ALLIANCE OPTIQUE","Optique","ABIDJAN",1,1,1,3e+05,180000,120000,3e+05,3e+05,0.666666666666667,1,0,317347.222222222,1,0.452767755831414,7.00492310151434,0.0815903054448871,1.47242522922701,"Coût Élevé",7.00492310151434,0.0815903054448871,1,1,1,0,1,0.0407951527224436,0.333333333333333,0.736212614613503,0.485859807278083,48.5859807278083,0.547087642896026,0,0.514140192721917,0.315073605667972,31.5073605667972,"SURVEILLER (FAIBLE VOLUME)"
"ALLIANCE VISION OPTIQUE","Optique","HORS-ABIDJAN",1,1,1,173333.333333333,170000,3333.33333333333,173333.333333333,173333.333333333,0.0196078431372549,1,0,317347.222222222,1,0.452767755831414,4.04728890309718,0.0815903054448871,0.0433066243890295,"Coût Élevé",4.04728890309718,0.0815903054448871,1,1,1,0,1,0.0407951527224436,0.333333333333333,0.0216533121945148,0.414403877036185,41.4403877036185,0.452912357103974,0,0.585596122963815,0.324820920606321,32.4820920606321,"SURVEILLER (FAIBLE VOLUME)"
"AMITIE OPTIQUE","Optique","ABIDJAN",5,5,5,2087333.33333333,1424500,662833.333333333,417466.666666667,417466.666666667,0.465309465309465,1,0,317347.222222222,1,0.452767755831414,9.74773965815174,0.0815903054448871,1.02770009417968,"Coût Élevé",9.74773965815174,0.0815903054448871,1,1,1,0,1,0.0407951527224436,0.333333333333333,0.513850047089839,0.463623550525717,46.3623550525717,0.859553620032662,0,0.536376449474283,0.386461303796246,38.6461303796246,"SURVEILLER (FAIBLE VOLUME)"
"ANOPTIC GRAND BASSAM","Optique","HORS-ABIDJAN",15,15,15,6167222.22222222,4060000,2107222.22222222,411148.148148148,411148.148148148,0.519020251778872,1,0,317347.222222222,1,0.452767755831414,9.60020387035935,0.0815903054448871,1.14632776979845,"Coût Élevé",9.60020387035935,0.0815903054448871,1,1,1,0,1,0.0407951527224436,0.333333333333333,0.573163884899223,0.469554934306655,46.9554934306655,0.953728905824714,0,0.530445065693345,0.402923807442281,40.2923807442281,"SURVEILLER (FAIBLE VOLUME)"
"ANOPTIC MARCORY","Optique","ABIDJAN",2,2,2,1073888.88888889,630000,443888.888888889,536944.444444444,536944.444444444,0.704585537918871,1,0,317347.222222222,1,0.452767755831414,12.5375151437289,0.0815903054448871,1.55617428327034,"Coût Élevé",12.5375151437289,0.0815903054448871,1,1,1,0,1,0.0407951527224436,0.333333333333333,0.778087141635171,0.49004725998025,49.004725998025,0.769188894937398,0,0.50995274001975,0.35781887499538,35.781887499538,"SURVEILLER (FAIBLE VOLUME)"
"ANOPTIC RIVIERA","Optique","ABIDJAN",1,1,1,3e+05,3e+05,0,3e+05,3e+05,0,1,0,317347.222222222,1,0.452767755831414,7.00492310151434,0.0815903054448871,0,"Coût Élevé",7.00492310151434,0.0815903054448871,1,1,1,0,1,0.0407951527224436,0.333333333333333,0,0.412238545816733,41.2238545816733,0.547087642896026,0,0.587761454183267,0.344522110252512,34.4522110252512,"SURVEILLER (FAIBLE VOLUME)"
"ANOPTIC YAMOUSSOUKRO","Optique","HORS-ABIDJAN",1,1,1,465000,270000,195000,465000,465000,0.722222222222222,1,0,317347.222222222,1,0.452767755831414,10.8576308073472,0.0815903054448871,1.59512733166259,"Coût Élevé",10.8576308073472,0.0815903054448871,1,1,1,0,1,0.0407951527224436,0.333333333333333,0.797563665831295,0.491994912399863,49.1994912399863,0.624387588459445,0,0.508005087600137,0.328079552731944,32.8079552731944,"SURVEILLER (FAIBLE VOLUME)"
"ANOPTIC YOPOUGON","Optique","ABIDJAN",5,5,5,1930833.33333333,1580000,350833.333333333,386166.666666667,386166.666666667,0.22204641350211,1,0,317347.222222222,1,0.452767755831414,9.01689268122707,0.0815903054448871,0.490420111949818,"Coût Élevé",9.01689268122707,0.0815903054448871,1,1,1,0,1,0.0407951527224436,0.333333333333333,0.245210055974909,0.436759551414224,43.6759551414224,0.849210669569951,0,0.563240448585776,0.395138313348301,39.5138313348301,"SURVEILLER (FAIBLE VOLUME)"
"ART ET VISION","Optique","HORS-ABIDJAN",1,1,1,230000,230000,0,230000,230000,0,1,0,317347.222222222,1,0.452767755831414,5.37044104449433,0.0815903054448871,0,"Coût Élevé",5.37044104449433,0.0815903054448871,1,1,1,0,1,0.0407951527224436,0.333333333333333,0,0.412238545816733,41.2238545816733,0.499727817093087,0,0.587761454183267,0.335050145091924,33.5050145091924,"SURVEILLER (FAIBLE VOLUME)"
"ASET DE LA DIVINE","Autre","ABIDJAN",1,1,1,6240,6240,0,6240,6240,0,1,0,31737.9656862745,1,0.0133114157048418,0.145702400511498,0.0815903054448871,0,"Économique",0.145702400511498,0.0815903054448871,1,1,1,0,0.0728512002557492,0.0407951527224436,0.333333333333333,0,0.134093905893458,13.4093905893458,0.0413718018508438,0.927148799744251,0.865906094106542,0.725496317910486,72.5496317910486,"SURVEILLER (FAIBLE VOLUME)"
"ASSISTANCE HOPITAUX PUBLIQUE DE PARIS","Autre","HORS COTE D'IVOIRE",1,1,1,327970,278985,48985,327970,327970,0.175582916644264,1,0,31737.9656862745,1,0.0133114157048418,7.6580154320122,0.0815903054448871,13.1904014221717,"Coût Élevé",7.6580154320122,0.0815903054448871,1,1,1,0,1,0.0407951527224436,0.333333333333333,1,0.512238545816733,51.2238545816733,0.563418617310833,0,0.487761454183267,0.307788305135473,30.7788305135473,"SURVEILLER (FAIBLE VOLUME)"
"ATLANTIQUE OPTIQUE","Optique","ABIDJAN",3,3,3,1382500,810000,572500,460833.333333333,460833.333333333,0.70679012345679,1,0,317347.222222222,1,0.452767755831414,10.7603402087151,0.0815903054448871,1.56104341431937,"Coût Élevé",10.7603402087151,0.0815903054448871,1,1,1,0,1,0.0407951527224436,0.333333333333333,0.780521707159686,0.490290716532702,49.0290716532702,0.805117038649973,0,0.509709283467298,0.364907121116914,36.4907121116914,"SURVEILLER (FAIBLE VOLUME)"
"AXE OPTIC","Optique","ABIDJAN",6,6,6,997500,730000,267500,166250,166250,0.366438356164384,1,0,317347.222222222,1,0.452767755831414,3.88189488542253,0.0815903054448871,0.809329620859365,"Coût Élevé",3.88189488542253,0.0815903054448871,1,1,1,0,1,0.0407951527224436,0.333333333333333,0.404664810429682,0.452705026859701,45.2705026859701,0.755579749591726,0,0.547294973140299,0.370033939174465,37.0033939174465,"SURVEILLER (FAIBLE VOLUME)"
"AZOL SARL","Autre","ABIDJAN",2,2,2,543333.333333333,430000,113333.333333333,271666.666666667,271666.666666667,0.263565891472868,1,0,31737.9656862745,1,0.0133114157048418,6.34334703081577,0.0815903054448871,19.7999895215503,"Coût Élevé",6.34334703081577,0.0815903054448871,1,1,1,0,1,0.0407951527224436,0.333333333333333,1,0.512238545816733,51.2238545816733,0.64616222101252,0,0.487761454183267,0.324337025875811,32.4337025875811,"SURVEILLER (FAIBLE VOLUME)"
"Anatomie Group","Autre","ABIDJAN",1,1,1,1e+05,1e+05,0,1e+05,1e+05,0,1,1,31737.9656862745,1,0.0133114157048418,1.61293791698031,0.067516879219805,0,"Coût Élevé",1.61293791698031,0.067516879219805,1,1,1,0,0.806468958490157,0.0337584396099025,0.333333333333333,0,0.352068219430018,35.2068219430018,0.374523679912901,0.193531041509843,0.647931780569982,0.41148986481451,41.148986481451,"SURVEILLER (FAIBLE VOLUME)"
"Antenne d'Hygiene Publique Abobo","Autre","ABIDJAN",1,1,1,34500,34500,0,34500,34500,0,1,0,31737.9656862745,1,0.0133114157048418,0.80556615667415,0.0815903054448871,0,"Économique",0.80556615667415,0.0815903054448871,1,1,1,0,0.402783078337075,0.0407951527224436,0.333333333333333,0,0.233073469317855,23.3073469317855,0.237343494828525,0.597216921662925,0.766926530682144,0.593126079903733,59.3126079903733,"SURVEILLER (FAIBLE VOLUME)"
"B-HEALTH-CO","Autre","ABIDJAN",14,14,4,230000,230000,0,16428.5714285714,57500,0,3.5,0,31737.9656862745,1,0.0133114157048418,0.383602931749595,0.285566069057105,0,"Économique",0.383602931749595,0.285566069057105,1,1,1,0,0.191801465874798,0.142783034528552,0.333333333333333,0,0.200375350121005,20.0375350121005,0.499727817093087,0.808198534125202,0.799624649878995,0.743074837020296,74.3074837020296,"SURVEILLER (FAIBLE VOLUME)"
"BA OPTIQUE","Optique","ABIDJAN",5,5,5,2185000,1280000,905000,437000,437000,0.70703125,1,0.2,317347.222222222,1,0.452767755831414,9.36535241809987,0.0783250428189295,1.56157597552786,"Coût Élevé",9.36535241809987,0.0783250428189295,1,1,1,0,1,0.0391625214094648,0.333333333333333,0.78078798776393,0.489827555199232,48.9827555199232,0.866086009798585,0,0.510172444800768,0.377286179880024,37.7286179880024,"SURVEILLER (FAIBLE VOLUME)"
"BAOL OPTIQUE","Optique","ABIDJAN",5,5,5,1465833.33333333,1170000,295833.333333333,293166.666666667,293166.666666667,0.252849002849003,1,0,317347.222222222,1,0.452767755831414,6.84536651975763,0.0815903054448871,0.558451876469644,"Coût Élevé",6.84536651975763,0.0815903054448871,1,1,1,0,1,0.0407951527224436,0.333333333333333,0.279225938234822,0.440161139640215,44.0161139640215,0.813826891671203,0,0.559838860359785,0.386700922478155,38.6700922478155,"SURVEILLER (FAIBLE VOLUME)"
"BARAKA OPTIC","Optique","ABIDJAN",1,1,1,392500,240000,152500,392500,392500,0.635416666666667,1,0,317347.222222222,1,0.452767755831414,9.16477439114793,0.0815903054448871,1.40340529660699,"Coût Élevé",9.16477439114793,0.0815903054448871,1,1,1,0,1,0.0407951527224436,0.333333333333333,0.701702648303495,0.482408810647083,48.2408810647083,0.592270005443658,0,0.517591189352917,0.325490476829899,32.5490476829899,"SURVEILLER (FAIBLE VOLUME)"
"BIOGROUP AFRICA SAS","Autre","ABIDJAN",1,1,1,99100,99100,0,99100,99100,0,1,0,31737.9656862745,1,0.0133114157048418,2.3139595978669,0.0815903054448871,0,"Coût Élevé",2.3139595978669,0.0815903054448871,1,1,1,0,1,0.0407951527224436,0.333333333333333,0,0.412238545816733,41.2238545816733,0.373434948285248,0,0.587761454183267,0.309791571330356,30.9791571330356,"SURVEILLER (FAIBLE VOLUME)"
"BIOMEA","Autre","ABIDJAN",15,15,12,1193881,1066700,127181,79592.0666666667,99490.0833333333,0.119228461610575,1.25,0.2,31737.9656862745,1,0.0133114157048418,1.70573856754744,0.100246573105213,8.9568581024186,"Coût Élevé",1.70573856754744,0.100246573105213,1,1,1,0,0.852869283773722,0.0501232865526064,0.333333333333333,1,0.470897771097898,47.0897771097898,0.784431137724551,0.147130716226278,0.529102228902102,0.427379405596262,42.7379405596262,"SURVEILLER (FAIBLE VOLUME)"
"BONNE OPTIQUE +","Optique","ABIDJAN",3,3,3,1560000,1155000,405000,520000,520000,0.350649350649351,1,0,317347.222222222,1,0.452767755831414,12.1418667092915,0.0815903054448871,0.774457425762257,"Coût Élevé",12.1418667092915,0.0815903054448871,1,1,1,0,1,0.0407951527224436,0.333333333333333,0.387228712881128,0.450961417104846,45.0961417104846,0.82144801306478,0,0.549038582895154,0.383905035771018,38.3905035771018,"SURVEILLER (FAIBLE VOLUME)"
"BONNE VUE OPTIC","Optique","ABIDJAN",3,3,3,1260000,940000,320000,420000,420000,0.340425531914894,1,0,317347.222222222,1,0.452767755831414,9.80689234212008,0.0815903054448871,0.751876712796769,"Coût Élevé",9.80689234212008,0.0815903054448871,1,1,1,0,1,0.0407951527224436,0.333333333333333,0.375938356398385,0.449832381456572,44.9832381456572,0.790963527490474,0,0.550167618543429,0.378259752915466,37.8259752915466,"SURVEILLER (FAIBLE VOLUME)"
"BOUAKE OPTIQUE","Optique","HORS-ABIDJAN",5,5,5,1201666.66666667,970000,231666.666666667,240333.333333333,240333.333333333,0.238831615120275,1,0,317347.222222222,1,0.452767755831414,5.61172172910205,0.0815903054448871,0.52749254346019,"Coût Élevé",5.61172172910205,0.0815903054448871,1,1,1,0,1,0.0407951527224436,0.333333333333333,0.263746271730095,0.438613172989743,43.8613172989743,0.785519869352205,0,0.561386827010257,0.381658704674544,38.1658704674544,"SURVEILLER (FAIBLE VOLUME)"
"C.I.M.A. - CENTRE D'IMAGERIE","Centre Medical","ABIDJAN",85,82,65,5196158.33333333,4905100,291058.333333333,63367.7845528455,79940.8974358974,0.0593379000088343,1.26153846153846,0.0235294117647059,33841.4752475248,1.23636363636364,0.0589823610679747,1.46364095991833,0.102600288099511,1.00602788586998,"Coût Élevé",1.46364095991833,0.102600288099511,1,0,1,0,0.731820479959166,0.0513001440497556,0.333333333333333,0.50301394293499,0.385237581496175,38.5237581496175,0.942841589548176,0.268179520040834,0.614762418503825,0.541745093327499,54.1745093327499,"RENÉGOCIER"
"C.M.C. DE ABOBO AVOCATIER MARCHE","Autre","ABIDJAN",3,3,3,36000,36000,0,12000,12000,0,1,0,31737.9656862745,1,0.0133114157048418,0.280196924060574,0.0815903054448871,0,"Économique",0.280196924060574,0.0815903054448871,1,1,1,0,0.140098462030287,0.0407951527224436,0.333333333333333,0,0.154268084425819,15.4268084425819,0.243331518780621,0.859901537969713,0.845731915574181,0.730919685173682,73.0919685173682,"SURVEILLER (FAIBLE VOLUME)"
"CABINET ADOU GEORGES","Cabinet","ABIDJAN",11,10,8,292000,292000,0,29200,36500,0,1.25,0,35500,1.25,0,0.681812515214063,0.101987881806109,0,"Économique",0.681812515214063,0.101987881806109,1,1,1,0,0.340906257607031,0.0509939409030545,0.333333333333333,0,0.217570059553026,21.7570059553026,0.54109961894393,0.659093742392969,0.782429940446974,0.684829396924763,68.4829396924763,"SURVEILLER (FAIBLE VOLUME)"
"CABINET D'OPHTALMOLOGIE HOMIEN","Cabinet","ABIDJAN",6,5,4,117500,117500,0,23500,29375,0,1.25,0,35500,1.25,0,0.54871897628529,0.101987881806109,0,"Économique",0.54871897628529,0.101987881806109,1,1,1,0,0.274359488142645,0.0509939409030545,0.333333333333333,0,0.19760602871371,19.760602871371,0.39575394665215,0.725640511857355,0.80239397128629,0.690364582587888,69.0364582587888,"SURVEILLER (FAIBLE VOLUME)"
"CABINET D'OPHTALMOLOGIE IRIS","Cabinet","HORS-ABIDJAN",10,10,8,175000,175000,0,17500,21875,0,1.25,0,35500,1.25,0,0.408620514255003,0.101987881806109,0,"Économique",0.408620514255003,0.101987881806109,1,1,1,0,0.204310257127502,0.0509939409030545,0.333333333333333,0,0.176591259409167,17.6591259409167,0.454545454545455,0.795689742872498,0.823408740590833,0.738548484294424,73.8548484294424,"SURVEILLER (FAIBLE VOLUME)"
"CABINET D'OPHTALMOLOGIE LES LUCIOLES","Cabinet","ABIDJAN",18,16,16,438500,426500,12000,27406.25,27406.25,0.0281359906213365,1,0,35500,1.25,0,0.639928912502925,0.0815903054448871,0,"Économique",0.639928912502925,0.0815903054448871,1,1,1,0,0.319964456251462,0.0407951527224436,0.333333333333333,0,0.208227882692172,20.8227882692172,0.612411540555253,0.680035543748537,0.791772117307828,0.711205372533597,71.1205372533597,"SURVEILLER (FAIBLE VOLUME)"
"CABINET D'OPHTALMOLOGIE LES SAINTS ARCHANGES","Cabinet","ABIDJAN",60,50,22,1546500,1532000,14500,30930,70295.4545454545,0.00946475195822454,2.27272727272727,0.25,35500,1.25,0,0.652143425714,0.183692087627874,0,"Économique",0.652143425714,0.183692087627874,1,1,1,0,0.326071712857,0.0918460438139369,0.333333333333333,0,0.225375327001281,22.5375327001281,0.819270549809472,0.673928287143,0.774624672998719,0.743275294018582,74.3275294018582,"CONSERVER"
"CABINET D'ORTHOPHONIE LES PETITS ANGES DE DIEU","Cabinet","ABIDJAN",2,2,1,533760,386130,147630,266880,533760,0.382332375106829,2,0,35500,1.25,0,6.23157959110716,0.163180610889774,0,"Coût Élevé",6.23157959110716,0.163180610889774,1,1,1,0,1,0.0815903054448871,0.333333333333333,0,0.424477091633466,42.4477091633466,0.643440391943386,0,0.575522908366534,0.358897241735291,35.8897241735291,"SURVEILLER (FAIBLE VOLUME)"
"CABINET DE CARDIOLOGIE EDLONA","Cabinet","ABIDJAN",119,72,34,9783045,8764295,1018750,135875.625,287736.617647059,0.116238670651775,2.11764705882353,0.0420168067226891,35500,1.25,0,3.11456745768926,0.171726669301313,0,"Coût Élevé",3.11456745768926,0.171726669301313,1,1,1,0,1,0.0858633346506564,0.333333333333333,0,0.425759000395197,42.5759000395197,0.977136635819271,0,0.574240999604803,0.425123727005775,42.5123727005775,"RENÉGOCIER"
"CABINET DE CARDIOLOGIE SAINTE EUNICE","Cabinet","HORS-ABIDJAN",98,81,29,5828525,4873875,954650,71957.0987654321,200983.620689655,0.195870841989177,2.79310344827586,0.0918367346938776,35500,1.25,0,1.62625407322973,0.22307987492084,0,"Coût Élevé",1.62625407322973,0.22307987492084,1,1,1,0,0.813127036614863,0.11153993746042,0.333333333333333,0,0.377400092222585,37.7400092222585,0.950462710941753,0.186872963385137,0.622599907777415,0.513881690653372,51.3881690653372,"RENÉGOCIER"
"CABINET DE KINESITHERAPIE EMMANUEL","Cabinet","ABIDJAN",1,1,1,3e+05,2e+05,1e+05,3e+05,3e+05,0.5,1,0,35500,1.25,0,7.00492310151434,0.0815903054448871,0,"Coût Élevé",7.00492310151434,0.0815903054448871,1,1,1,0,1,0.0407951527224436,0.333333333333333,0,0.412238545816733,41.2238545816733,0.547087642896026,0,0.587761454183267,0.344522110252512,34.4522110252512,"SURVEILLER (FAIBLE VOLUME)"
"CABINET DE L'EBRIEN","Cabinet","ABIDJAN",7,6,3,859800,634800,225000,143300,286600,0.354442344045369,2,0,35500,1.25,0,3.34601826815668,0.163180610889774,0,"Coût Élevé",3.34601826815668,0.163180610889774,1,1,1,0,1,0.0815903054448871,0.333333333333333,0,0.424477091633466,42.4477091633466,0.731627653783342,0,0.575522908366534,0.376534694103282,37.6534694103282,"SURVEILLER (FAIBLE VOLUME)"
"CABINET DENTAIRE ACTION DIVINE","Cabinet","ABIDJAN",2,2,2,30000,30000,0,15000,15000,0,1,0,35500,1.25,0,0.350246155075717,0.0815903054448871,0,"Économique",0.350246155075717,0.0815903054448871,1,1,1,0,0.175123077537859,0.0407951527224436,0.333333333333333,0,0.164775469078091,16.4775469078091,0.214480130647795,0.824876922462141,0.835224530921909,0.706936607483179,70.6936607483179,"SURVEILLER (FAIBLE VOLUME)"
"CABINET DENTAIRE AKA-KOFFI","Cabinet","ABIDJAN",3,3,2,68400,68400,0,22800,34200,0,1.5,0,35500,1.25,0,0.53237415571509,0.122385458167331,0,"Économique",0.53237415571509,0.122385458167331,1,1,1,0,0.266187077857545,0.0611927290836653,0.333333333333333,0,0.198213942082363,19.8213942082363,0.328796951551443,0.733812922142455,0.801786057917637,0.679998982334325,67.9998982334325,"SURVEILLER (FAIBLE VOLUME)"
"CABINET DENTAIRE AOLIA","Cabinet","HORS-ABIDJAN",4,4,4,83200,83200,0,20800,20800,0,1,0,35500,1.25,0,0.485674668371661,0.0815903054448871,0,"Économique",0.485674668371661,0.0815903054448871,1,1,1,0,0.242837334185831,0.0407951527224436,0.333333333333333,0,0.185089746072482,18.5089746072482,0.351660315732172,0.75716266581417,0.814910253927518,0.699161231043109,69.9161231043109,"SURVEILLER (FAIBLE VOLUME)"
"CABINET DENTAIRE AVENUE 21","Cabinet","ABIDJAN",23,18,15,860000,710000,150000,47777.7777777778,57333.3333333333,0.211267605633803,1.2,0,35500,1.25,0,1.11559886431525,0.0979083665338645,0,"Standard",1.11559886431525,0.0979083665338645,1,1,1,0,0.557799432157624,0.0489541832669323,0.333333333333333,0,0.282026084627367,28.2026084627367,0.732172019597169,0.442200567842376,0.717973915372633,0.610504197205438,61.0504197205438,"SURVEILLER (FAIBLE VOLUME)"
"CABINET DENTAIRE AZUR","Cabinet","ABIDJAN",11,3,2,124000,124000,0,41333.3333333333,62000,0,1.5,0,35500,1.25,0,0.965122738430865,0.122385458167331,0,"Standard",0.965122738430865,0.122385458167331,1,1,1,0,0.482561369215433,0.0611927290836653,0.333333333333333,0,0.263126229489729,26.3126229489729,0.40446379967338,0.517438630784567,0.736873770510271,0.582617720452611,58.2617720452611,"SURVEILLER (FAIBLE VOLUME)"
"CABINET DENTAIRE B. CONCEPTS","Cabinet","ABIDJAN",2,2,2,30000,30000,0,15000,15000,0,1,0,35500,1.25,0,0.350246155075717,0.0815903054448871,0,"Économique",0.350246155075717,0.0815903054448871,1,1,1,0,0.175123077537859,0.0407951527224436,0.333333333333333,0,0.164775469078091,16.4775469078091,0.214480130647795,0.824876922462141,0.835224530921909,0.706936607483179,70.6936607483179,"SURVEILLER (FAIBLE VOLUME)"
"CABINET DENTAIRE BASE NAVALE LOCODJORO","Cabinet","ABIDJAN",3,2,1,91200,91200,0,45600,91200,0,2,0,35500,1.25,0,1.06474831143018,0.163180610889774,0,"Standard",1.06474831143018,0.163180610889774,1,1,1,0,0.53237415571509,0.0815903054448871,0.333333333333333,0,0.284189338347993,28.4189338347993,0.363636363636364,0.46762584428491,0.715810661652007,0.546101875102039,54.6101875102039,"SURVEILLER (FAIBLE VOLUME)"
"CABINET DENTAIRE BEAU SOURIRE","Cabinet","HORS-ABIDJAN",1,1,1,15000,15000,0,15000,15000,0,1,0,35500,1.25,0,0.350246155075717,0.0815903054448871,0,"Économique",0.350246155075717,0.0815903054448871,1,1,1,0,0.175123077537859,0.0407951527224436,0.333333333333333,0,0.164775469078091,16.4775469078091,0.119760479041916,0.824876922462141,0.835224530921909,0.687992677162004,68.7992677162003,"SURVEILLER (FAIBLE VOLUME)"
"CABINET DENTAIRE BEL AIR","Cabinet","ABIDJAN",11,10,7,357100,324600,32500,35710,51014.2857142857,0.100123228589033,1.42857142857143,0,35500,1.25,0,0.833819346516924,0.116557579206982,0,"Économique",0.833819346516924,0.116557579206982,1,1,1,0,0.416909673258462,0.0582787896034908,0.333333333333333,0,0.242556538858586,24.2556538858586,0.575394665215024,0.583090326741538,0.757443461141414,0.651292448196186,65.1292448196186,"SURVEILLER (FAIBLE VOLUME)"
"CABINET DENTAIRE BLESSING FIELD","Cabinet","ABIDJAN",26,21,21,3726833.33333333,2335000,1391833.33333333,177468.253968254,177468.253968254,0.596074232690934,1,0,35500,1.25,0,4.14383824002545,0.0815903054448871,0,"Coût Élevé",4.14383824002545,0.0815903054448871,1,1,1,0,1,0.0407951527224436,0.333333333333333,0,0.412238545816733,41.2238545816733,0.917256396298312,0,0.587761454183267,0.418555860932969,41.8555860932969,"RENÉGOCIER"
"CABINET DENTAIRE CHARDY","Cabinet","ABIDJAN",65,51,26,5145311.11111111,3729200,1416111.11111111,100888.453159041,197896.581196581,0.379735898077634,1.96153846153846,0.307692307692308,35500,1.25,0,2.08164468865585,0.15628372293164,0,"Coût Élevé",2.08164468865585,0.15628372293164,1,1,1,0,1,0.0781418614658201,0.333333333333333,0,0.423442558439746,42.3442558439746,0.941208492106696,0,0.576557441560254,0.418864675045441,41.8864675045441,"RENÉGOCIER"
"CABINET DENTAIRE CHOUMALI","Cabinet","ABIDJAN",1,1,1,17000,17000,0,17000,17000,0,1,0,35500,1.25,0,0.396945642419146,0.0815903054448871,0,"Économique",0.396945642419146,0.0815903054448871,1,1,1,0,0.198472821209573,0.0407951527224436,0.333333333333333,0,0.171780392179605,17.1780392179605,0.143168209036473,0.801527178790427,0.828219607820395,0.680532356451623,68.0532356451623,"SURVEILLER (FAIBLE VOLUME)"
"CABINET DENTAIRE CHRIST ROI","Hopital","HORS-ABIDJAN",2,2,2,47000,47000,0,23500,23500,0,1,0,15500,1,0,0.54871897628529,0.0815903054448871,0,"Économique",0.54871897628529,0.0815903054448871,1,1,1,0,0.274359488142645,0.0407951527224436,0.333333333333333,0,0.194546392259527,19.4546392259527,0.278170930865542,0.725640511857355,0.805453607740473,0.66807183401224,66.807183401224,"SURVEILLER (FAIBLE VOLUME)"
"CABINET DENTAIRE CISSE ALPHA","Cabinet","ABIDJAN",13,11,9,512800,512800,0,46618.1818181818,56977.7777777778,0,1.22222222222222,0.0769230769230769,35500,1.25,0,1.0459566328082,0.0974641806592135,0,"Standard",1.0459566328082,0.0974641806592135,1,1,1,0,0.522978316404101,0.0487320903296067,0.333333333333333,0,0.271513122020112,27.1513122020112,0.63745236799129,0.477021683595899,0.728486877979888,0.609693898228573,60.9693898228573,"SURVEILLER (FAIBLE VOLUME)"
"CABINET DENTAIRE DE KOUMASSI","Cabinet","ABIDJAN",11,10,6,243600,243600,0,24360,40600,0,1.66666666666667,0,35500,1.25,0,0.568799755842965,0.135983842408145,0,"Économique",0.568799755842965,0.135983842408145,1,1,1,0,0.284399877921482,0.0679919212040726,0.333333333333333,0,0.205717539737666,20.5717539737666,0.508982035928144,0.715600122078518,0.794282460262334,0.705749440121969,70.5749440121969,"SURVEILLER (FAIBLE VOLUME)"
"CABINET DENTAIRE DE LA 9EME TRANCHE","Cabinet","ABIDJAN",43,38,24,1409733.33333333,1226400,183333.333333333,37098.2456140351,58738.8888888889,0.149489019352033,1.58333333333333,0.0232558139534884,35500,1.25,0,0.856148800652069,0.128072325705525,0,"Économique",0.856148800652069,0.128072325705525,1,1,1,0,0.428074400326034,0.0640361628527626,0.333333333333333,0,0.247633168953639,24.7633168953639,0.808927599346761,0.571925599673966,0.752366831046361,0.691502492157483,69.1502492157483,"CONSERVER"
"CABINET DENTAIRE DE LA CLINIQUE AIBEF","Clinique","ABIDJAN",24,20,13,1337066.66666667,1224800,112266.666666667,66853.3333333333,102851.282051282,0.0916612236011322,1.53846153846154,0,42616.7291666667,1.45454545454545,0.0745173990347981,1.56100819693302,0.125523546838288,1.23006472029879,"Coût Élevé",1.56100819693302,0.125523546838288,1,0,0,0,0.780504098466509,0.0627617734191439,0.333333333333333,0.615032360149395,0.414482997580635,41.4482997580635,0.800217746325531,0.219495901533491,0.585517002419365,0.482048710846248,48.2048710846248,"SURVEILLER"
"CABINET DENTAIRE DE LA ZONE 4","Cabinet","ABIDJAN",18,14,9,679200,661200,18000,48514.2857142857,75466.6666666667,0.0272232304900181,1.55555555555556,0.111111111111111,35500,1.25,0,1.06470763098711,0.121299573652438,0,"Standard",1.06470763098711,0.121299573652438,1,1,1,0,0.532353815493553,0.0606497868262188,0.333333333333333,0,0.277901080695931,27.7901080695931,0.685356559608057,0.467646184506447,0.722098919304069,0.612969353445818,61.2969353445818,"SURVEILLER (FAIBLE VOLUME)"
"CABINET DENTAIRE DES CITES","Cabinet","ABIDJAN",47,45,22,1454542.85714286,1253000,201542.857142857,32323.1746031746,66115.5844155844,0.160848249914491,2.04545454545455,0,35500,1.25,0,0.754737841640198,0.166889261137269,0,"Économique",0.754737841640198,0.166889261137269,1,1,1,0,0.377368920820099,0.0834446305686346,0.333333333333333,0,0.23824406541662,23.824406541662,0.813282525857376,0.622631079179901,0.76175593458338,0.716411310676788,71.6411310676788,"CONSERVER"
"CABINET DENTAIRE DES II PLATEAUX","Cabinet","ABIDJAN",26,20,11,1094013.33333333,1019000,75013.3333333333,54700.6666666667,99455.7575757576,0.0736146548904154,1.81818181818182,0.0384615384615385,35500,1.25,0,1.24928425493614,0.145587223606227,0,"Standard",1.24928425493614,0.145587223606227,1,1,1,0,0.624642127468068,0.0727936118031135,0.333333333333333,0,0.309230721781355,30.9230721781355,0.772999455634186,0.375357872531932,0.690769278218645,0.581050751427068,58.1050751427068,"SURVEILLER"
"CABINET DENTAIRE DR CHOUMALI EKRA","Cabinet","ABIDJAN",1,1,1,15000,15000,0,15000,15000,0,1,0,35500,1.25,0,0.350246155075717,0.0815903054448871,0,"Économique",0.350246155075717,0.0815903054448871,1,1,1,0,0.175123077537859,0.0407951527224436,0.333333333333333,0,0.164775469078091,16.4775469078091,0.119760479041916,0.824876922462141,0.835224530921909,0.687992677162004,68.7992677162003,"SURVEILLER (FAIBLE VOLUME)"
"CABINET DENTAIRE DU CARMEL","Cabinet","ABIDJAN",6,5,2,837000,492000,345000,167400,418500,0.701219512195122,2.5,0,35500,1.25,0,3.908747090645,0.203975763612218,0,"Coût Élevé",3.908747090645,0.203975763612218,1,1,1,0,1,0.101987881806109,0.333333333333333,0,0.430596364541833,43.0596364541833,0.724006532389766,0,0.569403635458167,0.37256276066122,37.256276066122,"SURVEILLER (FAIBLE VOLUME)"
"CABINET DENTAIRE DU DOKUI","Cabinet","ABIDJAN",16,13,9,2154111.11111111,1403000,751111.111111111,165700.854700855,239345.679012346,0.53536073493308,1.44444444444444,0,35500,1.25,0,3.86907248344896,0.117852663420393,0,"Coût Élevé",3.86907248344896,0.117852663420393,1,1,1,0,1,0.0589263317101963,0.333333333333333,0,0.417677899513059,41.7677899513059,0.864452912357104,0,0.582322100486941,0.405819422666197,40.5819422666197,"SURVEILLER (FAIBLE VOLUME)"
"CABINET DENTAIRE DU PLATEAU","Cabinet","ABIDJAN",29,26,15,2422333.33333333,1864000,558333.333333333,93166.6666666667,161488.888888889,0.299535050071531,1.73333333333333,0,35500,1.25,0,2.17541778541473,0.141423196104471,0,"Coût Élevé",2.17541778541473,0.141423196104471,1,1,1,0,1,0.0707115980522355,0.333333333333333,0,0.421213479415671,42.1213479415671,0.876428960261296,0,0.57878652058433,0.406800400285991,40.6800400285991,"SURVEILLER"
"CABINET DENTAIRE DU ROND POINT DU CHU","Hopital","ABIDJAN",40,35,19,2089393.33333333,1834000,255393.333333333,59696.9523809524,109968.070175439,0.139254816430389,1.84210526315789,0.025,15500,1,0,1.37630547226815,0.148666952274425,0,"Coût Élevé",1.37630547226815,0.148666952274425,1,1,1,0,0.688152736134077,0.0743334761372125,0.333333333333333,0,0.328745863681387,32.8745863681387,0.860097985846489,0.311847263865923,0.671254136318613,0.565260157243112,56.5260157243112,"SURVEILLER"
"CABINET DENTAIRE DU SOURIRE","Cabinet","ABIDJAN",23,15,12,499600,499600,0,33306.6666666667,41633.3333333333,0,1.25,0,35500,1.25,0,0.777702129225904,0.101987881806109,0,"Économique",0.777702129225904,0.101987881806109,1,1,1,0,0.388851064612952,0.0509939409030545,0.333333333333333,0,0.231953501654802,23.1953501654802,0.634186173108329,0.611148935387048,0.768046498345198,0.678515408114564,67.8515408114564,"SURVEILLER (FAIBLE VOLUME)"
"CABINET DENTAIRE EKONDE","Cabinet","ABIDJAN",4,4,3,701800,426800,275000,175450,233933.333333333,0.644329896907217,1.33333333333333,0,35500,1.25,0,4.0967125272023,0.108787073926516,0,"Coût Élevé",4.0967125272023,0.108787073926516,1,1,1,0,1,0.0543935369632581,0.333333333333333,0,0.416318061088977,41.6318061088977,0.690800217746325,0,0.583681938911023,0.371632819113674,37.1632819113674,"SURVEILLER (FAIBLE VOLUME)"
"CABINET DENTAIRE EL RADI","Cabinet","ABIDJAN",14,14,12,356200,340200,16000,25442.8571428571,29683.3333333333,0.0470311581422693,1.16666666666667,0,35500,1.25,0,0.594084192561764,0.0951886896857016,0,"Économique",0.594084192561764,0.0951886896857016,1,1,1,0,0.297042096280882,0.0475943448428508,0.333333333333333,0,0.20339093233712,20.339093233712,0.574305933587371,0.702957903719118,0.79660906766288,0.714687975270273,71.4687975270273,"SURVEILLER (FAIBLE VOLUME)"
"CABINET DENTAIRE EMES","Cabinet","ABIDJAN",1,1,1,15000,15000,0,15000,15000,0,1,0,35500,1.25,0,0.350246155075717,0.0815903054448871,0,"Économique",0.350246155075717,0.0815903054448871,1,1,1,0,0.175123077537859,0.0407951527224436,0.333333333333333,0,0.164775469078091,16.4775469078091,0.119760479041916,0.824876922462141,0.835224530921909,0.687992677162004,68.7992677162003,"SURVEILLER (FAIBLE VOLUME)"
"CABINET DENTAIRE EMMANUEL SARL","Cabinet","ABIDJAN",35,27,20,3474400,2334400,1140000,128681.481481481,173720,0.488348183687457,1.35,0.0285714285714286,35500,1.25,0,2.95567528121338,0.109010785162514,0,"Coût Élevé",2.95567528121338,0.109010785162514,1,1,1,0,1,0.0545053925812572,0.333333333333333,0,0.416351617774377,41.6351617774377,0.911268372346217,0,0.583648382225623,0.415713027359493,41.5713027359493,"RENÉGOCIER"
"CABINET DENTAIRE EMPT","Cabinet","ABIDJAN",5,3,2,191600,191600,0,63866.6666666667,95800,0,1.5,0,35500,1.25,0,1.4912702958335,0.122385458167331,0,"Coût Élevé",1.4912702958335,0.122385458167331,1,1,1,0,0.745635147916749,0.0611927290836653,0.333333333333333,0,0.342048363100124,34.2048363100124,0.465432770821992,0.254364852083251,0.657951636899876,0.458013149757649,45.8013149757649,"SURVEILLER (FAIBLE VOLUME)"
"CABINET DENTAIRE FATIMA","Cabinet","ABIDJAN",3,3,1,89600,89600,0,29866.6666666667,89600,0,3,0,35500,1.25,0,0.697379010995206,0.244770916334661,0,"Économique",0.697379010995206,0.244770916334661,1,1,1,0,0.348689505497603,0.122385458167331,0.333333333333333,0,0.24132248909948,24.132248909948,0.358737071311922,0.651310494502397,0.75867751090052,0.635742616423551,63.5742616423551,"SURVEILLER (FAIBLE VOLUME)"
"CABINET DENTAIRE FAYA CARREFOUR","Cabinet","ABIDJAN",13,12,9,1705733.33333333,1023000,682733.333333333,142144.444444444,189525.925925926,0.667383512544803,1.33333333333333,0,35500,1.25,0,3.31903634213604,0.108787073926516,0,"Coût Élevé",3.31903634213604,0.108787073926516,1,1,1,0,1,0.0543935369632581,0.333333333333333,0,0.416318061088977,41.6318061088977,0.835057158410452,0,0.583681938911023,0.400484207246499,40.0484207246499,"SURVEILLER (FAIBLE VOLUME)"
"CABINET DENTAIRE FRANCHET D'ESPEREY","Cabinet","ABIDJAN",3,2,2,103000,103000,0,51500,51500,0,1,0,35500,1.25,0,1.2025117990933,0.0815903054448871,0,"Standard",1.2025117990933,0.0815903054448871,1,1,1,0,0.601255899546648,0.0407951527224436,0.333333333333333,0,0.292615315680727,29.2615315680727,0.378878606423517,0.398744100453352,0.707384684319273,0.518227235193753,51.8227235193753,"SURVEILLER (FAIBLE VOLUME)"
"CABINET DENTAIRE HORIZON","Cabinet","ABIDJAN",9,8,3,206200,206200,0,25775,68733.3333333333,0,2.66666666666667,0,35500,1.25,0,0.601839643138441,0.217574147853032,0,"Économique",0.601839643138441,0.217574147853032,1,1,1,0,0.30091982156922,0.108787073926516,0.333333333333333,0,0.222912068648721,22.2912068648721,0.480675013609145,0.69908017843078,0.777087931351279,0.686602246634653,68.6602246634653,"SURVEILLER (FAIBLE VOLUME)"
"CABINET DENTAIRE ISA","Cabinet","ABIDJAN",10,6,5,220400,220400,0,36733.3333333333,44080,0,1.2,0,35500,1.25,0,0.857713917540978,0.0979083665338645,0,"Économique",0.857713917540978,0.0979083665338645,1,1,1,0,0.428856958770489,0.0489541832669323,0.333333333333333,0,0.243343342611226,24.3343342611226,0.491562329885683,0.571143041229511,0.756656657388774,0.62943234542445,62.943234542445,"SURVEILLER (FAIBLE VOLUME)"
"CABINET DENTAIRE IVOIRE","Cabinet","HORS-ABIDJAN",5,5,4,79200,79200,0,15840,19800,0,1.25,0,35500,1.25,0,0.369859939759957,0.101987881806109,0,"Économique",0.369859939759957,0.101987881806109,1,1,1,0,0.184929969879979,0.0509939409030545,0.333333333333333,0,0.17077717323491,17.077717323491,0.344039194338596,0.815070030120021,0.82922282676509,0.726524981621764,72.6524981621764,"SURVEILLER (FAIBLE VOLUME)"
"CABINET DENTAIRE L'EMMANUEL","Cabinet","ABIDJAN",21,12,7,407400,407400,0,33950,58200,0,1.71428571428571,0.142857142857143,35500,1.25,0,0.764215197370982,0.135824567737584,0,"Économique",0.764215197370982,0.135824567737584,1,1,1,0,0.382107598685491,0.067912283868792,0.333333333333333,0,0.235005964766285,23.5005964766285,0.600979858464888,0.617892401314509,0.764994035233715,0.673350546312267,67.3350546312267,"SURVEILLER (FAIBLE VOLUME)"
"CABINET DENTAIRE LA BERACA","Cabinet","ABIDJAN",8,3,3,131200,131200,0,43733.3333333333,43733.3333333333,0,1,0,35500,1.25,0,1.02116212324298,0.0815903054448871,0,"Standard",1.02116212324298,0.0815903054448871,1,1,1,0,0.51058106162149,0.0407951527224436,0.333333333333333,0,0.26541286430318,26.541286430318,0.413718018508438,0.48941893837851,0.73458713569682,0.57234603333182,57.234603333182,"SURVEILLER (FAIBLE VOLUME)"
"CABINET DENTAIRE LA NOUVELLE PERGOLA","Cabinet","ABIDJAN",12,11,6,1067600,759800,307800,97054.5454545455,177933.333333333,0.405106607001843,1.83333333333333,0,35500,1.25,0,2.2661987585384,0.14958222664896,0,"Coût Élevé",2.2661987585384,0.14958222664896,1,1,1,0,1,0.0747911133244799,0.333333333333333,0,0.422437333997344,42.2437333997344,0.768644529123571,0,0.577562666002656,0.384753972225777,38.4753972225777,"SURVEILLER (FAIBLE VOLUME)"
"CABINET DENTAIRE LAS PALMAS","Cabinet","ABIDJAN",4,4,4,578333.333333333,395000,183333.333333333,144583.333333333,144583.333333333,0.464135021097046,1,0,35500,1.25,0,3.37598377253538,0.0815903054448871,0,"Coût Élevé",3.37598377253538,0.0815903054448871,1,1,1,0,1,0.0407951527224436,0.333333333333333,0,0.412238545816733,41.2238545816733,0.655960805661404,0,0.587761454183267,0.366296742805588,36.6296742805588,"SURVEILLER (FAIBLE VOLUME)"
"CABINET DENTAIRE LATRILLE","Cabinet","ABIDJAN",43,39,16,4711466.66666667,3284800,1426666.66666667,120806.837606838,294466.666666667,0.434323753856145,2.4375,0,35500,1.25,0,2.82080869191009,0.198876369521912,0,"Coût Élevé",2.82080869191009,0.198876369521912,1,1,1,0,1,0.0994381847609562,0.333333333333333,0,0.429831455428287,42.9831455428287,0.931409907457812,0,0.570168544571713,0.414349399320248,41.4349399320248,"RENÉGOCIER"
"CABINET DENTAIRE LE GRAND CENTRE","Cabinet","ABIDJAN",22,15,13,436800,436800,0,29120,33600,0,1.15384615384615,0.0909090909090909,35500,1.25,0,0.660240623938724,0.0926569902526704,0,"Économique",0.660240623938724,0.0926569902526704,1,1,1,0,0.330120311969362,0.0463284951263352,0.333333333333333,0,0.212934642128709,21.2934642128709,0.611322808927599,0.669879688030638,0.787065357871291,0.705042580146291,70.5042580146291,"SURVEILLER (FAIBLE VOLUME)"
"CABINET DENTAIRE LES BLEUETS","Cabinet","ABIDJAN",29,24,15,1329733.33333333,1096400,233333.333333333,55405.5555555555,88648.8888888889,0.212817706433175,1.6,0,35500,1.25,0,1.29370552021116,0.130544488711819,0,"Coût Élevé",1.29370552021116,0.130544488711819,1,1,1,0,0.646852760105579,0.0652722443559097,0.333333333333333,0,0.313637501338447,31.3637501338447,0.799129014697877,0.353147239894421,0.686362498661553,0.575629698361965,57.5629698361965,"SURVEILLER"
"CABINET DENTAIRE LES LILAS","Cabinet","ABIDJAN",23,18,13,4375088.88888889,2770200,1604888.88888889,243060.49382716,336545.299145299,0.57934044072229,1.38461538461538,0,35500,1.25,0,5.67540022758453,0.112971192154459,0,"Coût Élevé",5.67540022758453,0.112971192154459,1,1,1,0,1,0.0564855960772295,0.333333333333333,0,0.416945678823169,41.6945678823169,0.927054980947197,0,0.583054321176831,0.418632724660172,41.8632724660172,"SURVEILLER (FAIBLE VOLUME)"
"CABINET DENTAIRE LIBERTE","Cabinet","ABIDJAN",29,14,5,863500,838500,25000,61678.5714285714,172700,0.0298151460942159,2.8,0,35500,1.25,0,1.44017883289468,0.228452855245684,0,"Coût Élevé",1.44017883289468,0.228452855245684,1,1,1,0,0.720089416447338,0.114226427622842,0.333333333333333,0,0.350294753221054,35.0294753221054,0.732716385410996,0.279910583552662,0.649705246778946,0.518389609214843,51.8389609214843,"SURVEILLER (FAIBLE VOLUME)"
"CABINET DENTAIRE LORKA","Cabinet","ABIDJAN",1,1,1,15000,15000,0,15000,15000,0,1,0,35500,1.25,0,0.350246155075717,0.0815903054448871,0,"Économique",0.350246155075717,0.0815903054448871,1,1,1,0,0.175123077537859,0.0407951527224436,0.333333333333333,0,0.164775469078091,16.4775469078091,0.119760479041916,0.824876922462141,0.835224530921909,0.687992677162004,68.7992677162003,"SURVEILLER (FAIBLE VOLUME)"
"CABINET DENTAIRE LUMIERE","Cabinet","ABIDJAN",32,25,18,703400,703400,0,28136,39077.7777777778,0,1.38888888888889,0.03125,35500,1.25,0,0.645411571650809,0.112022627481801,0,"Économique",0.645411571650809,0.112022627481801,1,1,1,0,0.322705785825404,0.0560113137409004,0.333333333333333,0,0.213615129869891,21.3615129869891,0.691344583560152,0.677294214174596,0.786384870130109,0.723740550433912,72.3740550433912,"CONSERVER"
"CABINET DENTAIRE MARIE-VICTOIRE","Cabinet","ABIDJAN",17,15,14,291000,291000,0,19400,20785.7142857143,0,1.07142857142857,0.176470588235294,35500,1.25,0,0.427470564798536,0.08489035483599,0,"Économique",0.427470564798536,0.08489035483599,1,1,1,0,0.213735282399268,0.042445177417995,0.333333333333333,0,0.176854137945179,17.6854137945179,0.53946652150245,0.786264717600732,0.823145862054821,0.751657536162711,75.1657536162711,"SURVEILLER (FAIBLE VOLUME)"
"CABINET DENTAIRE MODERN ORTHO","Cabinet","ABIDJAN",4,3,3,210000,180000,30000,70000,70000,0.166666666666667,1,0,35500,1.25,0,1.63448205702001,0.0815903054448871,0,"Coût Élevé",1.63448205702001,0.0815903054448871,1,1,1,0,0.817241028510007,0.0407951527224436,0.333333333333333,0,0.357410854369735,35.7410854369735,0.483941208492107,0.182758971489993,0.642589145630265,0.426927488546525,42.6927488546525,"SURVEILLER (FAIBLE VOLUME)"
"CABINET DENTAIRE MODERN'ORTHO","Cabinet","ABIDJAN",4,4,4,1250200,950200,3e+05,312550,312550,0.315723005683014,1,0,35500,1.25,0,7.29796238459436,0.0815903054448871,0,"Coût Élevé",7.29796238459436,0.0815903054448871,1,1,1,0,1,0.0407951527224436,0.333333333333333,0,0.412238545816733,41.2238545816733,0.787697332607512,0,0.587761454183267,0.392644048194809,39.2644048194809,"SURVEILLER (FAIBLE VOLUME)"
"CABINET DENTAIRE ORIO","Cabinet","ABIDJAN",1,1,1,15000,15000,0,15000,15000,0,1,0,35500,1.25,0,0.350246155075717,0.0815903054448871,0,"Économique",0.350246155075717,0.0815903054448871,1,1,1,0,0.175123077537859,0.0407951527224436,0.333333333333333,0,0.164775469078091,16.4775469078091,0.119760479041916,0.824876922462141,0.835224530921909,0.687992677162004,68.7992677162003,"SURVEILLER (FAIBLE VOLUME)"
"CABINET DENTAIRE PHINA","Cabinet","ABIDJAN",10,6,3,255200,255200,0,42533.3333333333,85066.6666666667,0,2,0,35500,1.25,0,0.993142430836922,0.163180610889774,0,"Standard",0.993142430836922,0.163180610889774,1,1,1,0,0.496571215418461,0.0815903054448871,0.333333333333333,0,0.273448456259004,27.3448456259004,0.51660315732172,0.503428784581539,0.726551543740996,0.595312762793358,59.5312762793358,"SURVEILLER (FAIBLE VOLUME)"
"CABINET DENTAIRE PRESTIGE","Cabinet","ABIDJAN",21,6,4,447200,438000,9200,74533.3333333333,111800,0.0210045662100457,1.5,0,35500,1.25,0,1.74033422833179,0.122385458167331,0,"Coût Élevé",1.74033422833179,0.122385458167331,1,1,1,0,0.870167114165893,0.0611927290836653,0.333333333333333,0,0.379407952974867,37.9407952974867,0.615677735438214,0.129832885834107,0.620592047025132,0.423305520231339,42.3305520231339,"SURVEILLER (FAIBLE VOLUME)"
"CABINET DENTAIRE PUBLIC","Cabinet","ABIDJAN",1,1,1,5000,5000,0,5000,5000,0,1,0,35500,1.25,0,0.116748718358572,0.0815903054448871,0,"Économique",0.116748718358572,0.0815903054448871,1,1,1,0,0.0583743591792862,0.0407951527224436,0.333333333333333,0,0.129750853570519,12.9750853570519,0.0255851932498639,0.941625640820714,0.870249146429481,0.729866953550051,72.9866953550051,"SURVEILLER (FAIBLE VOLUME)"
"CABINET DENTAIRE RUE LUMIERE","Cabinet","ABIDJAN",20,17,11,2475166.66666667,1701600,773566.666666666,145598.039215686,225015.151515151,0.454611346183983,1.54545454545455,0,35500,1.25,0,3.39967689479051,0.126094108414826,0,"Coût Élevé",3.39967689479051,0.126094108414826,1,1,1,0,1,0.0630470542074128,0.333333333333333,0,0.418914116262224,41.8914116262224,0.880239520958084,0,0.581085883737776,0.408482257686727,40.8482257686727,"SURVEILLER (FAIBLE VOLUME)"
"CABINET DENTAIRE SAHYOUN GEORGES","Cabinet","ABIDJAN",36,28,22,1849533.33333333,1486200,363333.333333333,66054.7619047619,84069.696969697,0.244471358722469,1.27272727272727,0,35500,1.25,0,1.54236175877232,0.103842206929856,0,"Coût Élevé",1.54236175877232,0.103842206929856,1,1,1,0,0.77118087938616,0.0519211034649282,0.333333333333333,0,0.346930594855327,34.6930594855327,0.843767011431682,0.22881912061384,0.653069405144673,0.521508812589742,52.1508812589742,"SURVEILLER"
"CABINET DENTAIRE SAINT JEAN BOSCO","Cabinet","ABIDJAN",4,4,4,131200,131200,0,32800,32800,0,1,0,35500,1.25,0,0.765871592432235,0.0815903054448871,0,"Économique",0.765871592432235,0.0815903054448871,1,1,1,0,0.382935796216117,0.0407951527224436,0.333333333333333,0,0.227119284681568,22.7119284681568,0.413718018508438,0.617064203783882,0.772880715318432,0.638721571342613,63.8721571342613,"SURVEILLER (FAIBLE VOLUME)"
"CABINET DENTAIRE SAINT JEAN DE COCODY","Cabinet","ABIDJAN",3,3,3,49200,49200,0,16400,16400,0,1,0,35500,1.25,0,0.382935796216117,0.0815903054448871,0,"Économique",0.382935796216117,0.0815903054448871,1,1,1,0,0.191467898108059,0.0407951527224436,0.333333333333333,0,0.169678915249151,16.9678915249151,0.28198149156233,0.808532101891941,0.830321084750849,0.711937572969582,71.1937572969582,"SURVEILLER (FAIBLE VOLUME)"
"CABINET DENTAIRE SAINT MICHEL","Cabinet","ABIDJAN",8,3,1,759000,512000,247000,253000,759000,0.482421875,3,0,35500,1.25,0,5.90748514894376,0.244770916334661,0,"Coût Élevé",5.90748514894376,0.244770916334661,1,1,1,0,1,0.122385458167331,0.333333333333333,0,0.436715637450199,43.6715637450199,0.707675557974959,0,0.563284362549801,0.366848856614912,36.6848856614912,"SURVEILLER (FAIBLE VOLUME)"
"CABINET DENTAIRE SAINT PAUL","Cabinet","ABIDJAN",9,6,4,160000,160000,0,26666.6666666667,40000,0,1.5,0,35500,1.25,0,0.62265983124572,0.122385458167331,0,"Économique",0.62265983124572,0.122385458167331,1,1,1,0,0.31132991562286,0.0611927290836653,0.333333333333333,0,0.211756793411958,21.1756793411958,0.442025040827436,0.68867008437714,0.788243206588042,0.67917032455156,67.917032455156,"SURVEILLER (FAIBLE VOLUME)"
"CABINET DENTAIRE SAINT RAPHAEL","Cabinet","ABIDJAN",11,7,5,196600,196600,0,28085.7142857143,39320,0,1.4,0,35500,1.25,0,0.655794229408438,0.114226427622842,0,"Économique",0.655794229408438,0.114226427622842,1,1,1,0,0.327897114704219,0.057113213811421,0.333333333333333,0,0.215503098554692,21.5503098554692,0.471420794774088,0.672102885295781,0.784496901445308,0.676924073651253,67.6924073651253,"SURVEILLER (FAIBLE VOLUME)"
"CABINET DENTAIRE SAINTE FAMILLE","Cabinet","ABIDJAN",22,20,13,3601700,2462800,1138900,180085,277053.846153846,0.462441123923989,1.53846153846154,0,35500,1.25,0,4.2049385891207,0.125523546838288,0,"Coût Élevé",4.2049385891207,0.125523546838288,1,1,1,0,1,0.0627617734191439,0.333333333333333,0,0.418828532025743,41.8828532025743,0.913990201415351,0,0.581171467974257,0.415266627472773,41.5266627472773,"RENÉGOCIER"
"CABINET DENTAIRE SAINTE RITA DE CASCIA","Cabinet","ABIDJAN",4,2,2,68000,68000,0,34000,34000,0,1,0,35500,1.25,0,0.793891284838292,0.0815903054448871,0,"Économique",0.793891284838292,0.0815903054448871,1,1,1,0,0.396945642419146,0.0407951527224436,0.333333333333333,0,0.231322238542477,23.1322238542477,0.328252585737616,0.603054357580854,0.768677761457523,0.614343364762874,61.4343364762874,"SURVEILLER (FAIBLE VOLUME)"
"CABINET DENTAIRE SAINTE THERESE","Cabinet","ABIDJAN",7,5,5,225200,225200,0,45040,45040,0,1,0,35500,1.25,0,1.05167245497402,0.0815903054448871,0,"Standard",1.05167245497402,0.0815903054448871,1,1,1,0,0.52583622748701,0.0407951527224436,0.333333333333333,0,0.269989414062836,26.9989414062836,0.495372890582471,0.47416377251299,0.730010585937164,0.580744321496556,58.0744321496556,"SURVEILLER (FAIBLE VOLUME)"
"CABINET DENTAIRE SAN PEDRO","Cabinet","HORS-ABIDJAN",2,1,1,34200,34200,0,34200,34200,0,1,0,35500,1.25,0,0.798561233572635,0.0815903054448871,0,"Économique",0.798561233572635,0.0815903054448871,1,1,1,0,0.399280616786318,0.0407951527224436,0.333333333333333,0,0.232022730852628,23.2022730852628,0.236799129014698,0.600719383213682,0.767977269147372,0.594838486747361,59.4838486747361,"SURVEILLER (FAIBLE VOLUME)"
"CABINET DENTAIRE SANGARET","Cabinet","ABIDJAN",2,2,2,30000,30000,0,15000,15000,0,1,0,35500,1.25,0,0.350246155075717,0.0815903054448871,0,"Économique",0.350246155075717,0.0815903054448871,1,1,1,0,0.175123077537859,0.0407951527224436,0.333333333333333,0,0.164775469078091,16.4775469078091,0.214480130647795,0.824876922462141,0.835224530921909,0.706936607483179,70.6936607483179,"SURVEILLER (FAIBLE VOLUME)"
"CABINET DENTAIRE SATY","Cabinet","HORS-ABIDJAN",3,3,3,86000,86000,0,28666.6666666667,28666.6666666667,0,1,0,35500,1.25,0,0.669359318589148,0.0815903054448871,0,"Économique",0.669359318589148,0.0815903054448871,1,1,1,0,0.334679659294574,0.0407951527224436,0.333333333333333,0,0.212642443605105,21.2642443605105,0.354926510615133,0.665320340705426,0.787357556394895,0.652056460963155,65.2056460963155,"SURVEILLER (FAIBLE VOLUME)"
"CABINET DENTAIRE SEZANG","Cabinet","ABIDJAN",61,57,24,9755222.22222222,7183000,2572222.22222222,171144.249512671,406467.592592593,0.358098596995994,2.375,0,35500,1.25,0,3.9961743570088,0.193776975431607,0,"Coût Élevé",3.9961743570088,0.193776975431607,1,1,1,0,1,0.0968884877158035,0.333333333333333,0,0.429066546314741,42.9066546314741,0.976592270005444,0,0.570933453685259,0.423691835475192,42.3691835475192,"RENÉGOCIER"
"CABINET DENTAIRE SIE","Cabinet","ABIDJAN",2,2,2,30000,30000,0,15000,15000,0,1,0,35500,1.25,0,0.350246155075717,0.0815903054448871,0,"Économique",0.350246155075717,0.0815903054448871,1,1,1,0,0.175123077537859,0.0407951527224436,0.333333333333333,0,0.164775469078091,16.4775469078091,0.214480130647795,0.824876922462141,0.835224530921909,0.706936607483179,70.6936607483179,"SURVEILLER (FAIBLE VOLUME)"
"CABINET DENTAIRE SMILE","Cabinet","ABIDJAN",13,8,3,278400,278400,0,34800,92800,0,2.66666666666667,0,35500,1.25,0,0.812571079775664,0.217574147853032,0,"Économique",0.812571079775664,0.217574147853032,1,1,1,0,0.406285539887832,0.108787073926516,0.333333333333333,0,0.254521784144304,25.4521784144304,0.528579205225912,0.593714460112168,0.745478215855696,0.641392911432328,64.1392911432328,"SURVEILLER (FAIBLE VOLUME)"
"CABINET DENTAIRE ST BERNARD-ATTOBAN","Cabinet","ABIDJAN",24,22,18,915400,796200,119200,41609.0909090909,50855.5555555556,0.149711127857322,1.22222222222222,0,35500,1.25,0,0.971561607140338,0.0997214844326398,0,"Standard",0.971561607140338,0.0997214844326398,1,1,1,0,0.485780803570169,0.0498607422163199,0.333333333333333,0,0.260692463735947,26.0692463735947,0.745781164942842,0.514219196429831,0.739307536264053,0.650566926066122,65.0566926066122,"CONSERVER"
"CABINET DENTAIRE SYMPHONIA","Cabinet","ABIDJAN",7,4,3,269200,236000,33200,67300,89733.3333333333,0.140677966101695,1.33333333333333,0,35500,1.25,0,1.57143774910638,0.108787073926516,0,"Coût Élevé",1.57143774910638,0.108787073926516,1,1,1,0,0.785718874553192,0.0543935369632581,0.333333333333333,0,0.352033723454935,35.2033723454935,0.52367991290147,0.214281125446808,0.647966276545065,0.449634943377043,44.9634943377043,"SURVEILLER (FAIBLE VOLUME)"
"CABINET DENTAIRE ZORKOT","Cabinet","ABIDJAN",1,1,1,160000,1e+05,60000,160000,160000,0.6,1,0,35500,1.25,0,3.73595898747432,0.0815903054448871,0,"Coût Élevé",3.73595898747432,0.0815903054448871,1,1,1,0,1,0.0407951527224436,0.333333333333333,0,0.412238545816733,41.2238545816733,0.442025040827436,0,0.587761454183267,0.323509589838794,32.3509589838794,"SURVEILLER (FAIBLE VOLUME)"
"CABINET HORIZON","Cabinet","ABIDJAN",17,16,15,1055200,730200,325000,65950,70346.6666666667,0.445083538756505,1.06666666666667,0,35500,1.25,0,1.53991559514957,0.0870296591412129,0,"Coût Élevé",1.53991559514957,0.0870296591412129,1,1,1,0,0.769957797574785,0.0435148295706065,0.333333333333333,0,0.344041788143617,34.4041788143617,0.763745236799129,0.230042202425215,0.655958211856383,0.507149213072465,50.7149213072465,"SURVEILLER (FAIBLE VOLUME)"
"CABINET ICARE CONSEILS","Cabinet","ABIDJAN",5,5,1,291500,289000,2500,58300,291500,0.00865051903114187,5,0,35500,1.25,0,1.36129005606095,0.407951527224436,0,"Coût Élevé",1.36129005606095,0.407951527224436,1,1,1,0,0.680645028030477,0.203975763612218,0.333333333333333,0,0.365386237492808,36.5386237492808,0.540555253130103,0.319354971969523,0.634613762507192,0.489698544416707,48.9698544416707,"SURVEILLER (FAIBLE VOLUME)"
"CABINET MEDICAL D'OPHTALMOLOGIE","Cabinet","HORS-ABIDJAN",19,16,15,448000,440000,8000,28000,29866.6666666667,0.0181818181818182,1.06666666666667,0,35500,1.25,0,0.653792822808005,0.0870296591412129,0,"Économique",0.653792822808005,0.0870296591412129,1,1,1,0,0.326896411404003,0.0435148295706065,0.333333333333333,0,0.211123372292383,21.1123372292383,0.616222101252041,0.673103588595997,0.788876627707617,0.708036506771854,70.8036506771854,"SURVEILLER (FAIBLE VOLUME)"
"CABINET MEDICAL DE PREVENTION (EX MANGUIER)","Cabinet","ABIDJAN",22,18,10,695675,571425,124250,38648.6111111111,69567.5,0.217438858992869,1.8,0.318181818181818,35500,1.25,0,0.768626990967643,0.140985077074073,0,"Économique",0.768626990967643,0.140985077074073,1,1,1,0,0.384313495483821,0.0704925385370366,0.333333333333333,0,0.236441810206257,23.6441810206257,0.688622754491018,0.615686504516179,0.763558189793743,0.689422428622172,68.9422428622172,"SURVEILLER (FAIBLE VOLUME)"
"CABINET MEDICAL HOURYA (RHUMATOLOGIE)","Cabinet","ABIDJAN",2,2,2,35000,35000,0,17500,17500,0,1,0,35500,1.25,0,0.408620514255003,0.0815903054448871,0,"Économique",0.408620514255003,0.0815903054448871,1,1,1,0,0.204310257127502,0.0407951527224436,0.333333333333333,0,0.173531622954984,17.3531622954984,0.239520958083832,0.795689742872498,0.826468377045016,0.696767439583773,69.6767439583773,"SURVEILLER (FAIBLE VOLUME)"
"CABINET MEDICAL MAGALI","Cabinet","ABIDJAN",3,3,2,86475,70500,15975,28825,43237.5,0.226595744680851,1.5,0,35500,1.25,0,0.67305636133717,0.122385458167331,0,"Économique",0.67305636133717,0.122385458167331,1,1,1,0,0.336528180668585,0.0611927290836653,0.333333333333333,0,0.219316272925675,21.9316272925675,0.35547087642896,0.663471819331415,0.780683727074325,0.648756393848088,64.8756393848088,"SURVEILLER (FAIBLE VOLUME)"
"CABINET MEDICAL SCCAR","Cabinet","ABIDJAN",1,1,1,12000,12000,0,12000,12000,0,1,0,35500,1.25,0,0.280196924060574,0.0815903054448871,0,"Économique",0.280196924060574,0.0815903054448871,1,1,1,0,0.140098462030287,0.0407951527224436,0.333333333333333,0,0.154268084425819,15.4268084425819,0.0936309199782254,0.859901537969713,0.845731915574181,0.700979565413203,70.0979565413203,"SURVEILLER (FAIBLE VOLUME)"
"CABINET MEDICAL YELEN","Cabinet","ABIDJAN",28,27,27,335000,309500,25500,12407.4074074074,12407.4074074074,0.0823909531502423,1,0.107142857142857,35500,1.25,0,0.280411483796651,0.0803496879343239,0,"Économique",0.280411483796651,0.0803496879343239,1,1,1,0,0.140205741898325,0.040174843967162,0.333333333333333,0,0.154114175759646,15.4114175759646,0.566140446379967,0.859794258101675,0.845885824240354,0.795500122212805,79.5500122212805,"PRIVILÉGIER"
"CABINET MEDICO-CHIR STE HENRIETTE","Cabinet","HORS-ABIDJAN",41,38,18,385670,377830,7840,10149.2105263158,21426.1111111111,0.0207500727840563,2.11111111111111,0,35500,1.25,0,0.23698146425974,0.172246200383651,0,"Économique",0.23698146425974,0.172246200383651,1,1,1,0,0.11849073212987,0.0861231001918253,0.333333333333333,0,0.161384149696509,16.1384149696509,0.587915078933043,0.88150926787013,0.838615850303491,0.805633063056057,80.5633063056057,"PRIVILÉGIER"
"CABINET MEDICO-DENTAIRE LES ELIAS DU JARDIN","Cabinet","ABIDJAN",6,4,4,115800,115800,0,28950,28950,0,1,0,35500,1.25,0,0.675975079296134,0.0815903054448871,0,"Économique",0.675975079296134,0.0815903054448871,1,1,1,0,0.337987539648067,0.0407951527224436,0.333333333333333,0,0.213634807711153,21.3634807711153,0.39412084921067,0.662012460351933,0.786365192288847,0.658175230898446,65.8175230898446,"SURVEILLER (FAIBLE VOLUME)"
"CABINET NABIL","Cabinet","ABIDJAN",10,7,5,1034500,822000,212500,147785.714285714,206900,0.258515815085158,1.4,0,35500,1.25,0,3.45075854691266,0.114226427622842,0,"Coût Élevé",3.45075854691266,0.114226427622842,1,1,1,0,1,0.057113213811421,0.333333333333333,0,0.417133964143426,41.7133964143426,0.761023407729995,0,0.582866035856574,0.385351095888628,38.5351095888628,"SURVEILLER (FAIBLE VOLUME)"
"CABINET PENIEL","Cabinet","ABIDJAN",5,4,3,142000,142000,0,35500,47333.3333333333,0,1.33333333333333,0,35500,1.25,0,0.828915900345864,0.108787073926516,0,"Économique",0.828915900345864,0.108787073926516,1,1,1,0,0.414457950172932,0.0543935369632581,0.333333333333333,0,0.240655446140857,24.0655446140857,0.426238432226456,0.585542049827068,0.759344553859143,0.623202327919776,62.3202327919776,"SURVEILLER (FAIBLE VOLUME)"
"CABINET SAINTE RITA DE CASCIA","Cabinet","ABIDJAN",3,3,3,30000,30000,0,10000,10000,0,1,0,35500,1.25,0,0.233497436717145,0.0815903054448871,0,"Économique",0.233497436717145,0.0815903054448871,1,1,1,0,0.116748718358572,0.0407951527224436,0.333333333333333,0,0.147263161324305,14.7263161324305,0.214480130647795,0.883251281641428,0.852736838675695,0.737291274256408,73.7291274256408,"SURVEILLER (FAIBLE VOLUME)"
"CABINET TRAORE","Cabinet","ABIDJAN",4,3,1,84000,84000,0,28000,84000,0,3,0,35500,1.25,0,0.653792822808005,0.244770916334661,0,"Économique",0.653792822808005,0.244770916334661,1,1,1,0,0.326896411404003,0.122385458167331,0.333333333333333,0,0.2347845608714,23.47845608714,0.352204681545999,0.673103588595997,0.7652154391286,0.645768547399039,64.5768547399039,"SURVEILLER (FAIBLE VOLUME)"
"CAMES Tiassale","Autre","HORS-ABIDJAN",2,1,1,8700,8700,0,8700,8700,0,1,0,31737.9656862745,1,0.0133114157048418,0.203142769943916,0.0815903054448871,0,"Économique",0.203142769943916,0.0815903054448871,1,1,1,0,0.101571384971958,0.0407951527224436,0.333333333333333,0,0.14270996130832,14.270996130832,0.0609689711486119,0.898428615028042,0.85729003869168,0.714481255717611,71.4481255717611,"SURVEILLER (FAIBLE VOLUME)"
"CANA OPTIC MARCORY","Optique","ABIDJAN",5,5,5,1411666.66666667,985000,426666.666666666,282333.333333333,282333.333333333,0.4331641285956,1,0,317347.222222222,1,0.452767755831414,6.59241096331405,0.0815903054448871,0.95670268701044,"Coût Élevé",6.59241096331405,0.0815903054448871,1,1,1,0,1,0.0407951527224436,0.333333333333333,0.47835134350522,0.460073680167255,46.0073680167255,0.810016330974415,0,0.539926319832745,0.377973794127981,37.7973794127981,"SURVEILLER (FAIBLE VOLUME)"
"CANA OPTIC PLATEAU","Optique","ABIDJAN",2,2,2,487500,375000,112500,243750,243750,0.3,1,0,317347.222222222,1,0.452767755831414,5.6915000199804,0.0815903054448871,0.662591353152153,"Coût Élevé",5.6915000199804,0.0815903054448871,1,1,1,0,1,0.0407951527224436,0.333333333333333,0.331295676576076,0.445368113474341,44.5368113474341,0.631464344039194,0,0.554631886525659,0.348145623418103,34.8145623418103,"SURVEILLER (FAIBLE VOLUME)"
"CANAAN OPTIQUE","Optique","HORS-ABIDJAN",2,2,2,674285.714285714,430000,244285.714285714,337142.857142857,337142.857142857,0.568106312292359,1,0,317347.222222222,1,0.452767755831414,7.87219929503517,0.0815903054448871,1.25474110065358,"Coût Élevé",7.87219929503517,0.0815903054448871,1,1,1,0,1,0.0407951527224436,0.333333333333333,0.627370550326789,0.474975600849412,47.4975600849412,0.683179096352749,0,0.525024399150588,0.346645578930785,34.6645578930785,"SURVEILLER (FAIBLE VOLUME)"
"CANADA OPTIQUE","Optique","ABIDJAN",1,1,1,1e+05,1e+05,0,1e+05,1e+05,0,1,0,317347.222222222,1,0.452767755831414,2.33497436717145,0.0815903054448871,0,"Coût Élevé",2.33497436717145,0.0815903054448871,1,1,1,0,1,0.0407951527224436,0.333333333333333,0,0.412238545816733,41.2238545816733,0.374523679912901,0,0.587761454183267,0.310009317655887,31.0009317655887,"SURVEILLER (FAIBLE VOLUME)"
"CANAL OPTIC","Optique","ABIDJAN",2,2,2,435000,330000,105000,217500,217500,0.318181818181818,1,0,317347.222222222,1,0.452767755831414,5.0785692485979,0.0815903054448871,0.702748404858344,"Coût Élevé",5.0785692485979,0.0815903054448871,1,1,1,0,1,0.0407951527224436,0.333333333333333,0.351374202429172,0.44737596605965,44.737596605965,0.609689711486119,0,0.55262403394035,0.342987555873364,34.2987555873364,"SURVEILLER (FAIBLE VOLUME)"
"CENTR'OPTIQUE BOUAKE","Optique","HORS-ABIDJAN",1,1,1,185000,130000,55000,185000,185000,0.423076923076923,1,0,317347.222222222,1,0.452767755831414,4.31970257926718,0.0815903054448871,0.934423703163292,"Coût Élevé",4.31970257926718,0.0815903054448871,1,1,1,0,1,0.0407951527224436,0.333333333333333,0.467211851581646,0.458959730974898,45.8959730974898,0.461622210125204,0,0.541040269025102,0.308740549635082,30.8740549635082,"SURVEILLER (FAIBLE VOLUME)"
"CENTRAL OPTIQUE PHOTO R MONTI","Optique","HORS-ABIDJAN",1,1,1,230533.333333333,198600,31933.3333333333,230533.333333333,230533.333333333,0.160792212151729,1,0,317347.222222222,1,0.452767755831414,5.38289424111924,0.0815903054448871,0.35513176475314,"Coût Élevé",5.38289424111924,0.0815903054448871,1,1,1,0,1,0.0407951527224436,0.333333333333333,0.17756588237657,0.42999513405439,42.999513405439,0.501360914534567,0,0.57000486594561,0.328274129285157,32.8274129285157,"SURVEILLER (FAIBLE VOLUME)"
"CENTRE CARDIO-RESPIRATOIRE LES JARDINS","Centre Medical","ABIDJAN",161,142,76,8715605,7890250,825355,61377.5,114679.013157895,0.104604416843573,1.86842105263158,0.0062111801242236,33841.4752475248,1.23636363636364,0.0589823610679747,1.4286451089207,0.152028081207257,1.7734864279682,"Coût Élevé",1.4286451089207,0.152028081207257,1,0.44578313253012,1,0,0.714322554460352,0.0760140406036285,0.333333333333333,0.886743213984098,0.425775299917604,42.5775299917604,0.972781709308655,0.285677445539648,0.574224700082396,0.538517200110549,53.8517200110549,"RENÉGOCIER"
"CENTRE D'ANATOMIE PATHOLOGIQUE D'ABIDJAN","Centre Medical","ABIDJAN",1,1,1,70000,70000,0,70000,70000,0,1,0,33841.4752475248,1.23636363636364,0.0589823610679747,1.63448205702001,0.0815903054448871,0,"Coût Élevé",1.63448205702001,0.0815903054448871,1,0,1,0,0.817241028510007,0.0407951527224436,0.333333333333333,0,0.357410854369735,35.7410854369735,0.333151878062058,0.182758971489993,0.642589145630265,0.396769622460515,39.6769622460515,"SURVEILLER (FAIBLE VOLUME)"
"CENTRE D'EXCELLENCE MEDICAL XMED","Centre Medical","ABIDJAN",213,138,89,5677420,5287705,389715,41140.7246376812,63791.2359550562,0.0737021070577878,1.55056179775281,0.07981220657277,33841.4752475248,1.23636363636364,0.0589823610679747,0.936326853168572,0.126215207470397,1.24956183040637,"Standard",0.936326853168572,0.126215207470397,1,3.14150943396226,1,1,0.468163426584286,0.0631076037351983,1,0.624780915203185,0.521859400616164,52.1859400616164,0.948285247686445,0.531836573415714,0.478140599383836,0.593647918657109,59.3647918657109,"SURVEILLER"
"CENTRE D'HEMODIALYSE LATRILLE","Centre Medical","ABIDJAN",2,2,2,105000,105000,0,52500,52500,0,1,0,33841.4752475248,1.23636363636364,0.0589823610679747,1.22586154276501,0.0815903054448871,0,"Standard",1.22586154276501,0.0815903054448871,1,0,1,0,0.612930771382505,0.0407951527224436,0.333333333333333,0,0.296117777231485,29.6117777231485,0.382144801306478,0.387069228617495,0.703882222768515,0.5128095408157,51.28095408157,"SURVEILLER (FAIBLE VOLUME)"
"CENTRE D'IMAGERIE ET DENTAIRE BROCA","Centre Medical","ABIDJAN",3,1,1,108320,108281,39,108320,108320,0.000360173991743704,1,0,33841.4752475248,1.23636363636364,0.0589823610679747,2.52924423452011,0.0815903054448871,0.00610646954821999,"Coût Élevé",2.52924423452011,0.0815903054448871,1,0,1,0,1,0.0407951527224436,0.333333333333333,0.00305323477411,0.412543869294144,41.2543869294144,0.388132825258574,0,0.587456130705856,0.312609017334057,31.2609017334057,"SURVEILLER (FAIBLE VOLUME)"
"CENTRE D'IMAGERIE MEDICALE DE LA RIVIERA","Centre Medical","ABIDJAN",32,31,30,1158000,1158000,0,37354.8387096774,38600,0,1.03333333333333,0.03125,33841.4752475248,1.23636363636364,0.0589823610679747,0.859809894143273,0.0837282299565152,0,"Économique",0.859809894143273,0.0837282299565152,1,0,1,0,0.429904947071636,0.0418641149782576,0.333333333333333,0,0.241530718614968,24.1530718614968,0.778987479586282,0.570095052928364,0.758469281385032,0.687223229642615,68.7223229642615,"CONSERVER"
"CENTRE D'OPHTALMOLOGIE DU BD DES MARTYRS","Centre Medical","ABIDJAN",11,11,10,192500,192500,0,17500,19250,0,1.1,0.0909090909090909,33841.4752475248,1.23636363636364,0.0589823610679747,0.392641676707447,0.0879167717252681,0,"Économique",0.392641676707447,0.0879167717252681,1,0,1,0,0.196320838353724,0.043958385862634,0.333333333333333,0,0.172083767264907,17.2083767264907,0.466521502449646,0.803679161646276,0.827916232735093,0.745942458242477,74.5942458242477,"SURVEILLER (FAIBLE VOLUME)"
"CENTRE D'OPHTALMOLOGIE ET OTO-RHINO-LARYNGOLIGIE DE L'INDENIE","Centre Medical","ABIDJAN",59,48,35,2001500,2001500,0,41697.9166666667,57185.7142857143,0,1.37142857142857,0.0677966101694915,33841.4752475248,1.23636363636364,0.0589823610679747,0.955807741848023,0.110578175725703,0,"Standard",0.955807741848023,0.110578175725703,1,0,1,0,0.477903870924011,0.0552890878628516,0.333333333333333,0,0.259957887636059,25.9957887636059,0.85465432770822,0.522096129075989,0.740042112363941,0.675786162117616,67.5786162117616,"CONSERVER"
"CENTRE D'OPHTALMOLOGIE HIGH TECH","Centre Medical","ABIDJAN",123,102,73,5171500,5059500,112000,50700.9803921569,70842.4657534247,0.0221365747603518,1.3972602739726,0.048780487804878,33841.4752475248,1.23636363636364,0.0589823610679747,1.16343084608015,0.113678297274226,0.375308386431671,"Standard",1.16343084608015,0.113678297274226,1,0,1,0,0.581715423040074,0.056839148637113,0.333333333333333,0.187654193215836,0.31033179082474,31.033179082474,0.942297223734349,0.418284576959926,0.68966820917526,0.631640559200945,63.1640559200945,"CONSERVER"
"CENTRE D'OPHTALMOLOGIE METHODISTE","Centre Medical","HORS-ABIDJAN",2,2,2,35000,35000,0,17500,17500,0,1,0,33841.4752475248,1.23636363636364,0.0589823610679747,0.408620514255003,0.0815903054448871,0,"Économique",0.408620514255003,0.0815903054448871,1,0,1,0,0.204310257127502,0.0407951527224436,0.333333333333333,0,0.173531622954984,17.3531622954984,0.239520958083832,0.795689742872498,0.826468377045016,0.696767439583773,69.6767439583773,"SURVEILLER (FAIBLE VOLUME)"
"CENTRE D'OPHTALMOLOGIE SILOAM","Centre Medical","ABIDJAN",22,21,19,385500,385500,0,18357.1428571429,20289.4736842105,0,1.10526315789474,0,33841.4752475248,1.23636363636364,0.0589823610679747,0.42863458025933,0.0901787586496121,0,"Économique",0.42863458025933,0.0901787586496121,1,0,1,0,0.214317290129665,0.045089379324806,0.333333333333333,0,0.177822000836341,17.7822000836341,0.587370713119216,0.785682709870335,0.822177999163659,0.760618426237441,76.0618426237441,"PRIVILÉGIER"
"CENTRE D'OPTIQUE LUNETTES DE PARIS (GROUPE ASSISTANCE OPTIQUE)","Optique","ABIDJAN",42,42,40,15714648.8888889,11082880,4631768.88888888,374158.306878306,392866.222222222,0.417921053813529,1.05,0.0476190476190476,317347.222222222,1,0.452767755831414,8.55415331334292,0.0847861662375113,0.923036255190265,"Coût Élevé",8.55415331334292,0.0847861662375113,1,1,1,0,1,0.0423930831187556,0.333333333333333,0.461518127595133,0.45886973769514,45.886973769514,0.987479586281982,0,0.54113026230486,0.41394802217834,41.394802217834,"RENÉGOCIER"
"CENTRE DE CONSULTATIONS & TRAITEMENT ODONTO STOMATOS (CCTOS)","Centre Medical","ABIDJAN",56,40,28,2340600,2015600,325000,58515,83592.8571428571,0.161242309982139,1.42857142857143,0,33841.4752475248,1.23636363636364,0.0589823610679747,1.36631025095037,0.116557579206982,2.73373779995539,"Coût Élevé",1.36631025095037,0.116557579206982,1,0,1,0,0.683155125475186,0.0582787896034908,0.333333333333333,1,0.422430174523603,42.2430174523603,0.873707131192161,0.316844874524814,0.577569825476397,0.532507306238917,53.2507306238916,"SURVEILLER"
"CENTRE DE REEDUCATION FONCTIONNELLE (CEREF)","Centre Medical","ABIDJAN",1,1,1,1e+05,1e+05,0,1e+05,1e+05,0,1,0,33841.4752475248,1.23636363636364,0.0589823610679747,2.33497436717145,0.0815903054448871,0,"Coût Élevé",2.33497436717145,0.0815903054448871,1,0,1,0,1,0.0407951527224436,0.333333333333333,0,0.412238545816733,41.2238545816733,0.374523679912901,0,0.587761454183267,0.310009317655887,31.0009317655887,"SURVEILLER (FAIBLE VOLUME)"
"CENTRE DE SANTE CESACO PIANZOLA DE OUANGOLO","Centre Medical","HORS-ABIDJAN",12,7,5,265270,214010,51260,37895.7142857143,53054,0.239521517686089,1.4,0,33841.4752475248,1.23636363636364,0.0589823610679747,0.884855214827957,0.114226427622842,4.06090080744735,"Économique",0.884855214827957,0.114226427622842,1,2.46666666666667,1,0,0.442427607413979,0.057113213811421,0.822222222222222,1,0.496528913034286,49.6528913034286,0.519869352204682,0.557572392586021,0.503471086965714,0.52839126226163,52.839126226163,"SURVEILLER (FAIBLE VOLUME)"
"CENTRE DE SANTE DE LA POLICE DE DIVO","Centre Medical","HORS-ABIDJAN",92,67,53,1056600,1035500,21100,15770.1492537313,19935.8490566038,0.0203766296475133,1.26415094339623,0,33841.4752475248,1.23636363636364,0.0589823610679747,0.368228942739306,0.10314246160014,0.345469887582663,"Économique",0.368228942739306,0.10314246160014,1,2.5327380952381,1,1,0.184114471369653,0.0515712308000702,0.844246031746032,0.172734943791332,0.34125301455386,34.125301455386,0.76537833424061,0.815885528630347,0.65874698544614,0.742928672478717,74.2928672478717,"CONSERVER"
"CENTRE DE SANTE DE LA POLICE NATIONALE DE BONDOUKOU","Centre Medical","HORS-ABIDJAN",13,10,4,211700,162500,49200,21170,52925,0.302769230769231,2.5,0,33841.4752475248,1.23636363636364,0.0589823610679747,0.494314073530196,0.203975763612218,5.13321652926545,"Économique",0.494314073530196,0.203975763612218,1,1.37037037037037,1,0,0.247157036765098,0.101987881806109,0.45679012345679,1,0.341780512608399,34.1780512608399,0.48502994011976,0.752842963234902,0.658219487391601,0.661430968274553,66.1430968274554,"SURVEILLER (FAIBLE VOLUME)"
"CENTRE DE SANTE DES ARMEES","Centre Medical","HORS-ABIDJAN",16,13,9,118500,117500,1000,9115.38461538462,13166.6666666667,0.00851063829787234,1.44444444444444,0.0625,33841.4752475248,1.23636363636364,0.0589823610679747,0.205756694578158,0.11518494077907,0.144291244768316,"Économique",0.205756694578158,0.11518494077907,1,1.23333333333333,1,0,0.102878347289079,0.0575924703895352,0.411111111111111,0.0721456223841581,0.178689140875333,17.8689140875333,0.396298312465977,0.897121652710921,0.821310859124667,0.76663266722743,76.663266722743,"SURVEILLER (FAIBLE VOLUME)"
"CENTRE DE SANTE DES ARMEES GENDARMERIE GARNISON BOUNA","Centre Medical","HORS-ABIDJAN",6,2,2,164200,155600,8600,82100,82100,0.0552699228791774,1,0,33841.4752475248,1.23636363636364,0.0589823610679747,1.91701395544776,0.0815903054448871,0.937058501532028,"Coût Élevé",1.91701395544776,0.0815903054448871,1,6.16666666666667,1,0,0.958506977723879,0.0407951527224436,1,0.468529250766014,0.646643564210498,64.6643564210498,0.445835601524224,0.0414930222761206,0.353356435789502,0.247106903531094,24.7106903531094,"SURVEILLER (FAIBLE VOLUME)"
"CENTRE DE SANTE RURAL PRIVE CONFESSIONNEL MISSIONNAIRE CHRIST ROI DE SINFRA","Hopital","HORS-ABIDJAN",2,2,2,10000,10000,0,5000,5000,0,1,0,15500,1,0,0.116748718358572,0.0815903054448871,0,"Économique",0.116748718358572,0.0815903054448871,1,1,1,0,0.0583743591792862,0.0407951527224436,0.333333333333333,0,0.129750853570519,12.9750853570519,0.0724006532389766,0.941625640820714,0.870249146429481,0.739230045547873,73.9230045547873,"SURVEILLER (FAIBLE VOLUME)"
"CENTRE DE SANTE URBAIN A BASE COMMUNAUTAIRE DE ANONO RIVIERA","Centre Medical","ABIDJAN",107,86,47,1252000,1048500,203500,14558.1395348837,26638.2978723404,0.194086790653314,1.82978723404255,0,33841.4752475248,1.23636363636364,0.0589823610679747,0.339928826476588,0.149292899324687,3.29059039243338,"Économique",0.339928826476588,0.149292899324687,1,1.5,1,0,0.169964413238294,0.0746464496623435,0.5,1,0.323383258870191,32.3383258870191,0.788241698421339,0.830035586761706,0.676616741129809,0.760309270840874,76.0309270840874,"PRIVILÉGIER"
"CENTRE DE SANTE URBAIN D'ABONGOUA","Centre Medical","HORS-ABIDJAN",2,2,1,5200,5200,0,2600,5200,0,2,0,33841.4752475248,1.23636363636364,0.0589823610679747,0.0607093335464576,0.163180610889774,0,"Économique",0.0607093335464576,0.163180610889774,1,0,1,0,0.0303546667732288,0.0815903054448871,0.333333333333333,0,0.133583491665435,13.3583491665435,0.0310288513881328,0.969645333226771,0.866416508334565,0.740630506902161,74.0630506902161,"SURVEILLER (FAIBLE VOLUME)"
"CENTRE DE SANTE URBAIN DE YOPOUGON SANTE","Centre Medical","ABIDJAN",8,7,4,95390,86990,8400,13627.1428571429,23847.5,0.0965628233130245,1.75,0,33841.4752475248,1.23636363636364,0.0589823610679747,0.318190292692121,0.142783034528552,1.63714747196607,"Économique",0.318190292692121,0.142783034528552,1,0,1,0,0.15909514634606,0.0713915172642762,0.333333333333333,0.818573735983033,0.251003372681404,25.1003372681404,0.369624387588459,0.84090485365394,0.748996627318596,0.709885469906706,70.9885469906706,"SURVEILLER (FAIBLE VOLUME)"
"CENTRE DE SANTE URBAIN D’AZAGUIE","Centre Medical","HORS-ABIDJAN",2,2,2,7000,7000,0,3500,3500,0,1,0,33841.4752475248,1.23636363636364,0.0589823610679747,0.0817241028510007,0.0815903054448871,0,"Économique",0.0817241028510007,0.0815903054448871,1,0,1,0,0.0408620514255003,0.0407951527224436,0.333333333333333,0,0.124497161244383,12.4497161244383,0.0446379967338051,0.9591379485745,0.875502838755617,0.742783914278808,74.2783914278808,"SURVEILLER (FAIBLE VOLUME)"
"CENTRE DE SCINTIGRAPHIE DE LA PLAINE DE FRANCE","Centre Medical","HORS COTE D'IVOIRE",1,1,1,58734,58734,0,58734,58734,0,1,0,33841.4752475248,1.23636363636364,0.0589823610679747,1.37142384481448,0.0815903054448871,0,"Coût Élevé",1.37142384481448,0.0815903054448871,1,0,1,0,0.685711922407239,0.0407951527224436,0.333333333333333,0,0.317952122538905,31.7952122538905,0.307022318998367,0.314288077592761,0.682047877461095,0.459938845821216,45.9938845821216,"SURVEILLER (FAIBLE VOLUME)"
"CENTRE DE SOINS OPHTALMOLOGIE MENILMOI","Centre Medical","ABIDJAN",1,1,1,45058,45058,0,45058,45058,0,1,0,33841.4752475248,1.23636363636364,0.0589823610679747,1.05209275036011,0.0815903054448871,0,"Standard",1.05209275036011,0.0815903054448871,1,0,1,0,0.526046375180055,0.0407951527224436,0.333333333333333,0,0.27005245837075,27.005245837075,0.2732716385411,0.473953624819945,0.72994754162925,0.536214794287898,53.6214794287898,"SURVEILLER (FAIBLE VOLUME)"
"CENTRE DENTAIRE AGOH","Centre Medical","ABIDJAN",1,1,1,15000,15000,0,15000,15000,0,1,0,33841.4752475248,1.23636363636364,0.0589823610679747,0.350246155075717,0.0815903054448871,0,"Économique",0.350246155075717,0.0815903054448871,1,0,1,0,0.175123077537859,0.0407951527224436,0.333333333333333,0,0.164775469078091,16.4775469078091,0.119760479041916,0.824876922462141,0.835224530921909,0.687992677162004,68.7992677162003,"SURVEILLER (FAIBLE VOLUME)"
"CENTRE HEMODIALYSE LATRILLE","Centre Medical","ABIDJAN",1,1,1,367500,340000,27500,367500,367500,0.0808823529411765,1,0,33841.4752475248,1.23636363636364,0.0589823610679747,8.58103079935507,0.0815903054448871,1.37129730781653,"Coût Élevé",8.58103079935507,0.0815903054448871,1,0,1,0,1,0.0407951527224436,0.333333333333333,0.685648653908267,0.48080341120756,48.080341120756,0.578116494284159,0,0.51919658879244,0.323301934373808,32.3301934373808,"SURVEILLER (FAIBLE VOLUME)"
"CENTRE HOSPITALIER REGIONAL D'ABOISSO","Hopital","HORS-ABIDJAN",1,1,1,17500,17500,0,17500,17500,0,1,0,15500,1,0,0.408620514255003,0.0815903054448871,0,"Économique",0.408620514255003,0.0815903054448871,1,1,1,0,0.204310257127502,0.0407951527224436,0.333333333333333,0,0.173531622954984,17.3531622954984,0.147523135547088,0.795689742872498,0.826468377045016,0.678367875076423,67.8367875076424,"SURVEILLER (FAIBLE VOLUME)"
"CENTRE INTERNATIONAL MEDICAL EXPLORATION ET DIAGNOSTIC , IMAGERIE ET CONSULTATION (CIMEDIC )","Centre Medical","ABIDJAN",78,59,47,5733255,5038320,694935,97173.813559322,121984.14893617,0.137929905206497,1.25531914893617,0.0128205128205128,33841.4752475248,1.23636363636364,0.0589823610679747,2.25189772791225,0.101969641598608,2.33849413128001,"Coût Élevé",2.25189772791225,0.101969641598608,1,1.42307692307692,1,0,1,0.050984820799304,0.474358974358974,1,0.557603138547483,55.7603138547483,0.949373979314099,0,0.442396861452517,0.366833540443826,36.6833540443826,"RENÉGOCIER"
"CENTRE IVOIRE DENTAIRE","Centre Medical","ABIDJAN",3,3,3,144500,110000,34500,48166.6666666667,48166.6666666667,0.313636363636364,1,0,33841.4752475248,1.23636363636364,0.0589823610679747,1.12467932018758,0.0815903054448871,5.31746030435965,"Standard",1.12467932018758,0.0815903054448871,1,0,1,0,0.56233966009379,0.0407951527224436,0.333333333333333,1,0.38094044384487,38.094044384487,0.428415895481764,0.43766033990621,0.61905955615513,0.508371137520889,50.8371137520889,"SURVEILLER (FAIBLE VOLUME)"
"CENTRE KINE MEDICAL SARL","Centre Medical","ABIDJAN",3,3,3,688333.333333333,480000,208333.333333333,229444.444444444,229444.444444444,0.434027777777778,1,0,33841.4752475248,1.23636363636364,0.0589823610679747,5.35746896467671,0.0815903054448871,7.35860297755085,"Coût Élevé",5.35746896467671,0.0815903054448871,1,0,1,0,1,0.0407951527224436,0.333333333333333,1,0.512238545816733,51.2238545816733,0.686989657049537,0,0.487761454183267,0.332502513083214,33.2502513083214,"SURVEILLER (FAIBLE VOLUME)"
"CENTRE KINEDEN HEALTH","Centre Medical","ABIDJAN",2,2,2,343333.333333333,330000,13333.3333333333,171666.666666667,171666.666666667,0.0404040404040403,1,0,33841.4752475248,1.23636363636364,0.0589823610679747,4.00837266364432,0.0815903054448871,0.685019040819277,"Coût Élevé",4.00837266364432,0.0815903054448871,1,0,1,0,1,0.0407951527224436,0.333333333333333,0.342509520409639,0.446489497857697,44.6489497857697,0.568862275449102,0,0.553510502142303,0.335176655946742,33.5176655946742,"SURVEILLER (FAIBLE VOLUME)"
"CENTRE MEDICAL 8E TRANCHE","Centre Medical","ABIDJAN",4,3,2,122300,99225,23075,40766.6666666667,61150,0.232552280171328,1.5,0,33841.4752475248,1.23636363636364,0.0589823610679747,0.951891217016894,0.122385458167331,3.94274281260666,"Standard",0.951891217016894,0.122385458167331,1,3.08333333333333,1,0,0.475945608508447,0.0611927290836653,1,1,0.561141501277634,56.1141501277634,0.401197604790419,0.524054391491553,0.438858498722366,0.465404677043652,46.5404677043652,"SURVEILLER (FAIBLE VOLUME)"
"CENTRE MEDICAL ABOBO GARE","Centre Medical","ABIDJAN",29,18,13,868326,784425,83901,48240.3333333333,66794.3076923077,0.10695860024859,1.38461538461538,0,33841.4752475248,1.23636363636364,0.0589823610679747,1.1263994179714,0.112971192154459,1.81339977430413,"Standard",1.1263994179714,0.112971192154459,1,2.3125,1,1,0.563199708985698,0.0564855960772295,0.770833333333333,0.906699887152063,0.507825580234085,50.7825580234085,0.73380511703865,0.436800291014302,0.492174419765915,0.518350907719817,51.8350907719817,"SURVEILLER (FAIBLE VOLUME)"
"CENTRE MEDICAL ACHALME","Centre Medical","ABIDJAN",2,1,1,195000,124000,71000,195000,195000,0.57258064516129,1,1,33841.4752475248,1.23636363636364,0.0589823610679747,3.14522893811161,0.067516879219805,9.70765894741676,"Coût Élevé",3.14522893811161,0.067516879219805,1,6.16666666666667,1,0,1,0.0337584396099025,1,1,0.710127531882971,71.0127531882971,0.469787697332608,0,0.289872468117029,0.209906526713333,20.9906526713333,"SURVEILLER (FAIBLE VOLUME)"
"CENTRE MEDICAL ADRIEN GABLA","Centre Medical","ABIDJAN",79,71,38,2125000,2037500,87500,29929.5774647887,55921.0526315789,0.0429447852760736,1.86842105263158,0,33841.4752475248,1.23636363636364,0.0589823610679747,0.698847962005539,0.152445044383868,0.728095391545645,"Économique",0.698847962005539,0.152445044383868,1,0,1,0,0.349423981002769,0.076222522191934,0.333333333333333,0.364047695772822,0.264098720535693,26.4098720535693,0.86173108328797,0.65057601899723,0.735901279464307,0.726937136042209,72.6937136042209,"CONSERVER"
"CENTRE MEDICAL AGNEBY TIASSA","Centre Medical","HORS-ABIDJAN",12,10,7,199300,191500,7800,19930,28471.4285714286,0.0407310704960836,1.42857142857143,0.416666666666667,33841.4752475248,1.23636363636364,0.0589823610679747,0.394687227425679,0.11318713978132,0.690563581358547,"Économique",0.394687227425679,0.11318713978132,1,1.54166666666667,1,0,0.197343613712839,0.05659356989066,0.513888888888889,0.345281790679274,0.264876000815644,26.4876000815644,0.473598258029396,0.802656386287161,0.735123999184356,0.709831805794486,70.9831805794486,"SURVEILLER (FAIBLE VOLUME)"
"CENTRE MEDICAL AKANDJE","Centre Medical","ABIDJAN",13,10,7,267400,254400,13000,26740,38200,0.0511006289308176,1.42857142857143,0,33841.4752475248,1.23636363636364,0.0589823610679747,0.624372145781645,0.116557579206982,0.866371369432402,"Économique",0.624372145781645,0.116557579206982,1,1.76190476190476,1,0,0.312186072890823,0.0582787896034908,0.587301587301587,0.433185684716201,0.33064850341039,33.064850341039,0.522046815459989,0.687813927109177,0.66935149658961,0.647275532571513,64.7275532571513,"SURVEILLER (FAIBLE VOLUME)"
"CENTRE MEDICAL AL IMAN KAZEM AL GHADIR","Centre Medical","ABIDJAN",4,4,3,110600,110600,0,27650,36866.6666666667,0,1.33333333333333,0,33841.4752475248,1.23636363636364,0.0589823610679747,0.645620412522905,0.108787073926516,0,"Économique",0.645620412522905,0.108787073926516,1,0,1,0,0.322810206261453,0.0543935369632581,0.333333333333333,0,0.213161122967413,21.3161122967413,0.390854654327708,0.677189793738547,0.786838877032587,0.663782399173995,66.3782399173995,"SURVEILLER (FAIBLE VOLUME)"
"CENTRE MEDICAL ALENA","Centre Medical","ABIDJAN",5,3,2,349575,303425,46150,116525,174787.5,0.152096893795831,1.5,0,33841.4752475248,1.23636363636364,0.0589823610679747,2.72082888134653,0.122385458167331,2.57868439041539,"Coût Élevé",2.72082888134653,0.122385458167331,1,6.16666666666667,1,0,1,0.0611927290836653,1,1,0.7183578187251,71.83578187251,0.571584104518236,0,0.2816421812749,0.226973693413607,22.6973693413607,"SURVEILLER (FAIBLE VOLUME)"
"CENTRE MEDICAL ALTHEA","Centre Medical","ABIDJAN",27,20,13,634435,573341,61094,31721.75,48802.6923076923,0.106557877423732,1.53846153846154,0,33841.4752475248,1.23636363636364,0.0589823610679747,0.740694731318209,0.125523546838288,1.80660583086745,"Économique",0.740694731318209,0.125523546838288,1,1.02777777777778,1,0,0.370347365659104,0.0627617734191439,0.342592592592593,0.903302915433723,0.323040811044625,32.3040811044625,0.675013609145346,0.629652634340896,0.676959188955375,0.657647451147578,65.7647451147578,"CONSERVER"
"CENTRE MEDICAL ANANERAIE","Centre Medical","ABIDJAN",9,9,3,246650,244650,2000,27405.5555555556,82216.6666666667,0.0081749437972614,3,0,33841.4752475248,1.23636363636364,0.0589823610679747,0.639912697403153,0.244770916334661,0.1385998059291,"Économique",0.639912697403153,0.244770916334661,1,0,1,0,0.319956348701576,0.122385458167331,0.333333333333333,0.06929990296455,0.239632532357127,23.9632532357127,0.511159499183451,0.680043651298424,0.760367467642873,0.678396347413209,67.8396347413209,"SURVEILLER (FAIBLE VOLUME)"
"CENTRE MEDICAL BELLEVUE","Centre Medical","ABIDJAN",113,99,84,3582216,3175659,406557,36184,42645.4285714286,0.128022876511615,1.17857142857143,0.0176991150442478,33841.4752475248,1.23636363636364,0.0589823610679747,0.84108395601157,0.0959219757977807,2.17052817475507,"Économique",0.84108395601157,0.0959219757977807,1,0.560606060606061,1,0,0.420541978005785,0.0479609878988903,0.333333333333333,1,0.340550889771403,34.0550889771403,0.913445835601524,0.579458021994215,0.659449110228597,0.67825202000943,67.825202000943,"CONSERVER"
"CENTRE MEDICAL BETHEL","Centre Medical","HORS-ABIDJAN",28,23,18,663208,614660,48548,28835.1304347826,36844.8888888889,0.0789835030748707,1.27777777777778,0,33841.4752475248,1.23636363636364,0.0589823610679747,0.673292904392627,0.104254279179578,1.33910378704314,"Économique",0.673292904392627,0.104254279179578,1,1.68181818181818,1,0,0.336646452196313,0.052127139589789,0.560606060606061,0.669551893521569,0.351769085069806,35.1769085069806,0.681545998911268,0.663353547803687,0.648230914930194,0.660942984875806,66.0942984875806,"CONSERVER"
"CENTRE MEDICAL BRAWE DIVINE GRACE","Centre Medical","ABIDJAN",3,2,2,56250,46250,10000,28125,28125,0.216216216216216,1,0,33841.4752475248,1.23636363636364,0.0589823610679747,0.65671154076697,0.0815903054448871,3.66577756978966,"Économique",0.65671154076697,0.0815903054448871,1,3.08333333333333,1,0,0.328355770383485,0.0407951527224436,1,1,0.510745276931779,51.0745276931778,0.302667392487752,0.671644229616515,0.489254723068221,0.524893059571445,52.4893059571445,"SURVEILLER (FAIBLE VOLUME)"
"CENTRE MEDICAL CHARDY","Centre Medical","ABIDJAN",40,28,15,1572434,1294547,277887,56158.3571428571,104828.933333333,0.214659645420367,1.86666666666667,0.025,33841.4752475248,1.23636363636364,0.0589823610679747,1.29064885874503,0.150214492075864,3.63938712410954,"Coût Élevé",1.29064885874503,0.150214492075864,1,2.775,1,1,0.645324429372513,0.0751072460379318,0.925,1,0.593629502623133,59.3629502623133,0.822536744692433,0.354675570627487,0.406370497376867,0.468925776140228,46.8925776140228,"SURVEILLER"
"CENTRE MEDICAL CHENAL","Centre Medical","ABIDJAN",137,90,49,3967485,3614290,353195,44083.1666666667,80969.0816326531,0.0977218208832163,1.83673469387755,0,33841.4752475248,1.23636363636364,0.0589823610679747,1.02933064190413,0.149859744694691,1.65679737321122,"Standard",1.02933064190413,0.149859744694691,1,2.37857142857143,1,1,0.514665320952067,0.0749298723473453,0.792857142857143,0.828398686605611,0.497575569507528,49.7575569507528,0.921611322808928,0.485334679047933,0.502424430492472,0.579425908377947,57.9425908377947,"SURVEILLER"
"CENTRE MEDICAL CHRIST EDEN DE MARCHOUX","Hopital","ABIDJAN",4,2,2,173500,150100,23400,86750,86750,0.155896069287142,1,0,15500,1,0,2.02559026352123,0.0815903054448871,0,"Coût Élevé",2.02559026352123,0.0815903054448871,1,1,1,0,1,0.0407951527224436,0.333333333333333,0,0.412238545816733,41.2238545816733,0.454001088731628,0,0.587761454183267,0.325904799419632,32.5904799419632,"SURVEILLER (FAIBLE VOLUME)"
"CENTRE MEDICAL CHRIST ROI","Hopital","ABIDJAN",4,2,2,85000,73000,12000,42500,42500,0.164383561643836,1,0,15500,1,0,0.992364106047865,0.0815903054448871,0,"Standard",0.992364106047865,0.0815903054448871,1,1,1,0,0.496182053023933,0.0407951527224436,0.333333333333333,0,0.261093161723913,26.1093161723913,0.353293413173653,0.503817946976067,0.738906838276087,0.567748596735592,56.7748596735592,"SURVEILLER (FAIBLE VOLUME)"
"CENTRE MEDICAL CHRIST-ROI D'ABENGOUROU (CCR-A)","Hopital","HORS-ABIDJAN",7,2,2,325745,296125,29620,162872.5,162872.5,0.100025327142254,1,0,15500,1,0,3.80303112617132,0.0815903054448871,0,"Coût Élevé",3.80303112617132,0.0815903054448871,1,1,1,0,1,0.0407951527224436,0.333333333333333,0,0.412238545816733,41.2238545816733,0.561785519869352,0,0.587761454183267,0.347461685647177,34.7461685647177,"SURVEILLER (FAIBLE VOLUME)"
"CENTRE MEDICAL CLOLAY","Centre Medical","ABIDJAN",27,21,16,443750,406250,37500,21130.9523809524,27734.375,0.0923076923076923,1.3125,0.037037037037037,33841.4752475248,1.23636363636364,0.0589823610679747,0.483104084556395,0.105710117001066,1.5650050394102,"Économique",0.483104084556395,0.105710117001066,1,1.8974358974359,1,0,0.241552042278198,0.0528550585005331,0.632478632478632,0.7825025197051,0.356315971947719,35.6315971947719,0.614589003810561,0.758447957721802,0.643684028052281,0.683770595071745,68.3770595071745,"CONSERVER"
"CENTRE MEDICAL COEUR AMOUR","Centre Medical","ABIDJAN",39,19,7,1379787,1305956,73831,72620.3684210526,197112.428571429,0.0565340639347727,2.71428571428571,0,33841.4752475248,1.23636363636364,0.0589823610679747,1.69566698797705,0.221459400493265,0.958491028692791,"Coût Élevé",1.69566698797705,0.221459400493265,1,4.7962962962963,1,0,0.847833493988524,0.110729700246633,1,0.479245514346396,0.635493509705186,63.5493509705186,0.804572672836146,0.152166506011476,0.364506490294814,0.367583733089745,36.7583733089745,"SURVEILLER (FAIBLE VOLUME)"
"CENTRE MEDICAL COEUR-SOMMEIL","Centre Medical","ABIDJAN",8,5,2,598750,542500,56250,119750,299375,0.1036866359447,2.5,0,33841.4752475248,1.23636363636364,0.0589823610679747,2.79613180468781,0.203975763612218,1.75792616754026,"Coût Élevé",2.79613180468781,0.203975763612218,1,1.54166666666667,1,0,1,0.101987881806109,0.513888888888889,0.878963083770129,0.572659339585512,57.2659339585512,0.660860097985846,0,0.427340660414488,0.303108283762964,30.3108283762964,"SURVEILLER (FAIBLE VOLUME)"
"CENTRE MEDICAL CPCCA","Centre Medical","ABIDJAN",2,2,2,298500,268000,30500,149250,149250,0.113805970149254,1,0,33841.4752475248,1.23636363636364,0.0589823610679747,3.48494924300339,0.0815903054448871,1.92949159865094,"Coût Élevé",3.48494924300339,0.0815903054448871,1,0,1,0,1,0.0407951527224436,0.333333333333333,0.964745799325472,0.50871312574928,50.871312574928,0.545998911268372,0,0.49128687425072,0.305714531953962,30.5714531953962,"SURVEILLER (FAIBLE VOLUME)"
"CENTRE MEDICAL CROZET","Centre Medical","ABIDJAN",25,19,11,681475,677925,3550,35867.1052631579,61952.2727272727,0.00523656746690268,1.72727272727273,0,33841.4752475248,1.23636363636364,0.0589823610679747,0.837487714141138,0.140928709404805,0.0887819234782371,"Économique",0.837487714141138,0.140928709404805,1,0.725490196078431,1,0,0.418743857070569,0.0704643547024025,0.333333333333333,0.0443909617391186,0.251201559705803,25.1201559705803,0.685900925421884,0.581256142929431,0.748798440294197,0.669202018373828,66.9202018373828,"SURVEILLER (FAIBLE VOLUME)"
"CENTRE MEDICAL D'IMAGERIE ET PARAMEDICAL DU GOLF","Centre Medical","ABIDJAN",1,1,1,193333.333333333,180000,13333.3333333333,193333.333333333,193333.333333333,0.0740740740740739,1,0,33841.4752475248,1.23636363636364,0.0589823610679747,4.51428377653147,0.0815903054448871,1.25586824150201,"Coût Élevé",4.51428377653147,0.0815903054448871,1,0,1,0,1,0.0407951527224436,0.333333333333333,0.627934120751004,0.475031957891833,47.5031957891833,0.468154599891127,0,0.524968042108167,0.303618136821492,30.3618136821492,"SURVEILLER (FAIBLE VOLUME)"
"CENTRE MEDICAL DANAN","Centre Medical","ABIDJAN",29,25,21,1037500,959500,78000,41500,49404.7619047619,0.0812923397602918,1.19047619047619,0.0344827586206897,33841.4752475248,1.23636363636364,0.0589823610679747,0.951968304787765,0.0961766796587986,1.37824831506161,"Standard",0.951968304787765,0.0961766796587986,1,0,1,0,0.475984152393883,0.0480883398293993,0.333333333333333,0.689124157530807,0.326134163420065,32.6134163420065,0.761567773543821,0.524015847606117,0.673865836579935,0.631466228383185,63.1466228383185,"CONSERVER"
"CENTRE MEDICAL DE LA POLICE NATIONALE","Centre Medical","HORS-ABIDJAN",3,3,3,46000,46000,0,15333.3333333333,15333.3333333333,0,1,0,33841.4752475248,1.23636363636364,0.0589823610679747,0.358029402966289,0.0815903054448871,0,"Économique",0.358029402966289,0.0815903054448871,1,0,1,0,0.179014701483144,0.0407951527224436,0.333333333333333,0,0.165942956261676,16.5942956261676,0.275993467610234,0.820985298516856,0.834057043738324,0.717215630424119,71.7215630424119,"SURVEILLER (FAIBLE VOLUME)"
"CENTRE MEDICAL DES ARTS","Centre Medical","ABIDJAN",29,28,16,708000,708000,0,25285.7142857143,44250,0,1.75,0,33841.4752475248,1.23636363636364,0.0589823610679747,0.590414947127638,0.142783034528552,0,"Économique",0.590414947127638,0.142783034528552,1,0,1,0,0.295207473563819,0.0713915172642762,0.333333333333333,0,0.209979697248428,20.9979697248429,0.692433315187806,0.704792526436181,0.790020302751572,0.736411794712662,73.6411794712662,"CONSERVER"
"CENTRE MEDICAL DES CITES","Centre Medical","ABIDJAN",589,463,250,12448879,11832926,615953,26887.4276457883,49795.516,0.0520541580332709,1.852,0.032258064516129,33841.4752475248,1.23636363636364,0.0589823610679747,0.617075361792993,0.150477924046131,0.882537712813508,"Économique",0.617075361792993,0.150477924046131,1,1.04358974358974,1,0,0.308537680896496,0.0752389620230653,0.347863247863248,0.441268856406754,0.263618852875518,26.3618852875518,0.982580293957539,0.691462319103504,0.736381147124482,0.767653445282702,76.7653445282702,"PRIVILÉGIER"
"CENTRE MEDICAL DES LAGUNES","Centre Medical","ABIDJAN",33,21,18,6e+05,552075,47925,28571.4285714286,33333.3333333333,0.0868088574921886,1.16666666666667,0.181818181818182,33841.4752475248,1.23636363636364,0.0589823610679747,0.639856151836596,0.0930339906292492,1.47177657727443,"Économique",0.639856151836596,0.0930339906292492,1,2.05555555555556,1,1,0.319928075918298,0.0465169953146246,0.685185185185185,0.735888288637217,0.389077905789154,38.9077905789154,0.661404463799673,0.680071924081702,0.610922094210846,0.648678500076954,64.8678500076954,"CONSERVER"
"CENTRE MEDICAL DIANA","Centre Medical","ABIDJAN",2,2,1,65000,50000,15000,32500,65000,0.3,2,0,33841.4752475248,1.23636363636364,0.0589823610679747,0.75886666933072,0.163180610889774,5.08626637808315,"Économique",0.75886666933072,0.163180610889774,1,0,1,0,0.37943333466536,0.0815903054448871,0.333333333333333,1,0.338307092033074,33.8307092033074,0.321175830157866,0.62056666533464,0.661692907966926,0.5771389953522,57.71389953522,"SURVEILLER (FAIBLE VOLUME)"
"CENTRE MEDICAL DIVINE ESPERANCE","Centre Medical","ABIDJAN",59,42,24,1161200,1072500,88700,27647.619047619,48383.3333333333,0.0827039627039627,1.75,0.0169491525423729,33841.4752475248,1.23636363636364,0.0589823610679747,0.638756690982909,0.141553623148212,1.40218128278469,"Économique",0.638756690982909,0.141553623148212,1,2.24242424242424,1,1,0.319378345491454,0.070776811574106,0.747474747474747,0.701090641392347,0.411398035501327,41.1398035501327,0.779531845400109,0.680621654508546,0.588601964498673,0.663595816682909,66.3595816682909,"CONSERVER"
"CENTRE MEDICAL DOCTEUR VIRAPIN","Centre Medical","ABIDJAN",25,17,10,887500,697500,190000,52205.8823529412,88750,0.272401433691756,1.7,0,33841.4752475248,1.23636363636364,0.0589823610679747,1.21899397109686,0.138703519256308,4.61835417842675,"Standard",1.21899397109686,0.138703519256308,1,2.46666666666667,1,1,0.609496985548429,0.069351759628154,0.822222222222222,1,0.550321290219642,55.0321290219642,0.739248775176919,0.390503014451571,0.449678709780358,0.483922444728155,48.3922444728155,"SURVEILLER (FAIBLE VOLUME)"
"CENTRE MEDICAL DU DIABETE ET DES MALADIES CARDIO-VASCULAIRE","Centre Medical","ABIDJAN",112,105,46,2837201,2689650,147551,27020.9619047619,61678.2826086957,0.0548588106259179,2.28260869565217,0,33841.4752475248,1.23636363636364,0.0589823610679747,0.630932534239352,0.186238740689416,0.930088413427455,"Économique",0.630932534239352,0.186238740689416,1,0.259649122807018,1,0,0.315466267119676,0.0931193703447081,0.333333333333333,0.465044206713728,0.269080111910688,26.9080111910688,0.894393032117583,0.684533732880324,0.730919888089312,0.745060054811371,74.5060054811371,"CONSERVER"
"CENTRE MEDICAL DU DJIBOUA","Centre Medical","HORS-ABIDJAN",52,30,21,1429075,1329850,99225,47635.8333333333,68051.1904761905,0.0746136782343873,1.42857142857143,0,33841.4752475248,1.23636363636364,0.0589823610679747,1.11228449792185,0.116557579206982,1.26501680982893,"Standard",1.11228449792185,0.116557579206982,1,4.4047619047619,1,1,0.556142248960923,0.0582787896034908,1,0.632508404914464,0.54757715206077,54.757715206077,0.811649428415895,0.443857751039077,0.45242284793923,0.520842125274502,52.0842125274502,"SURVEILLER"
"CENTRE MEDICAL DU LONGCHAMP","Centre Medical","ABIDJAN",20,20,12,356475,356475,0,17823.75,29706.25,0,1.66666666666667,0.05,33841.4752475248,1.23636363636364,0.0589823610679747,0.407068717728936,0.133662097473617,0,"Économique",0.407068717728936,0.133662097473617,1,0,1,0,0.203534358864468,0.0668310487368086,0.333333333333333,0,0.181109622280383,18.1109622280383,0.574850299401198,0.796465641135532,0.818890377719617,0.761112467422299,76.1112467422299,"PRIVILÉGIER"
"CENTRE MEDICAL DU PALAIS","Centre Medical","HORS-ABIDJAN",8,7,5,323050,322375,675,46150,64610,0.00209383481969756,1.4,0,33841.4752475248,1.23636363636364,0.0589823610679747,1.07759067044962,0.114226427622842,0.0354993388156249,"Standard",1.07759067044962,0.114226427622842,1,1.54166666666667,1,0,0.538795335224812,0.057113213811421,0.513888888888889,0.0177496694078125,0.334714198318318,33.4714198318318,0.559608056614045,0.461204664775188,0.665285801681682,0.562517797905557,56.2517797905557,"SURVEILLER (FAIBLE VOLUME)"
"CENTRE MEDICAL DU PLATEAU","Centre Medical","ABIDJAN",1,1,1,12000,12000,0,12000,12000,0,1,0,33841.4752475248,1.23636363636364,0.0589823610679747,0.280196924060574,0.0815903054448871,0,"Économique",0.280196924060574,0.0815903054448871,1,0,1,0,0.140098462030287,0.0407951527224436,0.333333333333333,0,0.154268084425819,15.4268084425819,0.0936309199782254,0.859901537969713,0.845731915574181,0.700979565413203,70.0979565413203,"SURVEILLER (FAIBLE VOLUME)"
"CENTRE MEDICAL DU ROND POINT","Centre Medical","ABIDJAN",223,141,65,7475100,6828355,646745,53014.8936170213,115001.538461538,0.0947146128167033,2.16923076923077,0.0538116591928251,33841.4752475248,1.23636363636364,0.0589823610679747,1.20722224071644,0.175860297595875,1.60581250227587,"Standard",1.20722224071644,0.175860297595875,1,1.39052287581699,1,0,0.60361112035822,0.0879301487979375,0.463507625272331,0.802906251137935,0.42680529344234,42.680529344234,0.964616222101252,0.39638887964178,0.57319470655766,0.580756678900026,58.0756678900026,"RENÉGOCIER"
"CENTRE MEDICAL EBENEZER","Centre Medical","HORS-ABIDJAN",11,10,10,304168,273068,31100,30416.8,30416.8,0.11389104545388,1,0,33841.4752475248,1.23636363636364,0.0589823610679747,0.710224483313805,0.0815903054448871,1.93093398418936,"Économique",0.710224483313805,0.0815903054448871,1,1.02777777777778,1,0,0.355112241656902,0.0407951527224436,0.342592592592593,0.965466992094679,0.318096695301049,31.8096695301049,0.549809471965161,0.644887758343098,0.68190330469895,0.640678319609851,64.0678319609851,"SURVEILLER (FAIBLE VOLUME)"
"CENTRE MEDICAL EDEN","Centre Medical","ABIDJAN",15,8,6,276200,241800,34400,34525,46033.3333333333,0.142266335814723,1.33333333333333,0,33841.4752475248,1.23636363636364,0.0589823610679747,0.806149900265942,0.108787073926516,2.4120149352917,"Économique",0.806149900265942,0.108787073926516,1,5.28571428571428,1,0,0.403074950132971,0.0543935369632581,1,1,0.537240546128869,53.7240546128869,0.526946107784431,0.596925049867029,0.462759453871131,0.52926302305215,52.926302305215,"SURVEILLER (FAIBLE VOLUME)"
"CENTRE MEDICAL ELISHAMA","Centre Medical","HORS-ABIDJAN",19,15,15,798267,766267,32000,53217.8,53217.8,0.0417609005738209,1,0,33841.4752475248,1.23636363636364,0.0589823610679747,1.24262198877257,0.0815903054448871,0.708023548356994,"Standard",1.24262198877257,0.0815903054448871,1,1.37037037037037,1,0,0.621310994386283,0.0407951527224436,0.45679012345679,0.354011774178497,0.371070058587505,37.1070058587505,0.71638541099619,0.378689005613717,0.628929941412495,0.546324661009723,54.6324661009723,"SURVEILLER (FAIBLE VOLUME)"
"CENTRE MEDICAL ELISHAMA PLUS","Centre Medical","ABIDJAN",24,14,10,416400,392600,23800,29742.8571428571,41640,0.0606214977075904,1.4,0,33841.4752475248,1.23636363636364,0.0589823610679747,0.694488090350136,0.114226427622842,1.02779028526387,"Économique",0.694488090350136,0.114226427622842,1,5.60606060606061,1,1,0.347244045175068,0.057113213811421,1,0.513895142631936,0.47269669195914,47.269669195914,0.603701687534023,0.652755954824932,0.52730330804086,0.592764042653121,59.2764042653121,"SURVEILLER (FAIBLE VOLUME)"
"CENTRE MEDICAL ELOAH","Centre Medical","ABIDJAN",10,8,5,212400,198400,14000,26550,42480,0.0705645161290323,1.6,0,33841.4752475248,1.23636363636364,0.0589823610679747,0.619935694484019,0.130544488711819,1.19636641957601,"Économique",0.619935694484019,0.130544488711819,1,1.54166666666667,1,0,0.30996784724201,0.0652722443559097,0.513888888888889,0.598183209788005,0.326557015124843,32.6557015124843,0.486663037561241,0.69003215275799,0.673442984875157,0.642722662565507,64.2722662565507,"SURVEILLER (FAIBLE VOLUME)"
"CENTRE MEDICAL EMERAUDE","Centre Medical","ABIDJAN",164,121,80,4944340,4425790,518550,40862.3140495868,61804.25,0.117165522991376,1.5125,0.0182926829268293,33841.4752475248,1.23636363636364,0.0589823610679747,0.947116632048063,0.123084635230258,1.98645020087187,"Standard",0.947116632048063,0.123084635230258,1,1.34057971014493,1,0,0.473558316024032,0.0615423176151291,0.446859903381642,0.993225100435936,0.393910671149835,39.3910671149834,0.937397931409907,0.526441683975968,0.606089328850165,0.640491991412435,64.0491991412435,"CONSERVER"
"CENTRE MEDICAL ET DE DIAGNOSTIC SANS FRONTIERE","Centre Medical","ABIDJAN",96,79,57,2748800,2467625,281175,34794.9367088608,48224.5614035088,0.113945595461223,1.3859649122807,0,33841.4752475248,1.23636363636364,0.0589823610679747,0.812452853225427,0.113081300528879,1.9318588370836,"Économique",0.812452853225427,0.113081300528879,1,1.23333333333333,1,0,0.406226426612714,0.0565406502644393,0.411111111111111,0.965929418541802,0.35875639825066,35.8756398250659,0.889493739793141,0.593773573387286,0.641243601749341,0.671905618013279,67.1905618013279,"CONSERVER"
"CENTRE MEDICAL ETOILE VIE","Centre Medical","ABIDJAN",2,1,1,61875,61875,0,61875,61875,0,1,0,33841.4752475248,1.23636363636364,0.0589823610679747,1.44476538968733,0.0815903054448871,0,"Coût Élevé",1.44476538968733,0.0815903054448871,1,6.16666666666667,1,0,0.722382694843667,0.0407951527224436,1,0,0.528953354269833,52.8953354269833,0.316820903647251,0.277617305156333,0.471046645730167,0.36282976108405,36.282976108405,"SURVEILLER (FAIBLE VOLUME)"
"CENTRE MEDICAL EXAUCE","Centre Medical","ABIDJAN",32,25,19,1651049,1472354,178695,66041.96,86897.3157894737,0.121366872369009,1.31578947368421,0.03125,33841.4752475248,1.23636363636364,0.0589823610679747,1.51493620978461,0.106190680196018,2.057680807812,"Coût Élevé",1.51493620978461,0.106190680196018,1,1.02777777777778,1,0,0.757468104892306,0.0530953400980089,0.342592592592593,1,0.445946811274872,44.5946811274872,0.830702231899837,0.242531895107694,0.554053188725128,0.484774479913096,48.4774479913096,"SURVEILLER"
"CENTRE MEDICAL EXAUCE - ABENGOUROU","Centre Medical","HORS-ABIDJAN",87,56,37,3050300,2731600,318700,54469.6428571429,82440.5405405405,0.116671547810807,1.51351351351351,0,33841.4752475248,1.23636363636364,0.0589823610679747,1.27185219860412,0.123488029862532,1.97807523636342,"Coût Élevé",1.27185219860412,0.123488029862532,1,3.17676767676768,1,1,0.63592609930206,0.0617440149312659,1,0.989037618181712,0.608204796088169,60.8204796088169,0.90201415351116,0.36407390069794,0.391795203911831,0.482750472546141,48.2750472546141,"RENÉGOCIER"
"CENTRE MEDICAL FAVEUR","Centre Medical","ABIDJAN",32,18,11,967200,855500,111700,53733.3333333333,87927.2727272727,0.130566919929866,1.63636363636364,0,33841.4752475248,1.23636363636364,0.0589823610679747,1.25465955996012,0.133511408909815,2.21366044976383,"Coût Élevé",1.25465955996012,0.133511408909815,1,3.85416666666667,1,1,0.627329779980062,0.0667557044549077,1,1,0.608225645330491,60.8225645330491,0.752313554708764,0.372670220019938,0.391774354669509,0.456240540817532,45.6240540817532,"SURVEILLER (FAIBLE VOLUME)"
"CENTRE MEDICAL FIRDAOUSS","Centre Medical","HORS-ABIDJAN",92,64,43,1975842,1911462,64380,30872.53125,45949.8139534884,0.0336810253094228,1.48837209302326,0,33841.4752475248,1.23636363636364,0.0589823610679747,0.720865691184495,0.121436733685413,0.57103555536895,"Économique",0.720865691184495,0.121436733685413,1,1.95528455284553,1,0,0.360432845592247,0.0607183668427067,0.651761517615176,0.285517777684475,0.350425596783487,35.0425596783487,0.851388132825259,0.639567154407753,0.649574403216513,0.685934249614758,68.5934249614758,"CONSERVER"
"CENTRE MEDICAL GAVRIAL","Centre Medical","ABIDJAN",9,3,2,530582,456350,74232,176860.666666667,265291,0.162664621452832,1.5,0,33841.4752475248,1.23636363636364,0.0589823610679747,4.1296512322752,0.122385458167331,2.75785198333054,"Coût Élevé",4.1296512322752,0.122385458167331,1,6.16666666666667,1,0,1,0.0611927290836653,1,1,0.7183578187251,71.83578187251,0.640718562874252,0,0.2816421812749,0.240800585084811,24.0800585084811,"SURVEILLER (FAIBLE VOLUME)"
"CENTRE MEDICAL GROUPE DR. FOFANA","Centre Medical","HORS-ABIDJAN",4,3,3,132275,106875,25400,44091.6666666667,44091.6666666667,0.23766081871345,1,0,33841.4752475248,1.23636363636364,0.0589823610679747,1.02952911472534,0.0815903054448871,4.02935410536645,"Standard",1.02952911472534,0.0815903054448871,1,3.08333333333333,1,0,0.514764557362672,0.0407951527224436,1,1,0.566667913025535,56.6667913025535,0.414806750136091,0.485235442637328,0.433332086974465,0.450388361871936,45.0388361871936,"SURVEILLER (FAIBLE VOLUME)"
"CENTRE MEDICAL HARMONY","Centre Medical","ABIDJAN",38,32,23,887325,825525,61800,27728.90625,38579.347826087,0.0748614518033978,1.39130434782609,0,33841.4752475248,1.23636363636364,0.0589823610679747,0.647462853234502,0.11351694670593,1.26921761774038,"Économique",0.647462853234502,0.11351694670593,1,0.804347826086956,1,0,0.323731426617251,0.056758473352965,0.333333333333333,0.634608808870191,0.277607850878084,27.7607850878084,0.738704409363092,0.676268573382749,0.722392149121916,0.707205170874485,70.7205170874485,"CONSERVER"
"CENTRE MEDICAL HIMAS","Centre Medical","ABIDJAN",41,26,9,1581795,1451570,130225,60838.2692307692,175755,0.0897132070792315,2.88888888888889,0,33841.4752475248,1.23636363636364,0.0589823610679747,1.42055799196922,0.235705326840785,1.52101756279035,"Coût Élevé",1.42055799196922,0.235705326840785,1,4.31666666666667,1,0,0.710278995984608,0.117852663420393,1,0.760508781395177,0.624490375961018,62.4490375961018,0.823625476320087,0.289721004015392,0.375509624038982,0.430817346485767,43.0817346485767,"SURVEILLER"
"CENTRE MEDICAL HL. PAUL","Centre Medical","HORS-ABIDJAN",52,42,23,1600250,1533750,66500,38101.1904761905,69576.0869565217,0.0433577832110839,1.82608695652174,0,33841.4752475248,1.23636363636364,0.0589823610679747,0.889653031206217,0.148990992551533,0.735097449915847,"Économique",0.889653031206217,0.148990992551533,1,0.770833333333333,1,0,0.444826515603108,0.0744954962757665,0.333333333333333,0.367548724957924,0.292551476059455,29.2551476059455,0.825802939575395,0.555173484396892,0.707448523940545,0.670209391250054,67.0209391250054,"CONSERVER"
"CENTRE MEDICAL HOFFMANN","Centre Medical","ABIDJAN",190,144,89,5292040,5002865,289175,36750.2777777778,59461.1235955056,0.0578018795230333,1.61797752808989,0,33841.4752475248,1.23636363636364,0.0589823610679747,0.858109565975416,0.132011280719817,0.97998585469339,"Économique",0.858109565975416,0.132011280719817,1,0.982300884955752,1,0,0.429054782987708,0.0660056403599087,0.333333333333333,0.489992927346695,0.297517419738955,29.7517419738955,0.943385955362003,0.570945217012292,0.702482580261045,0.698048309981736,69.8048309981736,"CONSERVER"
"CENTRE MEDICAL HOMEA","Centre Medical","ABIDJAN",143,107,64,6717259,5809324,907935,62778.1214953271,104957.171875,0.156289268768621,1.671875,0.013986013986014,33841.4752475248,1.23636363636364,0.0589823610679747,1.45368952298558,0.135525996414126,2.64976284331012,"Coût Élevé",1.45368952298558,0.135525996414126,1,1.16183574879227,1,0,0.726844761492788,0.0677629982070629,0.387278582930757,1,0.454565902789182,45.4565902789182,0.95971692977681,0.273155238507212,0.545434097210818,0.519379120242574,51.9379120242574,"RENÉGOCIER"
"CENTRE MEDICAL HORASIS","Centre Medical","HORS-ABIDJAN",21,11,5,660850,645850,15000,60077.2727272727,132170,0.0232252070914299,2.2,0,33841.4752475248,1.23636363636364,0.0589823610679747,1.4027889186775,0.179498671978752,0.393765299843861,"Coût Élevé",1.4027889186775,0.179498671978752,1,1.85,1,0,0.701394459338751,0.0897493359893758,0.616666666666667,0.19688264992193,0.442031403590631,44.2031403590631,0.678824169842134,0.298605540661249,0.557968596409369,0.478394488796674,47.8394488796674,"SURVEILLER (FAIBLE VOLUME)"
"CENTRE MEDICAL HORIZON D'AKOUEDO","Centre Medical","ABIDJAN",3,2,2,54500,52000,2500,27250,27250,0.0480769230769231,1,0,33841.4752475248,1.23636363636364,0.0589823610679747,0.63628051505422,0.0815903054448871,0.815106791359479,"Économique",0.63628051505422,0.0815903054448871,1,0,1,0,0.31814025752711,0.0407951527224436,0.333333333333333,0.407553395679739,0.24843596264284,24.843596264284,0.297223734349483,0.68185974247289,0.75156403735716,0.632814258801917,63.2814258801917,"SURVEILLER (FAIBLE VOLUME)"
"CENTRE MEDICAL IMANE","Centre Medical","ABIDJAN",2,1,1,152650,95850,56800,152650,152650,0.592592592592593,1,0,33841.4752475248,1.23636363636364,0.0589823610679747,3.56433837148721,0.0815903054448871,10.0469459320161,"Coût Élevé",3.56433837148721,0.0815903054448871,1,0,1,0,1,0.0407951527224436,0.333333333333333,1,0.512238545816733,51.2238545816733,0.435492651061513,0,0.487761454183267,0.28220311188561,28.220311188561,"SURVEILLER (FAIBLE VOLUME)"
"CENTRE MEDICAL INDENIE DJUABLIN (EX EDLONA)","Centre Medical","HORS-ABIDJAN",18,13,5,275500,275500,0,21192.3076923077,55100,0,2.6,0,33841.4752475248,1.23636363636364,0.0589823610679747,0.494834952427488,0.212134794156706,0,"Économique",0.494834952427488,0.212134794156706,1,2.46666666666667,1,0,0.247417476213744,0.106067397078353,0.822222222222222,0,0.352712128654296,35.2712128654296,0.526401741970604,0.752582523786256,0.647287871345704,0.665228506446905,66.5228506446905,"SURVEILLER (FAIBLE VOLUME)"
"CENTRE MEDICAL INTER. LA GOSPA","Centre Medical","ABIDJAN",208,158,96,4783680,4643360,140320,30276.4556962025,49830,0.0302194962268702,1.64583333333333,0.0288461538461538,33841.4752475248,1.23636363636364,0.0589823610679747,0.695130620776936,0.133703428661078,0.512348025404468,"Économique",0.695130620776936,0.133703428661078,1,1.924,1,0,0.347565310388468,0.0668517143305391,0.641333333333333,0.256174012702234,0.342342508685926,34.2342508685926,0.933043004899292,0.652434689611532,0.657657491314074,0.710645473350101,71.0645473350101,"CONSERVER"
"CENTRE MEDICAL INTIMA","Centre Medical","ABIDJAN",19,18,12,456800,434300,22500,25377.7777777778,38066.6666666667,0.0518075063320286,1.5,0,33841.4752475248,1.23636363636364,0.0589823610679747,0.592564606068843,0.122385458167331,0.878355925296422,"Économique",0.592564606068843,0.122385458167331,1,0,1,0,0.296282303034421,0.0611927290836653,0.333333333333333,0.439177962648211,0.251160305900247,25.1160305900247,0.62166575939031,0.703717696965579,0.748839694099753,0.705356108304195,70.5356108304195,"SURVEILLER (FAIBLE VOLUME)"
"CENTRE MEDICAL IVOIRE N'DOTRE","Centre Medical","ABIDJAN",11,4,4,277500,272500,5000,69375,69375,0.018348623853211,1,0,33841.4752475248,1.23636363636364,0.0589823610679747,1.61988846722519,0.0815903054448871,0.311086628628939,"Coût Élevé",1.61988846722519,0.0815903054448871,1,6.16666666666667,1,0,0.809944233612596,0.0407951527224436,1,0.155543314314469,0.570776147331959,57.0776147331959,0.528034839412085,0.190055766387404,0.429223852668041,0.353318815504595,35.3318815504595,"SURVEILLER (FAIBLE VOLUME)"
"CENTRE MEDICAL KAPP SANTE","Centre Medical","ABIDJAN",105,65,47,3644610,3138391,506219,56070.9230769231,77544.8936170213,0.161298894879574,1.38297872340426,0.00952380952380952,33841.4752475248,1.23636363636364,0.0589823610679747,1.30028664773334,0.112339435659483,2.73469715282648,"Coût Élevé",1.30028664773334,0.112339435659483,1,2.56944444444444,1,1,0.65014332386667,0.0561697178297417,0.856481481481481,1,0.568838356953368,56.8838356953368,0.915078933043005,0.34985667613333,0.431161643046632,0.495423114280586,49.5423114280586,"RENÉGOCIER"
"CENTRE MEDICAL KEREN","Centre Medical","ABIDJAN",5,1,1,121800,113250,8550,121800,121800,0.0754966887417219,1,0,33841.4752475248,1.23636363636364,0.0589823610679747,2.84399877921482,0.0815903054448871,1.27998756534543,"Coût Élevé",2.84399877921482,0.0815903054448871,1,6.16666666666667,1,0,1,0.0407951527224436,1,0.639993782672714,0.676237924084004,67.6237924084004,0.400653238976592,0,0.323762075915996,0.209635478161717,20.9635478161717,"SURVEILLER (FAIBLE VOLUME)"
"CENTRE MEDICAL L'ARCHE","Centre Medical","ABIDJAN",5,5,5,141325,127125,14200,28265,28265,0.111701081612586,1,0,33841.4752475248,1.23636363636364,0.0589823610679747,0.65998050488101,0.0815903054448871,1.89380485267206,"Économique",0.65998050488101,0.0815903054448871,1,0,1,0,0.329990252440505,0.0407951527224436,0.333333333333333,0.94690242633603,0.305925864182488,30.5925864182488,0.425149700598802,0.670009747559495,0.694074135817512,0.630663493470563,63.0663493470564,"SURVEILLER (FAIBLE VOLUME)"
"CENTRE MEDICAL L'ODYSSEE SARL","Centre Medical","ABIDJAN",36,27,16,2581865,2045320,536545,95624.6296296296,161366.5625,0.262328144251266,1.6875,0,33841.4752475248,1.23636363636364,0.0589823610679747,2.23281059055449,0.137683640438247,4.44756940043387,"Coût Élevé",2.23281059055449,0.137683640438247,1,2.05555555555556,1,1,1,0.0688418202191235,0.685185185185185,1,0.626208101621293,62.6208101621293,0.887316276537833,0,0.373791898378707,0.32698001465905,32.698001465905,"AUDITER"
"CENTRE MEDICAL LA BONNE SEMENCE","Centre Medical","ABIDJAN",15,6,5,316960,272435,44525,52826.6666666667,63392,0.16343347954558,1.2,0,33841.4752475248,1.23636363636364,0.0589823610679747,1.23348912569777,0.0979083665338645,2.77088737355274,"Standard",1.23348912569777,0.0979083665338645,1,4.11111111111111,1,0,0.616744562848885,0.0489541832669323,1,1,0.599709623834745,59.9709623834745,0.557430593358737,0.383255437151115,0.400290376165255,0.424904443998295,42.4904443998295,"SURVEILLER (FAIBLE VOLUME)"
"CENTRE MEDICAL LA CHRYSALIDE","Hopital","ABIDJAN",932,650,355,27879125.4444444,25401565,2477560.44444444,42890.9622222222,78532.7477308294,0.0975357401972849,1.83098591549296,0.0107296137339056,15500,1,0,0.995323686879442,0.148779196007527,0,"Standard",0.995323686879442,0.148779196007527,1,1,1,0,0.497661843439721,0.0743895980037635,0.333333333333333,0,0.271615432433045,27.1615432433045,0.995100707675558,0.502338156560279,0.728384567566955,0.691309231186005,69.1309231186005,"CONSERVER"
"CENTRE MEDICAL LA COLOMBE","Centre Medical","HORS-ABIDJAN",12,4,2,230625,220625,10000,57656.25,115312.5,0.0453257790368272,2,0,33841.4752475248,1.23636363636364,0.0589823610679747,1.34625865857229,0.163180610889774,0.7684632865848,"Coût Élevé",1.34625865857229,0.163180610889774,1,6.16666666666667,1,0,0.673129329286144,0.0815903054448871,1,0.3842316432924,0.564839054748549,56.4839054748549,0.501905280348394,0.326870670713856,0.435160945251451,0.405193702455802,40.5193702455802,"SURVEILLER (FAIBLE VOLUME)"
"CENTRE MEDICAL LA MAIN DE DIEU","Centre Medical","ABIDJAN",2,1,1,34000,34000,0,34000,34000,0,1,0,33841.4752475248,1.23636363636364,0.0589823610679747,0.793891284838292,0.0815903054448871,0,"Économique",0.793891284838292,0.0815903054448871,1,6.16666666666667,1,0,0.396945642419146,0.0407951527224436,1,0,0.431322238542477,43.1322238542477,0.235710397387044,0.603054357580854,0.568677761457523,0.51583492709276,51.583492709276,"SURVEILLER (FAIBLE VOLUME)"
"CENTRE MEDICAL LA MAISON DE SAINT RAPHAEL","Centre Medical","ABIDJAN",31,22,12,699303,641899,57404,31786.5,58275.25,0.0894283991718323,1.83333333333333,0,33841.4752475248,1.23636363636364,0.0589823610679747,0.742206627220952,0.14958222664896,1.51618886651163,"Économique",0.742206627220952,0.14958222664896,1,2.39814814814815,1,1,0.371103313610476,0.0747911133244799,0.799382716049383,0.758094433255816,0.449392586220883,44.9392586220883,0.690255851932499,0.628896686389524,0.550607413779117,0.609852810453956,60.9852810453956,"CONSERVER"
"CENTRE MEDICAL LA MISERICORDE","Centre Medical","ABIDJAN",42,25,16,1598671,1344306,254365,63946.84,99916.9375,0.189216592055678,1.5625,0,33841.4752475248,1.23636363636364,0.0589823610679747,1.49314232261614,0.127484852257636,3.20801996782756,"Coût Élevé",1.49314232261614,0.127484852257636,1,3.08333333333333,1,1,0.746571161308069,0.0637424261288181,1,1,0.643094076231066,64.3094076231066,0.825258573761568,0.253428838691931,0.356905923768934,0.409185619736659,40.9185619736659,"AUDITER"
"CENTRE MEDICAL LA PAIX","Centre Medical","HORS-ABIDJAN",48,33,24,718700,704100,14600,21778.7878787879,29945.8333333333,0.0207356909529896,1.375,0,33841.4752475248,1.23636363636364,0.0589823610679747,0.508529114450339,0.11218666998672,0.351557492401714,"Économique",0.508529114450339,0.11218666998672,1,0,1,0,0.25426455722517,0.0560933349933599,0.333333333333333,0.175778746200857,0.210685242285645,21.0685242285644,0.697876973326075,0.74573544277483,0.789314757714356,0.753595474860889,75.3595474860889,"PRIVILÉGIER"
"CENTRE MEDICAL LA PAIX D'ADJOUFFOU","Centre Medical","ABIDJAN",3,3,3,65000,65000,0,21666.6666666667,21666.6666666667,0,1,0,33841.4752475248,1.23636363636364,0.0589823610679747,0.505911112887147,0.0815903054448871,0,"Économique",0.505911112887147,0.0815903054448871,1,0,1,0,0.252955556443574,0.0407951527224436,0.333333333333333,0,0.188125212749805,18.8125212749805,0.321175830157866,0.747044443556427,0.811874787250195,0.687802858354222,68.7802858354222,"SURVEILLER (FAIBLE VOLUME)"
"CENTRE MEDICAL LA PROVIDENCE DU TONKPI - MAN","Centre Medical","HORS-ABIDJAN",12,8,5,277236,254928,22308,34654.5,55447.2,0.0875070608171719,1.6,0,33841.4752475248,1.23636363636364,0.0589823610679747,0.809173692071429,0.130544488711819,1.48361407093086,"Économique",0.809173692071429,0.130544488711819,1,2.64285714285714,1,0,0.404586846035715,0.0652722443559097,0.880952380952381,0.741807035465431,0.479424144949745,47.9424144949745,0.527490473598258,0.595413153964285,0.520575855050255,0.551893698325468,55.1893698325468,"SURVEILLER (FAIBLE VOLUME)"
"CENTRE MEDICAL LA RETINE","Centre Medical","ABIDJAN",87,70,52,6608425,5687775,920650,94406.0714285714,127085.096153846,0.161864701047422,1.34615384615385,0.0574712643678161,33841.4752475248,1.23636363636364,0.0589823610679747,2.16286277127168,0.108527993340378,2.74428995578661,"Coût Élevé",2.16286277127168,0.108527993340378,1,0.333333333333333,1,0,1,0.0542639966701889,0.333333333333333,1,0.516279199001057,51.6279199001057,0.958083832335329,0,0.483720800998943,0.385105086866643,38.5105086866643,"RENÉGOCIER"
"CENTRE MEDICAL LA RETINE DU GBEKE","Centre Medical","HORS-ABIDJAN",3,3,3,125000,125000,0,41666.6666666667,41666.6666666667,0,1,0,33841.4752475248,1.23636363636364,0.0589823610679747,0.972905986321437,0.0815903054448871,0,"Standard",0.972905986321437,0.0815903054448871,1,0,1,0,0.486452993160718,0.0407951527224436,0.333333333333333,0,0.258174443764949,25.8174443764949,0.407185628742515,0.513547006839282,0.741825556235052,0.583586150978236,58.3586150978236,"SURVEILLER (FAIBLE VOLUME)"
"CENTRE MEDICAL LA ROSE DU N`ZI","Centre Medical","HORS-ABIDJAN",8,5,4,123125,123125,0,24625,30781.25,0,1.25,0,33841.4752475248,1.23636363636364,0.0589823610679747,0.574987437915969,0.101987881806109,0,"Économique",0.574987437915969,0.101987881806109,1,4.625,1,0,0.287493718957985,0.0509939409030545,1,0,0.401546297958312,40.1546297958312,0.4028307022319,0.712506281042016,0.598453702041688,0.604950133679862,60.4950133679861,"SURVEILLER (FAIBLE VOLUME)"
"CENTRE MEDICAL LA VIERGE DES NOCES","Centre Medical","ABIDJAN",15,12,11,274225,270675,3550,22852.0833333333,24929.5454545455,0.0131153597487762,1.09090909090909,0,33841.4752475248,1.23636363636364,0.0589823610679747,0.533590288197992,0.0890076059398769,0.222360711088885,"Économique",0.533590288197992,0.0890076059398769,1,1.02777777777778,1,0,0.266795144098996,0.0445038029699384,0.342592592592593,0.111180355544442,0.207285497452902,20.7285497452902,0.524768644529124,0.733204855901004,0.792714502547098,0.715321472285065,71.5321472285065,"SURVEILLER (FAIBLE VOLUME)"
"CENTRE MEDICAL LE GRAND CENTRE","Centre Medical","ABIDJAN",4,3,3,60570,60570,0,20190,20190,0,1,0,33841.4752475248,1.23636363636364,0.0589823610679747,0.471431324731915,0.0815903054448871,0,"Économique",0.471431324731915,0.0815903054448871,1,6.16666666666667,1,0,0.235715662365958,0.0407951527224436,1,0,0.38295324452652,38.295324452652,0.313010342950463,0.764284337634042,0.61704675547348,0.615134505833101,61.5134505833101,"SURVEILLER (FAIBLE VOLUME)"
"CENTRE MEDICAL LE KIETTUN","Centre Medical","HORS-ABIDJAN",3,3,2,15000,15000,0,5000,7500,0,1.5,0,33841.4752475248,1.23636363636364,0.0589823610679747,0.116748718358572,0.122385458167331,0,"Économique",0.116748718358572,0.122385458167331,1,0,1,0,0.0583743591792862,0.0611927290836653,0.333333333333333,0,0.135870126478885,13.5870126478885,0.119760479041916,0.941625640820714,0.864129873521114,0.746254301545115,74.6254301545114,"SURVEILLER (FAIBLE VOLUME)"
"CENTRE MEDICAL LE LOTUS","Centre Medical","ABIDJAN",13,7,6,296450,276250,20200,42350,49408.3333333333,0.0731221719457014,1.16666666666667,0,33841.4752475248,1.23636363636364,0.0589823610679747,0.988861644497108,0.0951886896857016,1.23972948219945,"Standard",0.988861644497108,0.0951886896857016,1,4.93333333333333,1,0,0.494430822248554,0.0475943448428508,1,0.619864741099726,0.524594024237394,52.4594024237394,0.544365813826892,0.505569177751446,0.475405975762606,0.501263224170999,50.1263224170999,"SURVEILLER (FAIBLE VOLUME)"
"CENTRE MEDICAL LE LOTUS DU NIRVANA","Centre Medical","HORS-ABIDJAN",11,10,9,130800,130800,0,13080,14533.3333333333,0,1.11111111111111,0,33841.4752475248,1.23636363636364,0.0589823610679747,0.305414647226025,0.0906558949387635,0,"Économique",0.305414647226025,0.0906558949387635,1,0,1,0,0.152707323613013,0.0453279474693817,0.333333333333333,0,0.159410581324718,15.9410581324718,0.413173652694611,0.847292676386987,0.840589418675282,0.75778756856383,75.778756856383,"SURVEILLER (FAIBLE VOLUME)"
"CENTRE MEDICAL LE MONT SINAI","Centre Medical","ABIDJAN",22,20,17,1100595,987135,113460,55029.75,64740.8823529412,0.114938686197936,1.17647058823529,0.0454545454545455,33841.4752475248,1.23636363636364,0.0589823610679747,1.25680004316959,0.0948259003650642,1.94869591716538,"Coût Élevé",1.25680004316959,0.0948259003650642,1,0.770833333333333,1,0,0.628400021584794,0.0474129501825321,0.333333333333333,0.974347958582689,0.400178687388467,40.0178687388467,0.774632553075667,0.371599978415206,0.599821312611533,0.543495027025829,54.3495027025829,"SURVEILLER"
"CENTRE MEDICAL LE NOUVEAU LOTUS","Centre Medical","ABIDJAN",2,1,1,26750,24250,2500,26750,26750,0.103092783505155,1,0,33841.4752475248,1.23636363636364,0.0589823610679747,0.624605643218362,0.0815903054448871,1.74785786188424,"Économique",0.624605643218362,0.0815903054448871,1,6.16666666666667,1,0,0.312302821609181,0.0407951527224436,1,0.873928930942121,0.4933222853937,49.33222853937,0.207947740881873,0.687697178390819,0.5066777146063,0.519339505375222,51.9339505375222,"SURVEILLER (FAIBLE VOLUME)"
"CENTRE MEDICAL LE PHENIX","Centre Medical","ABIDJAN",6,5,5,216400,198200,18200,43280,43280,0.0918264379414733,1,0,33841.4752475248,1.23636363636364,0.0589823610679747,1.0105769061118,0.0815903054448871,1.55684574640285,"Standard",1.0105769061118,0.0815903054448871,1,3.08333333333333,1,0,0.505288453055901,0.0407951527224436,1,0.778422873201423,0.541667369053646,54.1667369053646,0.489384866630376,0.494711546944099,0.458332630946354,0.479094644482256,47.9094644482256,"SURVEILLER (FAIBLE VOLUME)"
"CENTRE MEDICAL LES ABES","Centre Medical","ABIDJAN",158,101,64,3417989,3177565,240424,33841.4752475248,53406.078125,0.075662968342111,1.578125,0,33841.4752475248,1.23636363636364,0.0589823610679747,0.790189772502373,0.128759700780212,1.2828067064815,"Économique",0.790189772502373,0.128759700780212,1,2.37857142857143,1,1,0.395094886251187,0.0643798503901062,0.792857142857143,0.641403353240748,0.439839899173605,43.9839899173606,0.910179640718563,0.604905113748813,0.560160100826395,0.648062013973796,64.8062013973796,"CONSERVER"
"CENTRE MEDICAL LES ARCHANGES","Centre Medical","ABIDJAN",16,15,14,590000,5e+05,90000,39333.3333333333,42142.8571428571,0.18,1.07142857142857,0,33841.4752475248,1.23636363636364,0.0589823610679747,0.918423251087436,0.0874181844052362,3.05175982684989,"Standard",0.918423251087436,0.0874181844052362,1,0,1,0,0.459211625543718,0.0437090922026181,0.333333333333333,1,0.350876215323901,35.0876215323901,0.659227000544366,0.540788374456282,0.649123784676099,0.607810263761826,60.7810263761826,"SURVEILLER (FAIBLE VOLUME)"
"CENTRE MEDICAL LES BLEUETS","Centre Medical","ABIDJAN",118,86,39,2885300,2764250,121050,33550,73982.0512820513,0.0437912634530162,2.20512820512821,0.0169491525423729,33841.4752475248,1.23636363636364,0.0589823610679747,0.775312483062488,0.178014220604439,0.742446769849525,"Économique",0.775312483062488,0.178014220604439,1,1.32142857142857,1,0,0.387656241531244,0.0890071103022196,0.44047619047619,0.371223384924763,0.312264201185372,31.2264201185372,0.89493739793141,0.612343758468756,0.687735798814628,0.699019302499635,69.9019302499635,"CONSERVER"
"CENTRE MEDICAL LES ELEIS","Centre Medical","ABIDJAN",2,1,1,49500,40500,9000,49500,49500,0.222222222222222,1,0,33841.4752475248,1.23636363636364,0.0589823610679747,1.15581231174987,0.0815903054448871,3.76760472450603,"Standard",1.15581231174987,0.0815903054448871,1,6.16666666666667,1,0,0.577906155874933,0.0407951527224436,1,1,0.585610392579213,58.5610392579213,0.283070223189984,0.422093844125067,0.414389607420787,0.391207425256338,39.1207425256338,"SURVEILLER (FAIBLE VOLUME)"
"CENTRE MEDICAL LES PRODIGES","Centre Medical","HORS-ABIDJAN",7,6,5,124125,124125,0,20687.5,24825,0,1.2,0,33841.4752475248,1.23636363636364,0.0589823610679747,0.483047822208593,0.0979083665338645,0,"Économique",0.483047822208593,0.0979083665338645,1,1.02777777777778,1,0,0.241523911104297,0.0489541832669323,0.342592592592593,0,0.189921206089146,18.9921206089146,0.405552531301034,0.758476088895703,0.810078793910854,0.70853245938283,70.853245938283,"SURVEILLER (FAIBLE VOLUME)"
"CENTRE MEDICAL LES ROSIERS","Centre Medical","ABIDJAN",20,15,6,995350,810950,184400,66356.6666666667,165891.666666667,0.227387631789876,2.5,0,33841.4752475248,1.23636363636364,0.0589823610679747,1.54941115757607,0.203975763612218,3.85518022121599,"Coût Élevé",1.54941115757607,0.203975763612218,1,1.23333333333333,1,0,0.774705578788034,0.101987881806109,0.411111111111111,1,0.486341371511576,48.6341371511576,0.755035383777899,0.225294421211966,0.513658628488424,0.446588296635736,44.6588296635736,"SURVEILLER (FAIBLE VOLUME)"
"CENTRE MEDICAL LIRING","Centre Medical","ABIDJAN",231,177,99,5696520,5179270,517250,32183.7288135593,57540.6060606061,0.0998692865983044,1.78787878787879,0.0432900432900433,33841.4752475248,1.23636363636364,0.0589823610679747,0.740248782047877,0.145261882781549,1.69320598209368,"Économique",0.740248782047877,0.145261882781549,1,1.45357142857143,1,0,0.370124391023939,0.0726309413907743,0.48452380952381,0.846602991046842,0.362844041686241,36.2844041686241,0.948829613500272,0.629875608976062,0.637155958313759,0.696578549615983,69.6578549615983,"CONSERVER"
"CENTRE MEDICAL LOGNON (EX CENTRE MEDICAL SAINT JOSEPH - YOPOUGON)","Centre Medical","ABIDJAN",7,7,3,56000,56000,0,8000,18666.6666666667,0,2.33333333333333,0,33841.4752475248,1.23636363636364,0.0589823610679747,0.186797949373716,0.190377379371403,0,"Économique",0.186797949373716,0.190377379371403,1,0,1,0,0.0933989746868579,0.0951886896857016,0.333333333333333,0,0.156576299311768,15.6576299311768,0.302123026673925,0.906601025313142,0.843423700688232,0.760434495735335,76.0434495735335,"SURVEILLER (FAIBLE VOLUME)"
"CENTRE MEDICAL MAGNE VIANNEY","Centre Medical","ABIDJAN",3,2,2,55575,55575,0,27787.5,27787.5,0,1,0,33841.4752475248,1.23636363636364,0.0589823610679747,0.648831002277766,0.0815903054448871,0,"Économique",0.648831002277766,0.0815903054448871,1,3.08333333333333,1,0,0.324415501138883,0.0407951527224436,1,0,0.409563196158398,40.9563196158398,0.299945563418617,0.675584498861117,0.590436803841602,0.566397633764811,56.6397633764811,"SURVEILLER (FAIBLE VOLUME)"
"CENTRE MEDICAL MALON","Centre Medical","ABIDJAN",10,5,5,204150,204150,0,40830,40830,0,1,0,33841.4752475248,1.23636363636364,0.0589823610679747,0.953370034116102,0.0815903054448871,0,"Standard",0.953370034116102,0.0815903054448871,1,4.93333333333333,1,0,0.476685017058051,0.0407951527224436,1,0,0.455244050934148,45.5244050934148,0.477408818726184,0.523314982941949,0.544755949065852,0.522710136548357,52.2710136548357,"SURVEILLER (FAIBLE VOLUME)"
"CENTRE MEDICAL MARIE ADADE","Centre Medical","ABIDJAN",4,2,2,334000,217000,117000,167000,167000,0.539170506912442,1,0,33841.4752475248,1.23636363636364,0.0589823610679747,3.89940719317632,0.0815903054448871,9.14121607120934,"Coût Élevé",3.89940719317632,0.0815903054448871,1,3.08333333333333,1,0,1,0.0407951527224436,1,1,0.712238545816733,71.2238545816733,0.56559608056614,0,0.287761454183267,0.228223797786535,22.8223797786535,"SURVEILLER (FAIBLE VOLUME)"
"CENTRE MEDICAL MARVING","Centre Medical","ABIDJAN",27,19,7,454325,411175,43150,23911.8421052632,64903.5714285714,0.104943150726576,2.71428571428571,0,33841.4752475248,1.23636363636364,0.0589823610679747,0.558335383876404,0.221459400493265,1.77922939716899,"Économique",0.558335383876404,0.221459400493265,1,1.92708333333333,1,0,0.279167691938202,0.110729700246633,0.642361111111111,0.889614698584495,0.398639020847233,39.8639020847233,0.621121393576483,0.720832308061798,0.601360979152767,0.653101593601123,65.3101593601123,"SURVEILLER (FAIBLE VOLUME)"
"CENTRE MEDICAL MERE MARIE","Centre Medical","ABIDJAN",78,57,36,2337675,2152050,185625,41011.8421052632,64935.4166666667,0.0862549661950233,1.58333333333333,0,33841.4752475248,1.23636363636364,0.0589823610679747,0.957616000662722,0.129184650287738,1.46238578166815,"Standard",0.957616000662722,0.129184650287738,1,2.15833333333333,1,1,0.478808000331361,0.064592325143869,0.719444444444444,0.731192890834076,0.45197272005931,45.197272005931,0.873162765378334,0.521191999668639,0.54802727994069,0.602320264919398,60.2320264919398,"CONSERVER"
"CENTRE MEDICAL MIENMOH","Centre Medical","HORS-ABIDJAN",115,86,61,5570233.33333333,4975500,594733.333333333,64770.1550387597,91315.3005464481,0.119532375305664,1.40983606557377,0,33841.4752475248,1.23636363636364,0.0589823610679747,1.51236651773224,0.115028955217382,2.02657833869872,"Coût Élevé",1.51236651773224,0.115028955217382,1,2.44339622641509,1,1,0.756183258866122,0.0575144776086909,0.814465408805031,1,0.588448943583953,58.8448943583953,0.946107784431138,0.243816741133878,0.411551056416047,0.451368675906197,45.1368675906197,"RENÉGOCIER"
"CENTRE MEDICAL MIENSAH","Centre Medical","ABIDJAN",23,18,8,532500,530000,2500,29583.3333333333,66562.5,0.00471698113207547,2.25,0,33841.4752475248,1.23636363636364,0.0589823610679747,0.69076325028822,0.183578187250996,0.0799727417937602,"Économique",0.69076325028822,0.183578187250996,1,0,1,0,0.34538162514411,0.091789093625498,0.333333333333333,0.0399863708968801,0.23514985272057,23.514985272057,0.641807294501905,0.65461837485589,0.76485014727943,0.696148867754509,69.6148867754509,"SURVEILLER (FAIBLE VOLUME)"
"CENTRE MEDICAL MISERICORDE DIEU","Centre Medical","ABIDJAN",6,4,3,128825,128825,0,32206.25,42941.6666666667,0,1.33333333333333,0,33841.4752475248,1.23636363636364,0.0589823610679747,0.752007682127154,0.108787073926516,0,"Économique",0.752007682127154,0.108787073926516,1,4.11111111111111,1,0,0.376003841063577,0.0543935369632581,1,0,0.429119213408051,42.9119213408051,0.41154055525313,0.623996158936423,0.570880786591949,0.560258889261975,56.0258889261975,"SURVEILLER (FAIBLE VOLUME)"
"CENTRE MEDICAL MONICA","Centre Medical","HORS-ABIDJAN",25,15,9,890720,805400,85320,59381.3333333333,98968.8888888889,0.105934939160666,1.66666666666667,0,33841.4752475248,1.23636363636364,0.0589823610679747,1.38653891221797,0.135983842408145,1.79604439772392,"Coût Élevé",1.38653891221797,0.135983842408145,1,3.92424242424242,1,1,0.693269456108984,0.0679919212040726,1,0.898022198861961,0.618180633080113,61.8180633080113,0.740337506804573,0.306730543891016,0.381819366919887,0.423487465685276,42.3487465685276,"SURVEILLER (FAIBLE VOLUME)"
"CENTRE MEDICAL NIMATOULLAH","Centre Medical","ABIDJAN",22,17,17,268000,263000,5000,15764.7058823529,15764.7058823529,0.0190114068441065,1,0.0454545454545455,33841.4752475248,1.23636363636364,0.0589823610679747,0.358657483301958,0.0806020153103046,0.322323598104128,"Économique",0.358657483301958,0.0806020153103046,1,1.64444444444444,1,0,0.179328741650979,0.0403010076551523,0.548148148148148,0.161161799052064,0.24644954914149,24.644954914149,0.522591181273816,0.820671258349021,0.75355045085851,0.734206919937776,73.4206919937776,"SURVEILLER (FAIBLE VOLUME)"
"CENTRE MEDICAL NOA AARON","Centre Medical","ABIDJAN",63,24,13,1649200,1547350,101850,68716.6666666667,126861.538461538,0.0658222121691925,1.84615384615385,0,33841.4752475248,1.23636363636364,0.0589823610679747,1.60451655264131,0.150628256205945,1.1159643489574,"Coût Élevé",1.60451655264131,0.150628256205945,1,4.4047619047619,1,1,0.802258276320657,0.0753141281029727,1,0.557982174478698,0.619069938774959,61.9069938774959,0.83015786608601,0.197741723679343,0.380930061225041,0.397500287178956,39.7500287178956,"AUDITER"
"CENTRE MEDICAL NOTRE DAME DE FATIMA - ABOBO","Centre Medical","ABIDJAN",16,8,5,306300,280900,25400,38287.5,61260,0.0904236383054468,1.6,0,33841.4752475248,1.23636363636364,0.0589823610679747,0.894003310830768,0.130544488711819,1.53306237098982,"Économique",0.894003310830768,0.130544488711819,1,3.85416666666667,1,0,0.447001655415384,0.0652722443559097,1,0.766531185494909,0.530335288480879,53.0335288480879,0.550898203592814,0.552998344584616,0.469664711519121,0.519244863160058,51.9244863160058,"SURVEILLER (FAIBLE VOLUME)"
"CENTRE MEDICAL NOTRE DAME DE L'ESPERANCE DE MAN SARL","Centre Medical","HORS-ABIDJAN",24,19,17,442000,411200,30800,23263.1578947368,26000,0.0749027237354086,1.11764705882353,0,33841.4752475248,1.23636363636364,0.0589823610679747,0.543188773836726,0.0911891649089915,1.26991735120753,"Économique",0.543188773836726,0.0911891649089915,1,2.05555555555556,1,1,0.271594386918363,0.0455945824544957,0.685185185185185,0.634958675603765,0.36420811392779,36.420811392779,0.614044637996734,0.728405613081637,0.63579188607221,0.668487927260886,66.8487927260886,"SURVEILLER (FAIBLE VOLUME)"
"CENTRE MEDICAL NOTRE DAME DE LA TENDRESSE","Centre Medical","HORS-ABIDJAN",1,1,1,17500,17500,0,17500,17500,0,1,0,33841.4752475248,1.23636363636364,0.0589823610679747,0.408620514255003,0.0815903054448871,0,"Économique",0.408620514255003,0.0815903054448871,1,0,1,0,0.204310257127502,0.0407951527224436,0.333333333333333,0,0.173531622954984,17.3531622954984,0.147523135547088,0.795689742872498,0.826468377045016,0.678367875076423,67.8367875076424,"SURVEILLER (FAIBLE VOLUME)"
"CENTRE MEDICAL NOTRE DAME DE LOURDES","Centre Medical","ABIDJAN",38,31,25,1316090,1052770,263320,42454.5161290323,52643.6,0.250121109074157,1.24,0,33841.4752475248,1.23636363636364,0.0589823610679747,0.991302069319571,0.10117197875166,4.24060862510917,"Standard",0.991302069319571,0.10117197875166,1,1.17460317460317,1,0,0.495651034659786,0.05058598937583,0.391534391534391,1,0.381331424671002,38.1331424671002,0.797495917256396,0.504348965340214,0.618668575328998,0.608706199718964,60.8706199718964,"CONSERVER"
"CENTRE MEDICAL OASIS""LE PARISIEN"" SOUBRE","Centre Medical","HORS-ABIDJAN",2,2,2,38600,35800,2800,19300,19300,0.0782122905027933,1,0,33841.4752475248,1.23636363636364,0.0589823610679747,0.450650052864089,0.0815903054448871,1.32602847845743,"Économique",0.450650052864089,0.0815903054448871,1,0,1,0,0.225325026432045,0.0407951527224436,0.333333333333333,0.663014239228716,0.246137477669218,24.6137477669218,0.253674469243332,0.774674973567955,0.753862522330782,0.662149892208161,66.2149892208161,"SURVEILLER (FAIBLE VOLUME)"
"CENTRE MEDICAL OBIENETRE","Centre Medical","ABIDJAN",3,2,2,49025,49025,0,24512.5,24512.5,0,1,0,33841.4752475248,1.23636363636364,0.0589823610679747,0.572360591752901,0.0815903054448871,0,"Économique",0.572360591752901,0.0815903054448871,1,3.08333333333333,1,0,0.286180295876451,0.0407951527224436,1,0,0.398092634579668,39.8092634579668,0.280892759934676,0.71381970412355,0.601907365420332,0.582469379804488,58.2469379804488,"SURVEILLER (FAIBLE VOLUME)"
"CENTRE MEDICAL OCULAR","Centre Medical","ABIDJAN",23,18,4,3769300,3466300,303000,209405.555555556,942325,0.0874130917693218,4.5,0.0434782608695652,33841.4752475248,1.23636363636364,0.0589823610679747,4.77091524657824,0.348971215780513,1.48202089890199,"Coût Élevé",4.77091524657824,0.348971215780513,1,0,1,0,1,0.174485607890257,0.333333333333333,0.741010449450996,0.526446727312177,52.6446727312177,0.918889493739793,0,0.473553272687823,0.373199207823088,37.3199207823088,"SURVEILLER (FAIBLE VOLUME)"
"CENTRE MEDICAL OUNOUMA","Centre Medical","HORS-ABIDJAN",7,7,6,116000,112500,3500,16571.4285714286,19333.3333333333,0.0311111111111111,1.16666666666667,0,33841.4752475248,1.23636363636364,0.0589823610679747,0.386938609416983,0.0951886896857016,0.527464661430845,"Économique",0.386938609416983,0.0951886896857016,1,0,1,0,0.193469304708491,0.0475943448428508,0.333333333333333,0.263732330715422,0.198692327936945,19.8692327936945,0.395209580838323,0.806530695291509,0.801307672063055,0.72217726310949,72.217726310949,"SURVEILLER (FAIBLE VOLUME)"
"CENTRE MEDICAL PALMERAIE","Centre Medical","ABIDJAN",21,17,16,605800,552600,53200,35635.2941176471,37862.5,0.0962721679334057,1.0625,0,33841.4752475248,1.23636363636364,0.0589823610679747,0.832074983313214,0.0866896995351926,1.63221963634952,"Économique",0.832074983313214,0.0866896995351926,1,2.05555555555556,1,1,0.416037491656607,0.0433448497675963,0.685185185185185,0.81610981817476,0.424981239800292,42.4981239800292,0.663581927054981,0.583962508343393,0.575018760199708,0.596308892828237,59.6308892828237,"SURVEILLER (FAIBLE VOLUME)"
"CENTRE MEDICAL PEDIATRIQUE SPECIALISE SOURIRE D'ENFANCE","Centre Medical","ABIDJAN",445,333,149,10664585,10251610,412975,32025.7807807808,71574.3959731544,0.0402839163799637,2.23489932885906,0.00898876404494382,33841.4752475248,1.23636363636364,0.0589823610679747,0.743794232205648,0.18158403962354,0.682982431536408,"Économique",0.743794232205648,0.18158403962354,1,1.47159090909091,1,0,0.371897116102824,0.0907920198117701,0.490530303030303,0.341491215768204,0.32011495326029,32.011495326029,0.978769733260751,0.628102883897176,0.67988504673971,0.718949118906905,71.8949118906905,"CONSERVER"
"CENTRE MEDICAL PENIEL","Centre Medical","HORS-ABIDJAN",2,2,2,70025,52275,17750,35012.5,35012.5,0.339550454328073,1,0,33841.4752475248,1.23636363636364,0.0589823610679747,0.817532900305903,0.0815903054448871,5.75681353170578,"Économique",0.817532900305903,0.0815903054448871,1,0,1,0,0.408766450152952,0.0407951527224436,0.333333333333333,1,0.334868480862619,33.4868480862619,0.334240609689711,0.591233549847048,0.665131519137381,0.569394149531714,56.9394149531714,"SURVEILLER (FAIBLE VOLUME)"
"CENTRE MEDICAL PHILADELPHIE","Centre Medical","ABIDJAN",53,33,16,1308546,1242217,66329,39652.9090909091,81784.125,0.0533956627545751,2.0625,0,33841.4752475248,1.23636363636364,0.0589823610679747,0.925885263110524,0.16828000498008,0.905281880680206,"Standard",0.925885263110524,0.16828000498008,1,2.8030303030303,1,1,0.462942631555262,0.0841400024900398,0.934343434343434,0.452640940340103,0.489691914550631,48.9691914550631,0.79695155144257,0.537057368444738,0.510308085449369,0.578336491846157,57.8336491846157,"SURVEILLER"
"CENTRE MEDICAL PLANETE","Centre Medical","HORS-ABIDJAN",2,1,1,67600,67600,0,67600,67600,0,1,0,33841.4752475248,1.23636363636364,0.0589823610679747,1.5784426722079,0.0815903054448871,0,"Coût Élevé",1.5784426722079,0.0815903054448871,1,0,1,0,0.789221336103949,0.0407951527224436,0.333333333333333,0,0.349004946647918,34.9004946647918,0.327163854109962,0.210778663896051,0.650995053352082,0.410142257721245,41.0142257721245,"SURVEILLER (FAIBLE VOLUME)"
"CENTRE MEDICAL PRECIEUSE","Centre Medical","ABIDJAN",6,4,4,182475,175375,7100,45618.75,45618.75,0.0404846756949394,1,0,33841.4752475248,1.23636363636364,0.0589823610679747,1.06518611912402,0.0815903054448871,0.686386149382568,"Standard",1.06518611912402,0.0815903054448871,1,4.11111111111111,1,0,0.532593059562012,0.0407951527224436,1,0.343193074691284,0.506335771154465,50.6335771154465,0.459444746869897,0.467406940437988,0.493664228845535,0.476317417087388,47.6317417087388,"SURVEILLER (FAIBLE VOLUME)"
"CENTRE MEDICAL PRIMA","Centre Medical","ABIDJAN",1142,931,411,34924348.9047619,30913362,4010986.9047619,37512.727072784,84974.084926428,0.129749294326573,2.26520681265207,0.0157618213660245,33841.4752475248,1.23636363636364,0.0589823610679747,0.868396636746938,0.183793573929823,2.19979824437755,"Économique",0.868396636746938,0.183793573929823,1,1.08041329739443,1,0,0.434198318373469,0.0918967869649113,0.360137765798143,1,0.365869861340957,36.5869861340957,0.996189439303212,0.565801681626531,0.634130138659043,0.679210615974872,67.9210615974872,"CONSERVER"
"CENTRE MEDICAL PRIVE CONFESSIONNEL SAINTS COEURS D'ABOBOTE","Centre Medical","ABIDJAN",2,1,1,9000,9000,0,9000,9000,0,1,0,33841.4752475248,1.23636363636364,0.0589823610679747,0.21014769304543,0.0815903054448871,0,"Économique",0.21014769304543,0.0815903054448871,1,6.16666666666667,1,0,0.105073846522715,0.0407951527224436,1,0,0.343760699773548,34.3760699773548,0.0636908002177463,0.894926153477285,0.656239300226452,0.633204341525044,63.3204341525044,"SURVEILLER (FAIBLE VOLUME)"
"CENTRE MEDICAL PROSPERITE","Centre Medical","ABIDJAN",5,3,3,235615,222015,13600,78538.3333333333,78538.3333333333,0.0612571222665135,1,0,33841.4752475248,1.23636363636364,0.0589823610679747,1.833849951737,0.0815903054448871,1.03856680467432,"Coût Élevé",1.833849951737,0.0815903054448871,1,3.08333333333333,1,0,0.916924975868501,0.0407951527224436,1,0.51928340233716,0.639244378810999,63.9244378810999,0.505715841045182,0.0830750241314988,0.360755621189001,0.278675426337236,27.8675426337236,"SURVEILLER (FAIBLE VOLUME)"
"CENTRE MEDICAL PROSPERITE SARL","Centre Medical","ABIDJAN",40,28,19,1086300,976500,109800,38796.4285714286,57173.6842105263,0.112442396313364,1.47368421052632,0,33841.4752475248,1.23636363636364,0.0589823610679747,0.905886662520837,0.120238344866149,1.90637326613255,"Standard",0.905886662520837,0.120238344866149,1,2.41304347826087,1,1,0.452943331260419,0.0601191724330747,0.804347826086957,0.953186633066273,0.490541762240762,49.0541762240762,0.772455089820359,0.547056668739581,0.509458237759238,0.5770969805636,57.70969805636,"SURVEILLER"
"CENTRE MEDICAL QUINZE VINGT","Centre Medical","HORS-ABIDJAN",18,13,12,410000,389000,21000,31538.4615384615,34166.6666666667,0.0539845758354756,1.08333333333333,0,33841.4752475248,1.23636363636364,0.0589823610679747,0.736414992723303,0.0883894975652944,0.915266443356864,"Économique",0.736414992723303,0.0883894975652944,1,0,1,0,0.368207496361651,0.0441947487826472,0.333333333333333,0.457633221678432,0.269483995711133,26.9483995711133,0.602068590092542,0.631792503638349,0.730516004288867,0.665337121189395,66.5337121189395,"SURVEILLER (FAIBLE VOLUME)"
"CENTRE MEDICAL RACHAM","Centre Medical","ABIDJAN",2,1,1,33750,33750,0,33750,33750,0,1,0,33841.4752475248,1.23636363636364,0.0589823610679747,0.788053848920364,0.0815903054448871,0,"Économique",0.788053848920364,0.0815903054448871,1,6.16666666666667,1,0,0.394026924460182,0.0407951527224436,1,0,0.430446623154788,43.0446623154788,0.234077299945563,0.605973075539818,0.569553376845212,0.517026040943125,51.7026040943125,"SURVEILLER (FAIBLE VOLUME)"
"CENTRE MEDICAL RADIUS","Centre Medical","ABIDJAN",168,137,105,5999650,5177150,822500,43793.0656934307,57139.5238095238,0.158871193610384,1.3047619047619,0,33841.4752475248,1.23636363636364,0.0589823610679747,1.02255685854016,0.106455922342377,2.69353736835478,"Standard",1.02255685854016,0.106455922342377,1,1.60502283105023,1,0,0.511278429270079,0.0532279611711883,0.535007610350076,1,0.429854200237403,42.9854200237403,0.952095808383233,0.488721570729921,0.570145799762597,0.613966109873654,61.3966109873654,"CONSERVER"
"CENTRE MEDICAL RAMSAY FPARIS","Centre Medical","ABIDJAN",2,2,2,50381,50381,0,25190.5,25190.5,0,1,0,33841.4752475248,1.23636363636364,0.0589823610679747,0.588191717962324,0.0815903054448871,0,"Économique",0.588191717962324,0.0815903054448871,1,0,1,0,0.294095858981162,0.0407951527224436,0.333333333333333,0,0.200467303511082,20.0467303511082,0.286336418072945,0.705904141018838,0.799532696488918,0.659442018617692,65.9442018617692,"SURVEILLER (FAIBLE VOLUME)"
"CENTRE MEDICAL RESTORE HOPE","Centre Medical","ABIDJAN",2,1,1,53400,53400,0,53400,53400,0,1,0,33841.4752475248,1.23636363636364,0.0589823610679747,1.24687631206955,0.0815903054448871,0,"Standard",1.24687631206955,0.0815903054448871,1,0,1,0,0.623438156034777,0.0407951527224436,0.333333333333333,0,0.299269992627166,29.9269992627166,0.294501905280348,0.376561843965223,0.700730007372834,0.489817121591293,48.9817121591293,"SURVEILLER (FAIBLE VOLUME)"
"CENTRE MEDICAL RIMA","Centre Medical","ABIDJAN",3,1,1,330525,203775,126750,330525,330525,0.62200956937799,1,0,33841.4752475248,1.23636363636364,0.0589823610679747,7.71767402709343,0.0815903054448871,10.5456878652442,"Coût Élevé",7.71767402709343,0.0815903054448871,1,6.16666666666667,1,0,1,0.0407951527224436,1,1,0.712238545816733,71.2238545816733,0.564507348938487,0,0.287761454183267,0.228006051461004,22.8006051461004,"SURVEILLER (FAIBLE VOLUME)"
"CENTRE MEDICAL RIVIERA AMBASSADE","Centre Medical","ABIDJAN",196,172,137,10246451,9088326,1158125,59572.3895348837,74791.6131386861,0.127429957948251,1.25547445255474,0.0510204081632653,33841.4752475248,1.23636363636364,0.0589823610679747,1.36262864139451,0.101814905741169,2.16047570224247,"Coût Élevé",1.36262864139451,0.101814905741169,1,0,1,0,0.681314320697255,0.0509074528705843,0.333333333333333,1,0.419666532070352,41.9666532070352,0.978225367446924,0.318685679302745,0.580333467929648,0.555252732382342,55.5252732382342,"RENÉGOCIER"
"CENTRE MEDICAL SACRE COEUR DE SINFRA","Centre Medical","HORS-ABIDJAN",2,2,2,44000,44000,0,22000,22000,0,1,0,33841.4752475248,1.23636363636364,0.0589823610679747,0.513694360777719,0.0815903054448871,0,"Économique",0.513694360777719,0.0815903054448871,1,0,1,0,0.256847180388859,0.0407951527224436,0.333333333333333,0,0.189292699933391,18.9292699933391,0.268916712030485,0.743152819611141,0.810707300066609,0.675327390277197,67.5327390277197,"SURVEILLER (FAIBLE VOLUME)"
"CENTRE MEDICAL SADIO KONE","Centre Medical","HORS-ABIDJAN",3,2,1,435775,315075,120700,217887.5,435775,0.383083392842974,2,1,33841.4752475248,1.23636363636364,0.0589823610679747,3.51439010386048,0.13503375843961,6.49488060339745,"Coût Élevé",3.51439010386048,0.13503375843961,1,0,1,0,1,0.067516879219805,0.333333333333333,1,0.520255063765941,52.0255063765941,0.610234077299946,0,0.479744936234059,0.313944789953613,31.3944789953613,"SURVEILLER (FAIBLE VOLUME)"
"CENTRE MEDICAL SAINT ASTRIDE","Centre Medical","HORS-ABIDJAN",34,29,18,551000,529500,21500,19000,30611.1111111111,0.040604343720491,1.61111111111111,0.0294117647058824,33841.4752475248,1.23636363636364,0.0589823610679747,0.436900990917298,0.129946247878889,0.68841502756555,"Économique",0.436900990917298,0.129946247878889,1,0.880952380952381,1,0,0.218450495458649,0.0649731239394444,0.333333333333333,0.344207513782775,0.219447837197705,21.9447837197705,0.648339684267828,0.781549504541351,0.780552162802295,0.754508603791024,75.4508603791024,"PRIVILÉGIER"
"CENTRE MEDICAL SAINT EMMHANUEL","Centre Medical","ABIDJAN",26,22,18,343900,308750,35150,15631.8181818182,19105.5555555556,0.113846153846154,1.22222222222222,0,33841.4752475248,1.23636363636364,0.0589823610679747,0.3649989476683,0.0997214844326398,1.93017288193925,"Économique",0.3649989476683,0.0997214844326398,1,4.11111111111111,1,0,0.18249947383415,0.0498607422163199,1,0.965086440969623,0.466216708912103,46.6216708912103,0.569406641262929,0.81750052616585,0.533783291087897,0.654394855154084,65.4394855154084,"CONSERVER"
"CENTRE MEDICAL SAINT JEAN","Centre Medical","HORS-ABIDJAN",34,28,14,790650,733600,57050,28237.5,56475,0.0777671755725191,2,0,33841.4752475248,1.23636363636364,0.0589823610679747,0.659338386930038,0.163180610889774,1.31848190144331,"Économique",0.659338386930038,0.163180610889774,1,1.23333333333333,1,0,0.329669193465019,0.0815903054448871,0.411111111111111,0.659240950721655,0.312635278078471,31.2635278078471,0.715296679368536,0.670330806534981,0.687364721921529,0.686137547256311,68.6137547256311,"CONSERVER"
"CENTRE MEDICAL SAINT JEAN MARIE-VIANNEY","Centre Medical","HORS-ABIDJAN",61,32,22,2292020,2103375,188645,71625.625,104182.727272727,0.0896868128602841,1.45454545454545,0,33841.4752475248,1.23636363636364,0.0589823610679747,1.67243998407634,0.118676807919836,1.52057006936233,"Coût Élevé",1.67243998407634,0.118676807919836,1,4.72777777777778,1,1,0.836219992038172,0.0593384039599179,1,0.760285034681163,0.644696022267543,64.4696022267543,0.872618399564507,0.163780007961828,0.355303977732457,0.382157274190615,38.2157274190615,"AUDITER"
"CENTRE MEDICAL SAINT JOSEPH - PLATEAU","Centre Medical","ABIDJAN",244,175,138,8704740,8067240,637500,49741.3714285714,63077.8260869565,0.0790233090871227,1.26811594202899,0.0163934426229508,33841.4752475248,1.23636363636364,0.0589823610679747,1.14968462162107,0.102999239253596,1.33977866698235,"Standard",1.14968462162107,0.102999239253596,1,1.31205673758865,1,0,0.574842310810534,0.0514996196267982,0.437352245862884,0.669889333491175,0.386097186239182,38.6097186239182,0.972237343494828,0.425157689189466,0.613902813760818,0.610071669879079,61.0071669879079,"CONSERVER"
"CENTRE MEDICAL SAINT JOSEPH ABOBO BAOULE","Centre Medical","ABIDJAN",15,8,5,609450,581650,27800,76181.25,121890,0.0477950657611966,1.6,0,33841.4752475248,1.23636363636364,0.0589823610679747,1.7788126600908,0.130544488711819,0.810328120064824,"Coût Élevé",1.7788126600908,0.130544488711819,1,2.3125,1,0,0.889406330045399,0.0652722443559097,0.770833333333333,0.405164060032412,0.558169978323634,55.8169978323634,0.665759390310289,0.110593669954601,0.441830021676366,0.354121354714445,35.4121354714445,"SURVEILLER (FAIBLE VOLUME)"
"CENTRE MEDICAL SAINT LOUIS ORIONE","Centre Medical","ABIDJAN",203,145,109,5386155,4619710,766445,37145.8965517241,49414.2660550459,0.165907600260622,1.3302752293578,0.0147783251231527,33841.4752475248,1.23636363636364,0.0589823610679747,0.859387698327893,0.107918437934715,2.81283416358021,"Économique",0.859387698327893,0.107918437934715,1,1.63716814159292,1,0,0.429693849163947,0.0539592189673573,0.545722713864307,1,0.408812734598683,40.8812734598683,0.944474686989657,0.570306150836053,0.591187265401317,0.65349230389288,65.349230389288,"CONSERVER"
"CENTRE MEDICAL SAINT MICHEL ARCHANGE","Centre Medical","ABIDJAN",11,9,8,312535,284330,28205,34726.1111111111,39066.875,0.0991981148665283,1.125,0,33841.4752475248,1.23636363636364,0.0589823610679747,0.81084579315992,0.091789093625498,1.68182678804951,"Économique",0.81084579315992,0.091789093625498,1,0.880952380952381,1,0,0.40542289657996,0.045894546812749,0.333333333333333,0.840913394024755,0.319486572420288,31.9486572420288,0.55525313010343,0.59457710342004,0.680513427579712,0.621086838420587,62.1086838420587,"SURVEILLER (FAIBLE VOLUME)"
"CENTRE MEDICAL SAINT PIERRE","Centre Medical","ABIDJAN",13,9,4,188600,174700,13900,20955.5555555556,47150,0.0795649685174585,2.25,0,33841.4752475248,1.23636363636364,0.0589823610679747,0.489306850720594,0.183578187250996,1.34896208081198,"Économique",0.489306850720594,0.183578187250996,1,0,1,0,0.244653425360297,0.091789093625498,0.333333333333333,0.674481040405989,0.268380859736337,26.8380859736337,0.463799673380512,0.755346574639703,0.731619140263663,0.687546220637449,68.7546220637448,"SURVEILLER (FAIBLE VOLUME)"
"CENTRE MEDICAL SAINT RAPHAEL DE HIRE","Centre Medical","HORS-ABIDJAN",17,13,4,226600,198600,28000,17430.7692307692,56650,0.14098690835851,3.25,0,33841.4752475248,1.23636363636364,0.0589823610679747,0.407003993539269,0.265168492695883,2.39032323911259,"Économique",0.407003993539269,0.265168492695883,1,1.12121212121212,1,0,0.203501996769635,0.132584246347942,0.373737373737374,1,0.312947085056485,31.2947085056485,0.497550353837779,0.796498003230365,0.687052914943515,0.692930438037108,69.2930438037108,"SURVEILLER (FAIBLE VOLUME)"
"CENTRE MEDICAL SAINT SAUVEUR","Centre Medical","ABIDJAN",25,24,20,1504269.44444444,1302725,201544.444444444,62677.8935185185,75213.4722222222,0.154709892298408,1.2,0,33841.4752475248,1.23636363636364,0.0589823610679747,1.46351274754042,0.0979083665338645,2.62298574518086,"Coût Élevé",1.46351274754042,0.0979083665338645,1,0.385416666666667,1,0,0.731756373770211,0.0489541832669323,0.333333333333333,1,0.434213167111143,43.4213167111143,0.815459989112684,0.268243626229789,0.565786832888857,0.496704181469995,49.6704181469995,"SURVEILLER"
"CENTRE MEDICAL SAINT SAUVEUR MISERICORDIEUX","Centre Medical","ABIDJAN",47,34,17,1375925,1315675,60250,40468.3823529412,80936.7647058823,0.0457939840766147,2,0.0212765957446809,33841.4752475248,1.23636363636364,0.0589823610679747,0.932646879854844,0.161204030620609,0.776401338424534,"Standard",0.932646879854844,0.161204030620609,1,1.02777777777778,1,0,0.466323439927422,0.0806020153103046,0.342592592592593,0.388200669212267,0.305675481270322,30.5675481270322,0.803483941208492,0.533676560072578,0.694324518729678,0.651897219762601,65.1897219762601,"CONSERVER"
"CENTRE MEDICAL SAINTE BERNADEE","Centre Medical","HORS-ABIDJAN",3,2,2,56800,56800,0,28400,28400,0,1,0,33841.4752475248,1.23636363636364,0.0589823610679747,0.663132720276691,0.0815903054448871,0,"Économique",0.663132720276691,0.0815903054448871,1,3.08333333333333,1,0,0.331566360138346,0.0407951527224436,1,0,0.411708453858237,41.1708453858237,0.303756124115406,0.668433639861654,0.588291546141763,0.563441299224448,56.3441299224448,"SURVEILLER (FAIBLE VOLUME)"
"CENTRE MEDICAL SAINTE FAMILLE - GRAND BASSAM","Centre Medical","HORS-ABIDJAN",43,35,26,877400,849000,28400,25068.5714285714,33746.1538461538,0.0334511189634865,1.34615384615385,0,33841.4752475248,1.23636363636364,0.0589823610679747,0.585344717073208,0.109833103483502,0.567137672310802,"Économique",0.585344717073208,0.109833103483502,1,0.220238095238095,1,0,0.292672358536604,0.0549165517417509,0.333333333333333,0.283568836155401,0.232633556699047,23.2633556699047,0.736526946107784,0.707327641463396,0.767366443300953,0.737183023127297,73.7183023127297,"CONSERVER"
"CENTRE MEDICAL SAINTE FOI","Centre Medical","ABIDJAN",3,2,1,110675,89375,21300,55337.5,110675,0.238321678321678,2,0,33841.4752475248,1.23636363636364,0.0589823610679747,1.2921164404335,0.163180610889774,4.04055846538633,"Coût Élevé",1.2921164404335,0.163180610889774,1,0,1,0,0.64605822021675,0.0815903054448871,0.333333333333333,1,0.418294557698491,41.8294557698491,0.391399020141535,0.35394177978325,0.581705442301509,0.452538692862211,45.2538692862211,"SURVEILLER (FAIBLE VOLUME)"
"CENTRE MEDICAL SAINTE HELENE","Centre Medical","ABIDJAN",3,3,2,45000,45000,0,15000,22500,0,1.5,0,33841.4752475248,1.23636363636364,0.0589823610679747,0.350246155075717,0.122385458167331,0,"Économique",0.350246155075717,0.122385458167331,1,0,1,0,0.175123077537859,0.0611927290836653,0.333333333333333,0,0.170894741986457,17.0894741986457,0.272727272727273,0.824876922462141,0.829105258013543,0.716138326735728,71.6138326735728,"SURVEILLER (FAIBLE VOLUME)"
"CENTRE MEDICAL SAINTE LOUISE","Centre Medical","ABIDJAN",16,16,13,294700,294700,0,18418.75,22669.2307692308,0,1.23076923076923,0.0625,33841.4752475248,1.23636363636364,0.0589823610679747,0.418367865146866,0.0988341229361817,0,"Économique",0.418367865146866,0.0988341229361817,1,0,1,0,0.209183932573433,0.0494170614680909,0.333333333333333,0,0.177580298212457,17.7580298212457,0.543277082199238,0.790816067426567,0.822419701787543,0.753949724125492,75.3949724125492,"SURVEILLER (FAIBLE VOLUME)"
"CENTRE MEDICAL SAINTE MARIE","Centre Medical","ABIDJAN",3,1,1,67000,67000,0,67000,67000,0,1,0,33841.4752475248,1.23636363636364,0.0589823610679747,1.56443282600487,0.0815903054448871,0,"Coût Élevé",1.56443282600487,0.0815903054448871,1,6.16666666666667,1,0,0.782216413002435,0.0407951527224436,1,0,0.546903469717464,54.6903469717464,0.323897659227001,0.217783586997565,0.453096530282536,0.333131578757441,33.3131578757441,"SURVEILLER (FAIBLE VOLUME)"
"CENTRE MEDICAL SARAH DES DEUX PLATEAUX","Centre Medical","ABIDJAN",4,3,1,204250,200875,3375,68083.3333333333,204250,0.0168014934660859,3,0,33841.4752475248,1.23636363636364,0.0589823610679747,1.58972838164923,0.244770916334661,0.284856237727121,"Coût Élevé",1.58972838164923,0.244770916334661,1,6.16666666666667,1,0,0.794864190824614,0.122385458167331,1,0.14242811886356,0.589417706583939,58.9417706583939,0.477953184540011,0.205135809175386,0.410582293416061,0.341877877944581,34.1877877944581,"SURVEILLER (FAIBLE VOLUME)"
"CENTRE MEDICAL SAREPTA","Centre Medical","HORS-ABIDJAN",86,69,29,1383250,1259750,123500,20047.1014492754,47698.275862069,0.0980353244691407,2.37931034482759,0,33841.4752475248,1.23636363636364,0.0589823610679747,0.468094680201436,0.194128657782662,1.66211258237287,"Économique",0.468094680201436,0.194128657782662,1,1.13055555555556,1,0,0.234047340100718,0.0970643288913312,0.376851851851852,0.831056291186437,0.295494685371814,29.5494685371814,0.8056614044638,0.765952659899282,0.704505314628186,0.749315470703747,74.9315470703747,"CONSERVER"
"CENTRE MEDICAL SENTINELLE","Centre Medical","HORS-ABIDJAN",2,1,1,54000,46500,7500,54000,54000,0.161290322580645,1,0,33841.4752475248,1.23636363636364,0.0589823610679747,1.26088615827258,0.0815903054448871,2.73455181617373,"Coût Élevé",1.26088615827258,0.0815903054448871,1,6.16666666666667,1,0,0.630443079136291,0.0407951527224436,1,1,0.60137146955762,60.137146955762,0.295590636908002,0.369556920863709,0.39862853044238,0.366392307904036,36.6392307904036,"SURVEILLER (FAIBLE VOLUME)"
"CENTRE MEDICAL SERVANTES DE MARIE REPARATRICES","Centre Medical","ABIDJAN",1,1,1,5000,5000,0,5000,5000,0,1,1,33841.4752475248,1.23636363636364,0.0589823610679747,0.0806468958490157,0.067516879219805,0,"Économique",0.0806468958490157,0.067516879219805,1,0,1,0,0.0403234479245079,0.0337584396099025,0.333333333333333,0,0.122224566260323,12.2224566260323,0.0255851932498639,0.959676552075492,0.877775433739677,0.740097832976041,74.0097832976041,"SURVEILLER (FAIBLE VOLUME)"
"CENTRE MEDICAL SMGL CARDIOLOGIE","Centre Medical","ABIDJAN",70,68,55,1687500,1687500,0,24816.1764705882,30681.8181818182,0,1.23636363636364,0.0428571428571429,33841.4752475248,1.23636363636364,0.0589823610679747,0.568229176604067,0.0997412661856606,0,"Économique",0.568229176604067,0.0997412661856606,1,0,1,0,0.284114588302034,0.0498706330928303,0.333333333333333,0,0.200195566418459,20.0195566418459,0.832335329341317,0.715885411697966,0.799804433581541,0.772743003980066,77.2743003980066,"PRIVILÉGIER"
"CENTRE MEDICAL SMGL LABORATOIRE","Laboratoire","ABIDJAN",171,165,114,9732373.33333333,8431440,1300933.33333333,58984.0808080808,85371.6959064327,0.154295509821968,1.44736842105263,0.0175438596491228,70466.6666666667,1,0.18717005734016,1.36614392419575,0.117446994375767,0.824360007228902,"Coût Élevé",1.36614392419575,0.117446994375767,1,1,1,0,0.683071962097873,0.0587234971878833,0.333333333333333,0.412180003614451,0.363756638147172,36.3756638147172,0.976047904191617,0.316928037902127,0.636243361852828,0.576478140740305,57.6478140740305,"RENÉGOCIER"
"CENTRE MEDICAL SPECIALISE KREB'S","Centre Medical","ABIDJAN",18,16,11,634315,631850,2465,39644.6875,57665,0.00390124238347709,1.45454545454545,0,33841.4752475248,1.23636363636364,0.0589823610679747,0.925693291070223,0.118676807919836,0.0661425265594416,"Standard",0.925693291070223,0.118676807919836,1,1.02777777777778,1,0,0.462846645535112,0.0593384039599179,0.342592592592593,0.0330712632797208,0.262740418954259,26.2740418954259,0.674469243331519,0.537153354464888,0.737259581045741,0.644659022870556,64.4659022870556,"SURVEILLER (FAIBLE VOLUME)"
"CENTRE MEDICAL SPECIALISE SEVEN","Centre Medical","ABIDJAN",3,1,1,53000,53000,0,53000,53000,0,1,0,33841.4752475248,1.23636363636364,0.0589823610679747,1.23753641460087,0.0815903054448871,0,"Standard",1.23753641460087,0.0815903054448871,1,6.16666666666667,1,0,0.618768207300434,0.0407951527224436,1,0,0.497869008006863,49.7869008006863,0.292868807838868,0.381231792699566,0.502130991993137,0.411918875444855,41.1918875444855,"SURVEILLER (FAIBLE VOLUME)"
"CENTRE MEDICAL THEMIS","Centre Medical","ABIDJAN",2,1,1,24750,24750,0,24750,24750,0,1,0,33841.4752475248,1.23636363636364,0.0589823610679747,0.577906155874933,0.0815903054448871,0,"Économique",0.577906155874933,0.0815903054448871,1,6.16666666666667,1,0,0.288953077937467,0.0407951527224436,1,0,0.398924469197973,39.8924469197973,0.195427327163854,0.711046922062533,0.601075530802027,0.563934446578595,56.3934446578595,"SURVEILLER (FAIBLE VOLUME)"
"CENTRE MEDICAL VICTORIA","Centre Medical","ABIDJAN",93,56,42,2506800,2206100,300700,44764.2857142857,59685.7142857143,0.136303884683378,1.33333333333333,0.032258064516129,33841.4752475248,1.23636363636364,0.0589823610679747,1.02878675960391,0.107717881217854,2.31092621955729,"Standard",1.02878675960391,0.107717881217854,1,3.39166666666667,1,1,0.514393379801955,0.0538589406089272,1,1,0.570475696123265,57.0475696123265,0.882416984213391,0.485606620198045,0.429524303876735,0.54253576647259,54.253576647259,"SURVEILLER"
"CENTRE MEDICALE AIGLE ROYAL","Centre Medical","ABIDJAN",34,26,24,1119550,1051000,68550,43059.6153846154,46647.9166666667,0.0652235965746908,1.08333333333333,0.0294117647058824,33841.4752475248,1.23636363636364,0.0589823610679747,0.988413057164922,0.0876284333774646,1.10581528771836,"Standard",0.988413057164922,0.0876284333774646,1,0,1,0,0.494206528582461,0.0438142166887323,0.333333333333333,0.552907643859181,0.316696987967276,31.6696987967276,0.776265650517148,0.505793471417539,0.683303012032724,0.630891723483535,63.0891723483535,"CONSERVER"
"CENTRE MEDICALE ANNAELLE","Centre Medical","ABIDJAN",50,33,23,1698260,1484660,213600,51462.4242424242,73837.3913043478,0.143871324074199,1.43478260869565,0.06,33841.4752475248,1.23636363636364,0.0589823610679747,1.185552114003,0.116012955735735,2.43922626136301,"Standard",1.185552114003,0.116012955735735,1,2.14492753623188,1,1,0.592776057001501,0.0580064778678676,0.714975845410628,1,0.509727514083999,50.9727514083999,0.833968426782798,0.407223942998499,0.490272485916001,0.52579225692236,52.579225692236,"SURVEILLER"
"CENTRE MEDICALE DE SILOE","Centre Medical","ABIDJAN",1,1,1,35000,35000,0,35000,35000,0,1,0,33841.4752475248,1.23636363636364,0.0589823610679747,0.817241028510007,0.0815903054448871,0,"Économique",0.817241028510007,0.0815903054448871,1,0,1,0,0.408620514255003,0.0407951527224436,0.333333333333333,0,0.234824700093234,23.4824700093234,0.239520958083832,0.591379485744997,0.765175299906766,0.590526105877472,59.0526105877472,"SURVEILLER (FAIBLE VOLUME)"
"CENTRE MEDICALE MEDITEX","Centre Medical","ABIDJAN",62,35,22,2148505,1918825,229680,61385.8571428571,97659.3181818182,0.119698252837023,1.59090909090909,0,33841.4752475248,1.23636363636364,0.0589823610679747,1.4333440293542,0.12980275866232,2.02939066306748,"Coût Élevé",1.4333440293542,0.12980275866232,1,2.67222222222222,1,1,0.716672014677099,0.0649013793311602,0.890740740740741,1,0.6016942404247,60.16942404247,0.862819814915623,0.283327985322901,0.3983057595753,0.445217460942405,44.5217460942405,"AUDITER"
"CENTRE MEDICALE VERDOYANT","Centre Medical","ABIDJAN",2,1,1,207980,173500,34480,207980,207980,0.198731988472622,1,0,33841.4752475248,1.23636363636364,0.0589823610679747,4.85627968884318,0.0815903054448871,3.36934610405969,"Coût Élevé",4.85627968884318,0.0815903054448871,1,0,1,0,1,0.0407951527224436,0.333333333333333,1,0.512238545816733,51.2238545816733,0.482308111050626,0,0.487761454183267,0.291566203883432,29.1566203883432,"SURVEILLER (FAIBLE VOLUME)"
"CENTRE MEDICO CHIRURGICAL DE TREICHVILLE","Centre Medical","ABIDJAN",13,8,6,1277750,942750,335000,159718.75,212958.333333333,0.355343410236012,1.33333333333333,0,33841.4752475248,1.23636363636364,0.0589823610679747,3.72939187206665,0.108787073926516,6.02457080052278,"Coût Élevé",3.72939187206665,0.108787073926516,1,1.02777777777778,1,0,1,0.0543935369632581,0.342592592592593,1,0.519095838866755,51.9095838866755,0.793140990745781,0,0.480904161133245,0.350989862602454,35.0989862602454,"SURVEILLER (FAIBLE VOLUME)"
"CENTRE MEDICO CHIRURGICAL D’OPHTAMOLOGIE","Centre Medical","ABIDJAN",1,1,1,17500,17500,0,17500,17500,0,1,0,33841.4752475248,1.23636363636364,0.0589823610679747,0.408620514255003,0.0815903054448871,0,"Économique",0.408620514255003,0.0815903054448871,1,0,1,0,0.204310257127502,0.0407951527224436,0.333333333333333,0,0.173531622954984,17.3531622954984,0.147523135547088,0.795689742872498,0.826468377045016,0.678367875076423,67.8367875076424,"SURVEILLER (FAIBLE VOLUME)"
"CENTRE MEDICO CHIRURGICAL LA SALPETRIERE","Centre Medical","ABIDJAN",1,1,1,226087,226087,0,226087,226087,0,1,0,33841.4752475248,1.23636363636364,0.0589823610679747,5.27907349750691,0.0815903054448871,0,"Coût Élevé",5.27907349750691,0.0815903054448871,1,0,1,0,1,0.0407951527224436,0.333333333333333,0,0.412238545816733,41.2238545816733,0.495917256396298,0,0.587761454183267,0.334288032952566,33.4288032952566,"SURVEILLER (FAIBLE VOLUME)"
"CENTRE MEDICO SOCIAL EL RAPHA","Centre Medical","ABIDJAN",3,3,3,129175,90125,39050,43058.3333333333,43058.3333333333,0.433287101248266,1,0,33841.4752475248,1.23636363636364,0.0589823610679747,1.00540104626457,0.0815903054448871,7.34604538378722,"Standard",1.00540104626457,0.0815903054448871,1,0,1,0,0.502700523132286,0.0407951527224436,0.333333333333333,1,0.363048702756419,36.3048702756419,0.412084921066957,0.497299476867714,0.636951297243581,0.536117293857909,53.6117293857909,"SURVEILLER (FAIBLE VOLUME)"
"CENTRE MEDICO SOCIAL LA SOURCE INTER","Centre Medical","ABIDJAN",2,1,1,40000,40000,0,40000,40000,0,1,0,33841.4752475248,1.23636363636364,0.0589823610679747,0.933989746868579,0.0815903054448871,0,"Standard",0.933989746868579,0.0815903054448871,1,6.16666666666667,1,0,0.46699487343429,0.0407951527224436,1,0,0.45233700784702,45.233700784702,0.256940664126293,0.53300512656571,0.54766299215298,0.483655380312735,48.3655380312735,"SURVEILLER (FAIBLE VOLUME)"
"CENTRE MEDICO-BIOLOGIQUE FLEMING","Centre Medical","ABIDJAN",16,16,8,1913675,1485900,427775,119604.6875,239209.375,0.287889494582408,2,0,33841.4752475248,1.23636363636364,0.0589823610679747,2.79273879506051,0.163180610889774,4.88094218965951,"Coût Élevé",2.79273879506051,0.163180610889774,1,0,1,0,1,0.0815903054448871,0.333333333333333,1,0.524477091633466,52.4477091633466,0.848666303756124,0,0.475522908366534,0.359942424097838,35.9942424097838,"SURVEILLER (FAIBLE VOLUME)"
"CENTRE MEDICO-CARDIOLOGIQUE MAVOR","Centre Medical","ABIDJAN",203,118,64,6952525,6575975,376550,58919.7033898305,108633.203125,0.0572614707324769,1.84375,0.00492610837438424,33841.4752475248,1.23636363636364,0.0589823610679747,1.37056051808185,0.149943770332059,0.970823644487299,"Coût Élevé",1.37056051808185,0.149943770332059,1,3.25462962962963,1,1,0.685280259040924,0.0749718851660294,1,0.485411822243649,0.576616825486451,57.6616825486451,0.960261295590637,0.314719740959076,0.423383174513549,0.487293425307177,48.7293425307177,"RENÉGOCIER"
"CENTRE MEDICO-CHIRURGICAL DE LA CLEMENCE RAHMA (CMCC)","Centre Medical","ABIDJAN",174,133,50,5807100,5114065,693035,43662.4060150376,116142,0.135515485235326,2.66,0.00574712643678161,33841.4752475248,1.23636363636364,0.0589823610679747,1.01608603416743,0.216129199763881,2.29755952087355,"Standard",1.01608603416743,0.216129199763881,1,1.40151515151515,1,0,0.508043017083715,0.10806459988194,0.467171717171717,1,0.424983800241212,42.4983800241212,0.949918345127926,0.491956982916285,0.575016199758788,0.616772942095615,61.6772942095615,"CONSERVER"
"CENTRE MEDICO-CHIRURGICAL LAENNEC","Centre Medical","ABIDJAN",1,1,1,22500,20000,2500,22500,22500,0.125,1,0,33841.4752475248,1.23636363636364,0.0589823610679747,0.525369232613576,0.0815903054448871,2.11927765753464,"Économique",0.525369232613576,0.0815903054448871,1,0,1,0,0.262684616306788,0.0407951527224436,0.333333333333333,1,0.291043930708769,29.1043930708769,0.183451279259662,0.737315383693212,0.70895606929123,0.61519883704571,61.519883704571,"SURVEILLER (FAIBLE VOLUME)"
"CENTRE MEDICO-CHIRURGICAL SAINTE TRINITE DE SOUBRE","Centre Medical","HORS-ABIDJAN",2,1,1,36500,36500,0,36500,36500,0,1,0,33841.4752475248,1.23636363636364,0.0589823610679747,0.852265644017578,0.0815903054448871,0,"Économique",0.852265644017578,0.0815903054448871,1,6.16666666666667,1,0,0.426132822008789,0.0407951527224436,1,0,0.44007839241937,44.007839241937,0.245508982035928,0.573867177991211,0.55992160758063,0.502617310635922,50.2617310635922,"SURVEILLER (FAIBLE VOLUME)"
"CENTRE MEDICO-PEDIATRIQUE L'ANENERAIE","Centre Medical","ABIDJAN",23,19,7,450950,443950,7000,23734.2105263158,64421.4285714286,0.0157675413897961,2.71428571428571,0,33841.4752475248,1.23636363636364,0.0589823610679747,0.554187732039981,0.221459400493265,0.267326385453182,"Économique",0.554187732039981,0.221459400493265,1,1.23333333333333,1,0,0.277093866019991,0.110729700246633,0.411111111111111,0.133663192726591,0.253046722485979,25.3046722485979,0.617855198693522,0.722906133980009,0.746953277514021,0.711514804336316,71.1514804336316,"SURVEILLER (FAIBLE VOLUME)"
"CENTRE MEDICO-SOCIAL BETHESDA","Centre Medical","ABIDJAN",63,42,26,1698492,1642630,55862,40440.2857142857,65326.6153846154,0.0340076584501683,1.61538461538462,0,33841.4752475248,1.23636363636364,0.0589823610679747,0.944270305439468,0.131799724180202,0.576573365908088,"Standard",0.944270305439468,0.131799724180202,1,3.21739130434783,1,1,0.472135152719734,0.0658998620901011,1,0.288286682954044,0.490239172738355,49.0239172738355,0.834512792596625,0.527864847280266,0.509760827261645,0.581952828336089,58.1952828336089,"SURVEILLER"
"CENTRE MEDICO-SOCIAL DE L'IMMACULEE CONCEPTION","Centre Medical","HORS-ABIDJAN",13,8,4,311232,304240,6992,38904,77808,0.0229818564291349,2,0.0769230769230769,33841.4752475248,1.23636363636364,0.0589823610679747,0.860261121945615,0.155098318124673,0.389639478871476,"Économique",0.860261121945615,0.155098318124673,1,2.3125,1,0,0.430130560972807,0.0775491590623363,0.770833333333333,0.194819739435738,0.403035889954117,40.3035889954117,0.553620032661949,0.569869439027193,0.596964110045883,0.57745742616162,57.745742616162,"SURVEILLER (FAIBLE VOLUME)"
"CENTRE MEDICO-SOCIAL DE L’UNIVERSITE DE COCODY","Centre Medical","ABIDJAN",5,5,5,97000,71000,26000,19400,19400,0.366197183098592,1,0,33841.4752475248,1.23636363636364,0.0589823610679747,0.452985027231261,0.0815903054448871,6.20858806714375,"Économique",0.452985027231261,0.0815903054448871,1,0,1,0,0.22649251361563,0.0407951527224436,0.333333333333333,1,0.280186299901422,28.0186299901422,0.372890582471421,0.77350748638437,0.719813700098578,0.671906591087463,67.1906591087463,"SURVEILLER (FAIBLE VOLUME)"
"CENTRE MEDICO-SOCIAL LA VICTOIRE","Centre Medical","ABIDJAN",15,10,9,304110,247860,56250,30411,33790,0.226942628903413,1.11111111111111,0,33841.4752475248,1.23636363636364,0.0589823610679747,0.710089054800509,0.0906558949387635,3.84763554381744,"Économique",0.710089054800509,0.0906558949387635,1,3.52380952380952,1,0,0.355044527400254,0.0453279474693817,1,1,0.520111742460891,52.0111742460891,0.549265106151334,0.644955472599746,0.479888257539109,0.559790513285809,55.9790513285809,"SURVEILLER (FAIBLE VOLUME)"
"CENTRE NATIONAL D'ONCOLOGIE ET DE RADIOTHERAPIE ALASSANE OUATTARA(CNRAO)","Centre Medical","ABIDJAN",23,21,4,1001884,850692,151192,47708.7619047619,250471,0.177728249472194,5.25,0.782608695652174,33841.4752475248,1.23636363636364,0.0589823610679747,0.817673974489347,0.407133085077265,3.01324406575332,"Économique",0.817673974489347,0.407133085077265,1,1.76190476190476,1,0,0.408836987244674,0.203566542538633,0.587301587301587,1,0.459911535125468,45.9911535125468,0.756124115405553,0.591163012755326,0.540088464874532,0.603725414133054,60.3725414133054,"CONSERVER"
"CENTRE NOVACARE","Centre Medical","ABIDJAN",141,114,82,4727021,4323935,403086,41465.0964912281,57646.5975609756,0.0932220303959241,1.39024390243902,0.0283687943262411,33841.4752475248,1.23636363636364,0.0589823610679747,0.956926454130129,0.113142816872453,1.58050692966478,"Standard",0.956926454130129,0.113142816872453,1,0.554307116104869,1,0,0.478463227065065,0.0565714084362263,0.333333333333333,0.79025346483239,0.339535737133626,33.9535737133626,0.931954273271638,0.521536772934935,0.660464262866374,0.659191268974851,65.9191268974851,"CONSERVER"
"CENTRE OPTHALMOLOGIQUE VISTA VISION","Optique","ABIDJAN",10,6,4,295000,295000,0,49166.6666666667,73750,0,1.5,0,317347.222222222,1,0.452767755831414,1.1480290638593,0.122385458167331,0,"Standard",1.1480290638593,0.122385458167331,1,1,1,0,0.574014531929648,0.0611927290836653,0.333333333333333,0,0.290562178303994,29.0562178303994,0.543821448013065,0.425985468070352,0.709437821696006,0.562933605509156,56.2933605509156,"SURVEILLER (FAIBLE VOLUME)"
"CENTRE OPTIQUE LORIAL","Optique","ABIDJAN",2,2,2,818333.333333333,530000,288333.333333333,409166.666666667,409166.666666667,0.544025157232704,1,0,317347.222222222,1,0.452767755831414,9.5539367856765,0.0815903054448871,1.20155455026543,"Coût Élevé",9.5539367856765,0.0815903054448871,1,1,1,0,1,0.0407951527224436,0.333333333333333,0.600777275132717,0.472316273330005,47.2316273330005,0.720195971692978,0,0.527683726669995,0.355112685006594,35.5112685006594,"SURVEILLER (FAIBLE VOLUME)"
"CENTRE OPTIQUE MEDICAL","Optique","ABIDJAN",4,4,4,2458888.88888889,1520000,938888.888888889,614722.222222222,614722.222222222,0.617690058479532,1,0,317347.222222222,1,0.452767755831414,14.3536063181956,0.0815903054448871,1.36425363892195,"Coût Élevé",14.3536063181956,0.0815903054448871,1,1,1,0,1,0.0407951527224436,0.333333333333333,0.682126819460976,0.480451227762831,48.0451227762831,0.87915078933043,0,0.519548772237169,0.383649666760954,38.3649666760954,"SURVEILLER (FAIBLE VOLUME)"
"CENTRE OPTIQUE PRESTIGE","Optique","ABIDJAN",4,4,4,963333.333333333,7e+05,263333.333333333,240833.333333333,240833.333333333,0.376190476190476,1,0,317347.222222222,1,0.452767755831414,5.6233966009379,0.0815903054448871,0.830868522206668,"Coût Élevé",5.6233966009379,0.0815903054448871,1,1,1,0,1,0.0407951527224436,0.333333333333333,0.415434261103334,0.453781971927066,45.3781971927066,0.750680457267284,0,0.546218028072934,0.36862330268263,36.862330268263,"SURVEILLER (FAIBLE VOLUME)"
"CENTRE OPTIQUE R MONTI","Optique","ABIDJAN",1,1,1,552500,320000,232500,552500,552500,0.7265625,1,0,317347.222222222,1,0.452767755831414,12.9007333786222,0.0815903054448871,1.60471343341537,"Coût Élevé",12.9007333786222,0.0815903054448871,1,1,1,0,1,0.0407951527224436,0.333333333333333,0.802356716707685,0.492474217487502,49.2474217487502,0.648884050081655,0,0.507525782512498,0.33278712302133,33.278712302133,"SURVEILLER (FAIBLE VOLUME)"
"CENTRE PRIVE","Centre Medical","ABIDJAN",2,2,2,53065,53065,0,26532.5,26532.5,0,1,0,33841.4752475248,1.23636363636364,0.0589823610679747,0.619527073969764,0.0815903054448871,0,"Économique",0.619527073969764,0.0815903054448871,1,0,1,0,0.309763536984882,0.0407951527224436,0.333333333333333,0,0.205167606912198,20.5167606912198,0.293413173652695,0.690236463015118,0.794832393087802,0.652710177171707,65.2710177171707,"SURVEILLER (FAIBLE VOLUME)"
"CENTRE PUBLIQUE","Centre Medical","ABIDJAN",1,1,1,10000,10000,0,10000,10000,0,1,0,33841.4752475248,1.23636363636364,0.0589823610679747,0.233497436717145,0.0815903054448871,0,"Économique",0.233497436717145,0.0815903054448871,1,0,1,0,0.116748718358572,0.0407951527224436,0.333333333333333,0,0.147263161324305,14.7263161324305,0.0724006532389766,0.883251281641428,0.852736838675695,0.708875378774644,70.8875378774644,"SURVEILLER (FAIBLE VOLUME)"
"CEPREF","Autre","HORS-ABIDJAN",2,2,2,50000,50000,0,25000,25000,0,1,0,31737.9656862745,1,0.0133114157048418,0.583743591792862,0.0815903054448871,0,"Économique",0.583743591792862,0.0815903054448871,1,1,1,0,0.291871795896431,0.0407951527224436,0.333333333333333,0,0.199800084585662,19.9800084585662,0.284158954817637,0.708128204103569,0.800199915414338,0.66016303877069,66.016303877069,"SURVEILLER (FAIBLE VOLUME)"
"CERMA - SODEXAM","Autre","ABIDJAN",17,15,10,159000,159000,0,10600,15900,0,1.5,0,31737.9656862745,1,0.0133114157048418,0.247507282920173,0.122385458167331,0,"Économique",0.247507282920173,0.122385458167331,1,1,1,0,0.123753641460087,0.0611927290836653,0.333333333333333,0,0.155483911163126,15.5483911163126,0.439847577572128,0.876246358539913,0.844516088836874,0.776274494465141,77.6274494465141,"SURVEILLER (FAIBLE VOLUME)"
"CESAM SA","Autre","ABIDJAN",19,17,14,756600,739800,16800,44505.8823529412,54042.8571428571,0.0227088402270884,1.21428571428571,0,31737.9656862745,1,0.0133114157048418,1.03920094482466,0.0990739423259344,1.7059673238834,"Standard",1.03920094482466,0.0990739423259344,1,1,1,0,0.519600472412329,0.0495369711629672,0.333333333333333,0.852983661941698,0.356039599266758,35.6039599266758,0.706586826347305,0.480399527587671,0.643960400733242,0.591061336597826,59.1061336597826,"SURVEILLER (FAIBLE VOLUME)"
"CHANAN OPTIQUE","Optique","ABIDJAN",2,2,2,522222.222222222,350000,172222.222222222,261111.111111111,261111.111111111,0.492063492063492,1,0,317347.222222222,1,0.452767755831414,6.096877514281,0.0815903054448871,1.08679005014374,"Coût Élevé",6.096877514281,0.0815903054448871,1,1,1,0,1,0.0407951527224436,0.333333333333333,0.543395025071871,0.46657804832392,46.657804832392,0.638541099618944,0,0.53342195167608,0.341077000594221,34.1077000594221,"SURVEILLER (FAIBLE VOLUME)"
"CHR AZAGUIE","Hopital","HORS-ABIDJAN",1,1,1,7000,7000,0,7000,7000,0,1,0,15500,1,0,0.163448205702001,0.0815903054448871,0,"Économique",0.163448205702001,0.0815903054448871,1,1,1,0,0.0817241028510007,0.0407951527224436,0.333333333333333,0,0.136755776672033,13.6755776672033,0.0446379967338051,0.918275897148999,0.863244223327967,0.721535647537547,72.1535647537547,"SURVEILLER (FAIBLE VOLUME)"
"CHR BONDOUKOU","Hopital","HORS-ABIDJAN",1,1,1,12000,12000,0,12000,12000,0,1,1,15500,1,0,0.193552550037638,0.067516879219805,0,"Économique",0.193552550037638,0.067516879219805,1,1,1,0,0.0967762750188189,0.0337584396099025,0.333333333333333,0,0.139160414388616,13.9160414388616,0.0936309199782254,0.903223724981181,0.860839585611384,0.724351508232671,72.4351508232671,"SURVEILLER (FAIBLE VOLUME)"
"CHR DE ABOISSO","Hopital","HORS-ABIDJAN",1,1,1,105665,96665,9000,105665,105665,0.0931050535354058,1,0,15500,1,0,2.46725066507171,0.0815903054448871,0,"Coût Élevé",2.46725066507171,0.0815903054448871,1,1,1,0,1,0.0407951527224436,0.333333333333333,0,0.412238545816733,41.2238545816733,0.384322264561786,0,0.587761454183267,0.311969034585664,31.1969034585664,"SURVEILLER (FAIBLE VOLUME)"
"CHR DE BOUAFLE","Hopital","HORS-ABIDJAN",1,1,1,27000,19000,8000,27000,27000,0.421052631578947,1,0,15500,1,0,0.630443079136291,0.0815903054448871,0,"Économique",0.630443079136291,0.0815903054448871,1,1,1,0,0.315221539568145,0.0407951527224436,0.333333333333333,0,0.206805007687177,20.6805007687177,0.209036472509526,0.684778460431855,0.793194992312823,0.632996675599776,63.2996675599776,"SURVEILLER (FAIBLE VOLUME)"
"CHR DE GAGNOA","Hopital","HORS-ABIDJAN",19,17,7,166750,157000,9750,9808.82352941176,23821.4285714286,0.0621019108280255,2.42857142857143,0,15500,1,0,0.229033515132846,0.198147884651869,0,"Économique",0.229033515132846,0.198147884651869,1,1,1,0,0.114516757566423,0.0990739423259344,0.333333333333333,0,0.164077209967707,16.4077209967707,0.446924333151878,0.885483242433577,0.835922790032293,0.777947279616723,77.7947279616724,"SURVEILLER (FAIBLE VOLUME)"
"CHR DE MAN","Hopital","HORS-ABIDJAN",22,22,22,425500,357500,68000,19340.9090909091,19340.9090909091,0.19020979020979,1,0.0454545454545455,15500,1,0,0.442599319637343,0.0808245185562645,0,"Économique",0.442599319637343,0.0808245185562645,1,1,1,0,0.221299659818672,0.0404122592781322,0.333333333333333,0,0.178513575729041,17.8513575729041,0.606967882416984,0.778700340181328,0.821486424270959,0.761468282264312,76.1468282264312,"PRIVILÉGIER"
"CHR FELIX HOUPHOUET BOIGNY D'ABOBO","Hopital","ABIDJAN",42,42,21,424000,408000,16000,10095.2380952381,20190.4761904762,0.0392156862745098,2,0,15500,1,0,0.235721221828737,0.163180610889774,0,"Économique",0.235721221828737,0.163180610889774,1,1,1,0,0.117860610914368,0.0815903054448871,0.333333333333333,0,0.159835274907777,15.9835274907777,0.605334784975504,0.882139389085632,0.840164725092223,0.809988602666243,80.9988602666243,"PRIVILÉGIER"
"CHU Angre","Hopital","ABIDJAN",1,1,1,8330,8330,0,8330,8330,0,1,0,15500,1,0,0.194503364785382,0.0815903054448871,0,"Économique",0.194503364785382,0.0815903054448871,1,1,1,0,0.0972516823926908,0.0407951527224436,0.333333333333333,0,0.14141405053454,14.141405053454,0.0571584104518236,0.902748317607309,0.85858594946546,0.715965388919472,71.5965388919472,"SURVEILLER (FAIBLE VOLUME)"
"CHU BOUAKE","Hopital","HORS-ABIDJAN",10,6,4,407200,364700,42500,67866.6666666667,101800,0.116534137647381,1.5,0,15500,1,0,1.58466927052036,0.122385458167331,0,"Coût Élevé",1.58466927052036,0.122385458167331,1,1,1,0,0.792334635260178,0.0611927290836653,0.333333333333333,0,0.356058209303153,35.6058209303153,0.600435492651062,0.207665364739822,0.643941790696847,0.46072996070488,46.072996070488,"SURVEILLER (FAIBLE VOLUME)"
"CHU D'ANGRE","Hopital","ABIDJAN",119,106,67,5155090,4799495,355595,48632.9245283019,76941.6417910448,0.0740900865611903,1.58208955223881,0.0252100840336134,15500,1,0,1.12135934507802,0.127889541899951,0,"Standard",1.12135934507802,0.127889541899951,1,1,1,0,0.560679672539011,0.0639447709499753,0.333333333333333,0,0.287387333046696,28.7387333046696,0.941752857920523,0.439320327460989,0.712612666953304,0.649123769349822,64.9123769349822,"CONSERVER"
"CHU DE BOUAKE","Hopital","HORS-ABIDJAN",5,4,4,61550,58550,3000,15387.5,15387.5,0.0512382578992314,1,0,15500,1,0,0.359294180748507,0.0815903054448871,0,"Économique",0.359294180748507,0.0815903054448871,1,1,1,0,0.179647090374253,0.0407951527224436,0.333333333333333,0,0.166132672929009,16.6132672929009,0.31518780620577,0.820352909625747,0.833867327070991,0.724725655919849,72.4725655919849,"SURVEILLER (FAIBLE VOLUME)"
"CHU DE COCODY","Hopital","ABIDJAN",52,43,32,1826900,1504800,322100,42486.0465116279,57090.625,0.214048378522063,1.34375,0,15500,1,0,0.992038295671051,0.109636972941567,0,"Standard",0.992038295671051,0.109636972941567,1,1,1,0,0.496019147835525,0.0548184864707835,0.333333333333333,0,0.265251290291893,26.5251290291893,0.843222645617855,0.503980852164475,0.734748709708107,0.664136353872604,66.4136353872604,"CONSERVER"
"CHU DE TREICHVILLE","Hopital","ABIDJAN",27,25,20,850350,850300,50,34014,42517.5,5.88027754910032e-05,1.25,0.037037037037037,15500,1,0,0.78024698600123,0.100935912187513,0,"Économique",0.78024698600123,0.100935912187513,1,1,1,0,0.390123493000615,0.0504679560937567,0.333333333333333,0,0.232177434728311,23.2177434728311,0.727817093086554,0.609876506999385,0.767822565271689,0.69664304752574,69.664304752574,"CONSERVER"
"CIEL OPTIC","Optique","ABIDJAN",2,2,2,6e+05,410000,190000,3e+05,3e+05,0.463414634146341,1,0,317347.222222222,1,0.452767755831414,7.00492310151434,0.0815903054448871,1.02351509836511,"Coût Élevé",7.00492310151434,0.0815903054448871,1,1,1,0,1,0.0407951527224436,0.333333333333333,0.511757549182557,0.463414300734989,46.3414300734989,0.661404463799673,0,0.536585699265011,0.346915172465939,34.6915172465939,"SURVEILLER (FAIBLE VOLUME)"
"CIMA","Autre","ABIDJAN",1,1,1,66000,60000,6000,66000,66000,0.1,1,0,31737.9656862745,1,0.0133114157048418,1.54108308233316,0.0815903054448871,7.51234896552938,"Coût Élevé",1.54108308233316,0.0815903054448871,1,1,1,0,0.770541541166578,0.0407951527224436,0.333333333333333,1,0.443401008166706,44.3401008166706,0.323353293413174,0.229458458833422,0.556598991833294,0.379093638949321,37.9093638949321,"SURVEILLER (FAIBLE VOLUME)"
"CIMAB - CENTRE D'IMAGERIE","Centre Medical","HORS-ABIDJAN",5,5,5,260500,260500,0,52100,52100,0,1,0,33841.4752475248,1.23636363636364,0.0589823610679747,1.21652164529632,0.0815903054448871,0,"Standard",1.21652164529632,0.0815903054448871,1,0,1,0,0.608260822648162,0.0407951527224436,0.333333333333333,0,0.294716792611182,29.4716792611182,0.518236254763201,0.391739177351838,0.705283207388818,0.542456204848903,54.2456204848903,"SURVEILLER (FAIBLE VOLUME)"
"CIMAB - LABORATOIRE","Laboratoire","HORS-ABIDJAN",1,1,1,56800,56800,0,56800,56800,0,1,0,70466.6666666667,1,0.18717005734016,1.32626544055338,0.0815903054448871,0,"Coût Élevé",1.32626544055338,0.0815903054448871,1,1,1,0,0.663132720276691,0.0407951527224436,0.333333333333333,0,0.31117836189974,31.117836189974,0.303756124115406,0.336867279723309,0.68882163810026,0.471026791952508,47.1026791952508,"SURVEILLER (FAIBLE VOLUME)"
"CIMEDIC","Autre","ABIDJAN",1,1,1,60000,50000,10000,60000,60000,0.2,1,0,31737.9656862745,1,0.0133114157048418,1.40098462030287,0.0815903054448871,15.0246979310588,"Coût Élevé",1.40098462030287,0.0815903054448871,1,1,1,0,0.700492310151434,0.0407951527224436,0.333333333333333,1,0.422386238862163,42.2386238862163,0.310832879695155,0.299507689848566,0.577613761137837,0.413015156333592,41.3015156333592,"SURVEILLER (FAIBLE VOLUME)"
"CIRAD","Autre","ABIDJAN",199,188,158,15906500,14642586,1263914,84609.0425531915,100674.050632911,0.0863176763995103,1.18987341772152,0.0653266331658292,31737.9656862745,1,0.0133114157048418,1.91628148623635,0.0958180464360658,6.48448507006761,"Coût Élevé",1.91628148623635,0.0958180464360658,1,1,1,0,0.958140743118175,0.0479090232180329,0.333333333333333,1,0.501814929900862,50.1814929900862,0.988568317909635,0.0418592568818247,0.498185070099138,0.413731394374312,41.3731394374312,"RENÉGOCIER"
"CIRAD - BIO","Autre","ABIDJAN",71,68,43,5590486,4579385,1011101,82213.0294117647,130011.302325581,0.220794058590837,1.58139534883721,0.0845070422535211,31737.9656862745,1,0.0133114157048418,1.8467103366228,0.127787625071164,16.5868201764991,"Coût Élevé",1.8467103366228,0.127787625071164,1,1,1,0,0.923355168311399,0.0638938125355821,0.333333333333333,1,0.496174694254094,49.6174694254094,0.947196516058792,0.0766448316886007,0.503825305745906,0.421627358185561,42.1627358185561,"RENÉGOCIER"
"CIRBA","Autre","ABIDJAN",1,1,1,67500,67500,0,67500,67500,0,1,0,31737.9656862745,1,0.0133114157048418,1.57610769784073,0.0815903054448871,0,"Coût Élevé",1.57610769784073,0.0815903054448871,1,1,1,0,0.788053848920364,0.0407951527224436,0.333333333333333,0,0.348654700492842,34.8654700492842,0.326075122482308,0.211946151079636,0.651345299507158,0.410531604731179,41.0531604731179,"SURVEILLER (FAIBLE VOLUME)"
"CLAIRE VISION PLUS - PLATEAU","Optique","ABIDJAN",9,9,9,2781555.55555556,1863000,918555.555555555,309061.728395062,309061.728395062,0.493051827995467,1,0.111111111111111,317347.222222222,1,0.452767755831414,6.87457609121054,0.0797434205393565,1.08897292628553,"Coût Élevé",6.87457609121054,0.0797434205393565,1,1,1,0,1,0.0398717102696782,0.333333333333333,0.544486463142765,0.46641015939518,46.641015939518,0.892215568862275,0,0.53358984060482,0.391879050014383,39.1879050014383,"SURVEILLER (FAIBLE VOLUME)"
"CLASS’OPTIQUE","Optique","ABIDJAN",3,3,3,1082500,660000,422500,360833.333333333,360833.333333333,0.640151515151515,1,0,317347.222222222,1,0.452767755831414,8.42536584154364,0.0815903054448871,1.41386286215548,"Coût Élevé",8.42536584154364,0.0815903054448871,1,1,1,0,1,0.0407951527224436,0.333333333333333,0.706931431077739,0.482931688924507,48.2931688924507,0.771366358192705,0,0.517068311075493,0.361100596068738,36.1100596068738,"SURVEILLER (FAIBLE VOLUME)"
"CLEAN VISION","Optique","ABIDJAN",4,4,4,886100,813600,72500,221525,221525,0.089110127826942,1,0,317347.222222222,1,0.452767755831414,5.17255196687655,0.0815903054448871,0.196812000588049,"Coût Élevé",5.17255196687655,0.0815903054448871,1,1,1,0,1,0.0407951527224436,0.333333333333333,0.0984060002940247,0.422079145846135,42.2079145846135,0.738160043549265,0,0.577920854153865,0.378800350371399,37.8800350371399,"SURVEILLER (FAIBLE VOLUME)"
"CLIN D'OEIL OPTIQUE","Clinique","ABIDJAN",13,13,13,6263333.33333333,4025000,2238333.33333333,481794.871794872,481794.871794872,0.556107660455486,1,0,42616.7291666667,1.45454545454545,0.0745173990347981,11.2497867587568,0.0815903054448871,7.46278946472347,"Coût Élevé",11.2497867587568,0.0815903054448871,1,0,0,0,1,0.0407951527224436,0.333333333333333,1,0.512238545816733,51.2238545816733,0.954817637452368,0,0.487761454183267,0.38606810916378,38.606810916378,"SURVEILLER (FAIBLE VOLUME)"
"CLINIQUE AMERICAINE D'ABIDJAN","Clinique","ABIDJAN",4,3,3,533725,366625,167100,177908.333333333,177908.333333333,0.455779065802932,1,0,42616.7291666667,1.45454545454545,0.0745173990347981,4.15411398039527,0.0815903054448871,6.11641135770309,"Coût Élevé",4.15411398039527,0.0815903054448871,1,2.25,0,0,1,0.0407951527224436,0.75,1,0.637238545816733,63.7238545816733,0.642896026129559,0,0.362761454183267,0.273683786899219,27.3683786899219,"SURVEILLER (FAIBLE VOLUME)"
"CLINIQUE AZUR","Clinique","ABIDJAN",2,2,2,38046,36523,1523,19023,19023,0.0416997508419352,1,0.5,42616.7291666667,1.45454545454545,0.0745173990347981,0.362945384147915,0.0738894347796492,0.559597508529012,"Économique",0.362945384147915,0.0738894347796492,1,0,0,0,0.181472692073957,0.0369447173898246,0.333333333333333,0.279798754264506,0.193505098265585,19.3505098265585,0.25040827436037,0.818527307926043,0.806494901734415,0.700090538736257,70.0090538736257,"SURVEILLER (FAIBLE VOLUME)"
"CLINIQUE BETHANIE","Clinique","HORS-ABIDJAN",99,70,53,2434030,2400940,33090,34771.8571428571,45925.0943396226,0.0137821020100461,1.32075471698113,0.0202020202020202,42616.7291666667,1.45454545454545,0.0745173990347981,0.801660643599463,0.106919773723512,0.184951463531492,"Économique",0.801660643599463,0.106919773723512,1,1.35849056603774,2.01,1,0.400830321799732,0.0534598868617561,0.452830188679245,0.0924757317657458,0.281383692378794,28.1383692378794,0.877517691888949,0.599169678200268,0.718616307621206,0.70261793270638,70.261793270638,"CONSERVER"
"CLINIQUE CENTRALE DE SAN PEDRO","Clinique","HORS-ABIDJAN",19,16,16,559575,524075,35500,34973.4375,34973.4375,0.0677383962219148,1,0,42616.7291666667,1.45454545454545,0.0745173990347981,0.816620800943727,0.0815903054448871,0.909027919644409,"Économique",0.816620800943727,0.0815903054448871,1,0.9,1.25625,0,0.408310400471863,0.0407951527224436,0.333333333333333,0.454513959822205,0.280183061940513,28.0183061940513,0.650517147523135,0.591689599528137,0.719816938059487,0.654706044539677,65.4706044539677,"SURVEILLER (FAIBLE VOLUME)"
"CLINIQUE CHAPEDEC TREICHVILLE","Clinique","ABIDJAN",5,4,3,92000,92000,0,23000,30666.6666666667,0,1.33333333333333,0,42616.7291666667,1.45454545454545,0.0745173990347981,0.537044104449433,0.108787073926516,0,"Économique",0.537044104449433,0.108787073926516,1,0,0,0,0.268522052224716,0.0543935369632581,0.333333333333333,0,0.196874676756392,19.6874676756392,0.364180729450191,0.731477947775284,0.803125323243608,0.686677454297595,68.6677454297594,"SURVEILLER (FAIBLE VOLUME)"
"CLINIQUE CMIDA","Clinique","ABIDJAN",199,155,125,10955623,9122454,1833169,70681.4387096774,87644.984,0.200951301042461,1.24,0.0150753768844221,42616.7291666667,1.45454545454545,0.0745173990347981,1.63621688238265,0.100835682747839,2.69670310082375,"Coût Élevé",1.63621688238265,0.100835682747839,1,0.940298507462687,1.42645161290323,0,0.818108441191324,0.0504178413739193,0.333333333333333,1,0.460557884769573,46.0557884769573,0.979858464888405,0.181891558808676,0.539442115230427,0.484505162593322,48.4505162593322,"RENÉGOCIER"
"CLINIQUE COEUR SACRE","Clinique","ABIDJAN",1,1,1,14606,14606,0,14606,14606,0,1,0,42616.7291666667,1.45454545454545,0.0745173990347981,0.341046356069062,0.0815903054448871,0,"Économique",0.341046356069062,0.0815903054448871,1,0,0,0,0.170523178034531,0.0407951527224436,0.333333333333333,0,0.163395499227092,16.3395499227092,0.117038649972782,0.829476821965469,0.836604500772908,0.689840259089907,68.9840259089907,"SURVEILLER (FAIBLE VOLUME)"
"CLINIQUE D'ANDROLOGIE , D'UROLOGIE ET DE SEXOLOGIE (CAUSEX)","Clinique","ABIDJAN",19,15,12,756459,635759,120700,50430.6,63038.25,0.189851814917288,1.25,0,42616.7291666667,1.45454545454545,0.0745173990347981,1.17754158321076,0.101987881806109,2.54775149664887,"Standard",1.17754158321076,0.101987881806109,1,0.45,1.34,0,0.588770791605382,0.0509939409030545,0.333333333333333,1,0.391929419752531,39.1929419752531,0.706042460533479,0.411229208394618,0.608070580247469,0.54892840756353,54.892840756353,"SURVEILLER (FAIBLE VOLUME)"
"CLINIQUE DE COCODY (GYNECO-OBSTETRIQUE)","Clinique","ABIDJAN",41,38,31,2440024.11111111,2130994,309030.111111111,64211.1608187134,78710.4551971326,0.145016884660919,1.2258064516129,0,42616.7291666667,1.45454545454545,0.0745173990347981,1.4993141459802,0.10001392280341,1.94608086888807,"Coût Élevé",1.4993141459802,0.10001392280341,1,0.54,0,0,0.749657072990097,0.050006961401705,0.333333333333333,0.973040434444037,0.437203253761944,43.7203253761944,0.878062057702776,0.250342927009903,0.562796746238056,0.500868280839739,50.0868280839739,"SURVEILLER"
"CLINIQUE DE L'OCEAN DE GRAND BASSAM","Clinique","HORS-ABIDJAN",83,61,45,2371225,2192075,179150,38872.5409836066,52693.8888888889,0.0817262183091363,1.35555555555556,0,42616.7291666667,1.45454545454545,0.0745173990347981,0.907663867835429,0.110600191825291,1.09674008174885,"Standard",0.907663867835429,0.110600191825291,1,1.32954545454545,1.64754098360656,0,0.453831933917714,0.0553000959126457,0.443181818181818,0.548370040874426,0.340531158491096,34.0531158491096,0.874795862819815,0.546168066082286,0.659468841508904,0.657213935600439,65.7213935600439,"CONSERVER"
"CLINIQUE DENTAIRE COCODY","Clinique","ABIDJAN",19,16,7,965000,730000,235000,60312.5,137857.142857143,0.321917808219178,2.28571428571429,0.105263157894737,42616.7291666667,1.45454545454545,0.0745173990347981,1.33365460922643,0.181099423650112,4.32003548686461,"Coût Élevé",1.33365460922643,0.181099423650112,1,0,0,0,0.666827304613213,0.090549711825056,0.333333333333333,1,0.427213104931481,42.7213104931481,0.75122482308111,0.333172695386787,0.572786895068519,0.512628800798345,51.2628800798345,"SURVEILLER (FAIBLE VOLUME)"
"CLINIQUE DENTAIRE DE COCODY","Clinique","ABIDJAN",3,1,1,105800,105800,0,105800,105800,0,1,0,42616.7291666667,1.45454545454545,0.0745173990347981,2.47040288046739,0.0815903054448871,0,"Coût Élevé",2.47040288046739,0.0815903054448871,1,0,20.1,0,1,0.0407951527224436,0.333333333333333,0,0.412238545816733,41.2238545816733,0.385955362003266,0,0.587761454183267,0.31229565407396,31.229565407396,"SURVEILLER (FAIBLE VOLUME)"
"CLINIQUE DENTAIRE SAINT PIO ET MERES CENDRES","Clinique","HORS-ABIDJAN",1,1,1,15000,15000,0,15000,15000,0,1,0,42616.7291666667,1.45454545454545,0.0745173990347981,0.350246155075717,0.0815903054448871,0,"Économique",0.350246155075717,0.0815903054448871,1,0,0,0,0.175123077537859,0.0407951527224436,0.333333333333333,0,0.164775469078091,16.4775469078091,0.119760479041916,0.824876922462141,0.835224530921909,0.687992677162004,68.7992677162003,"SURVEILLER (FAIBLE VOLUME)"
"CLINIQUE DU FROMAGER","Clinique","HORS-ABIDJAN",14,9,8,243500,225500,18000,27055.5555555556,30437.5,0.0798226164079823,1.125,0.0714285714285714,42616.7291666667,1.45454545454545,0.0745173990347981,0.601806882794914,0.0894582251334436,1.07119434443366,"Économique",0.601806882794914,0.0894582251334436,1,2.25,0,0,0.300903441397457,0.0447291125667218,0.75,0.535597172216832,0.382249483410937,38.2249483410937,0.50789330430049,0.699096558602543,0.617750516589063,0.62831749093674,62.831749093674,"SURVEILLER (FAIBLE VOLUME)"
"CLINIQUE ESPACE MEDICAL ATTOBAN","Clinique","ABIDJAN",44,28,14,1871553,1491475,380078,66841.1785714286,133682.357142857,0.254833637841734,2,0.0454545454545455,42616.7291666667,1.45454545454545,0.0745173990347981,1.51236615755047,0.158461995693848,3.41978707177812,"Coût Élevé",1.51236615755047,0.158461995693848,1,1.42105263157895,1.43571428571429,0,0.756183078775233,0.079230997846924,0.473684210526316,1,0.492729486144542,49.2729486144542,0.845400108873163,0.243816921224767,0.507270513855458,0.469514995806722,46.9514995806722,"SURVEILLER"
"CLINIQUE ESPACE SANTE DE SIKENSI","Clinique","HORS-ABIDJAN",28,22,13,697175,626975,70200,31689.7727272727,53628.8461538462,0.111966186849555,1.69230769230769,0,42616.7291666667,1.45454545454545,0.0745173990347981,0.739948070196706,0.138075901522117,1.50255092501645,"Économique",0.739948070196706,0.138075901522117,1,0.710526315789474,0.913636363636364,0,0.369974035098353,0.0690379507610583,0.333333333333333,0.751275462508223,0.306831142008646,30.6831142008646,0.689711486118672,0.630025964901647,0.693168857991354,0.667220226380935,66.7220226380935,"CONSERVER"
"CLINIQUE ESPOIR DE PAILLET","Clinique","ABIDJAN",138,90,53,3757905,3627215,130690,41754.5,70903.8679245283,0.0360303979775117,1.69811320754717,0.0072463768115942,42616.7291666667,1.45454545454545,0.0745173990347981,0.97013151376099,0.138006809916683,0.483516580613425,"Standard",0.97013151376099,0.138006809916683,1,2.05263157894737,2.01,1,0.485065756880495,0.0690034049583414,0.68421052631579,0.241758290306712,0.395659735477059,39.5659735477059,0.918345127925966,0.514934243119505,0.604340264522941,0.631378828642172,63.1378828642172,"CONSERVER"
"CLINIQUE FATIMA","Clinique","ABIDJAN",22,19,8,4149852,3325554,824298,218413.263157895,518731.5,0.247867874044445,2.375,0.681818181818182,42616.7291666667,1.45454545454545,0.0745173990347981,3.83494033655678,0.179728304922569,3.32630871789682,"Coût Élevé",3.83494033655678,0.179728304922569,1,0.409090909090909,1.05789473684211,0,1,0.0898641524612844,0.333333333333333,1,0.526959245738385,52.6959245738385,0.925421883505716,0,0.473040754261615,0.374300678405789,37.4300678405789,"SURVEILLER (FAIBLE VOLUME)"
"CLINIQUE FATIMA DES 4 ETAGES","Clinique","ABIDJAN",14,9,6,402572,375472,27100,44730.2222222222,67095.3333333333,0.0721758213661738,1.5,0.142857142857143,42616.7291666667,1.45454545454545,0.0745173990347981,0.994951131090408,0.118276472796322,0.968576765977422,"Standard",0.994951131090408,0.118276472796322,1,1.8,2.23333333333333,0,0.497475565545204,0.0591382363981611,0.6,0.484288382988711,0.395412978881881,39.5412978881881,0.597713663581927,0.502524434454796,0.604587021118119,0.562387314945552,56.2387314945552,"SURVEILLER (FAIBLE VOLUME)"
"CLINIQUE IRYS","Clinique","ABIDJAN",38,27,18,1176051,1106825,69226,43557.4444444444,65336.1666666667,0.0625446660492851,1.5,0.0263157894736842,42616.7291666667,1.45454545454545,0.0745173990347981,1.00046766927996,0.120984437680345,0.839329698290705,"Standard",1.00046766927996,0.120984437680345,1,1.71428571428571,0,0,0.500233834639979,0.0604922188401724,0.571428571428571,0.419664849145352,0.381612872387152,38.1612872387152,0.781709308655416,0.499766165360021,0.618387127612848,0.603603178920231,60.3603178920231,"CONSERVER"
"CLINIQUE L'ANTILOPE DE DALOA","Clinique","HORS-ABIDJAN",36,31,21,672850,672850,0,21704.8387096774,32040.4761904762,0,1.47619047619048,0,42616.7291666667,1.45454545454545,0.0745173990347981,0.506802420306874,0.120442831847214,0,"Économique",0.506802420306874,0.120442831847214,1,0.613636363636364,0.648387096774193,0,0.253401210153437,0.0602214159236072,0.333333333333333,0,0.194086787823113,19.4086787823113,0.682634730538922,0.746598789846563,0.805913212176887,0.757531746917165,75.7531746917165,"PRIVILÉGIER"
"CLINIQUE L'OASIS","Clinique","ABIDJAN",7,3,3,140217,136977,3240,46739,46739,0.0236536060798528,1,0,42616.7291666667,1.45454545454545,0.0745173990347981,1.09134366947226,0.0815903054448871,0.31742393570134,"Standard",1.09134366947226,0.0815903054448871,1,4.5,6.7,0,0.545671834736131,0.0407951527224436,1,0.15871196785067,0.49181129302264,49.181129302264,0.423516603157322,0.454328165263869,0.50818870697736,0.469710069527956,46.9710069527956,"SURVEILLER (FAIBLE VOLUME)"
"CLINIQUE LA GUARDIA","Clinique","ABIDJAN",97,68,44,4640432,4053456,586976,68241.6470588235,105464.363636364,0.144808775523899,1.54545454545455,0.0206185567010309,42616.7291666667,1.45454545454545,0.0745173990347981,1.57271814451317,0.125499573922359,1.94328810988526,"Coût Élevé",1.57271814451317,0.125499573922359,1,1.5,1.47794117647059,0,0.786359072256586,0.0627497869611793,0.5,0.971644054942631,0.501897063259593,50.1897063259593,0.930865541643985,0.213640927743414,0.498102936740407,0.470870654122326,47.0870654122326,"RENÉGOCIER"
"CLINIQUE LA PROVIDENCE","Clinique","ABIDJAN",979,730,419,41424552.4444444,35355643,6068909.44444444,56745.9622526636,98865.2802970035,0.171653205244901,1.74224343675418,0.0153217568947906,42616.7291666667,1.45454545454545,0.0745173990347981,1.31452441292013,0.141446509580679,2.30353189279651,"Coût Élevé",1.31452441292013,0.141446509580679,1,1.03179190751445,1.59698630136986,0,0.657262206460063,0.0707232547903397,0.34393063583815,1,0.421574829126566,42.1574829126566,0.997278170930866,0.342737793539937,0.578425170873434,0.567920819951522,56.7920819951522,"RENÉGOCIER"
"CLINIQUE LA RENAISSANCE","Clinique","HORS-ABIDJAN",45,33,20,1682412,1580145,102267,50982.1818181818,84120.6,0.0647200098725117,1.65,0,42616.7291666667,1.45454545454545,0.0745173990347981,1.19042087727929,0.134624003984064,0.868522126520933,"Standard",1.19042087727929,0.134624003984064,1,1.42105263157895,1.21818181818182,0,0.595210438639644,0.0673120019920319,0.473684210526316,0.434261063260466,0.384288101673444,38.4288101673444,0.83179096352749,0.404789561360356,0.615711898326556,0.574558776580263,57.4558776580263,"SURVEILLER"
"CLINIQUE LA ROCHELLE","Clinique","ABIDJAN",169,162,38,2955226,2804350,150876,18242.1358024691,77769.1052631579,0.0538007024800756,4.26315789473684,0,42616.7291666667,1.45454545454545,0.0745173990347981,0.42594919501226,0.347832354791361,0.721988464129724,"Économique",0.42594919501226,0.347832354791361,1,0.167701863354037,0.124074074074074,0,0.21297459750613,0.17391617739568,0.333333333333333,0.360994232064862,0.252166655677029,25.2166655677029,0.898203592814371,0.78702540249387,0.747833344322971,0.793584217289611,79.3584217289611,"PRIVILÉGIER"
"CLINIQUE LA VOIE DE L'ESPOIR","Clinique","ABIDJAN",21,12,10,834180,749715,84465,69515,83418,0.11266281186851,1.2,0,42616.7291666667,1.45454545454545,0.0745173990347981,1.62315743133923,0.0979083665338645,1.51189941312765,"Coût Élevé",1.62315743133923,0.0979083665338645,1,3.15,3.35,0,0.811578715669616,0.0489541832669323,1,0.755949706563824,0.633754840337347,63.3754840337347,0.722917800762112,0.188421284330384,0.366245159662653,0.366450137749637,36.6450137749637,"SURVEILLER (FAIBLE VOLUME)"
"CLINIQUE LAROCHE & BETHSAIDA","Clinique","ABIDJAN",179,117,42,12250580,10427830,1822750,104705.811965812,291680.476190476,0.174796673900514,2.78571428571429,0.00558659217877095,42616.7291666667,1.45454545454545,0.0745173990347981,2.43553528397065,0.226164839083594,2.34571625103136,"Coût Élevé",2.43553528397065,0.226164839083594,1,1.26760563380282,2.92051282051282,1,1,0.113082419541797,0.422535211267606,1,0.560685289242821,56.0685289242821,0.982035928143713,0,0.439314710757179,0.372133069931614,37.2133069931614,"RENÉGOCIER"
"CLINIQUE LE CHANDELIER","Clinique","ABIDJAN",12,9,7,451500,377900,73600,50166.6666666667,64500,0.194760518655729,1.28571428571429,0,42616.7291666667,1.45454545454545,0.0745173990347981,1.17137880753101,0.104901821286283,2.61362475312349,"Standard",1.17137880753101,0.104901821286283,1,1.5,2.23333333333333,0,0.585689403765505,0.0524509106431417,0.5,1,0.441442094322594,44.1442094322594,0.618399564507349,0.414310596234495,0.558557905677406,0.51282731366623,51.282731366623,"SURVEILLER (FAIBLE VOLUME)"
"CLINIQUE LE GRAND CENTRE","Clinique","ABIDJAN",446,366,232,13911425,13259255,652170,38009.3579234973,59963.0387931034,0.0491860213865711,1.57758620689655,0.00672645739910314,42616.7291666667,1.45454545454545,0.0745173990347981,0.884264146017952,0.128369734674075,0.66006089884595,"Économique",0.884264146017952,0.128369734674075,1,0.615384615384616,0.713934426229508,0,0.442132073008976,0.0641848673370377,0.333333333333333,0.330030449422975,0.284898127046102,28.4898127046102,0.986390854654328,0.557867926991024,0.715101872953898,0.706466090908834,70.6466090908834,"CONSERVER"
"CLINIQUE LE ROCHER","Clinique","ABIDJAN",21,15,11,474125,442175,31950,31608.3333333333,43102.2727272727,0.0722564595465596,1.36363636363636,0,42616.7291666667,1.45454545454545,0.0745173990347981,0.738046481223442,0.111259507424846,0.969658904933294,"Économique",0.738046481223442,0.111259507424846,1,2.04545454545455,0,1,0.369023240611721,0.055629753712423,0.681818181818182,0.484829452466647,0.380424298089362,38.0424298089362,0.626565051714752,0.630976759388279,0.619575701910638,0.625533994862517,62.5533994862517,"SURVEILLER (FAIBLE VOLUME)"
"CLINIQUE LES ARCADES","Clinique","ABIDJAN",65,51,37,2781419,2517268,264151,54537.6274509804,75173.4864864865,0.104935588900348,1.37837837837838,0,42616.7291666667,1.45454545454545,0.0745173990347981,1.27343962144385,0.11246231291052,1.40820251725835,"Coût Élevé",1.27343962144385,0.11246231291052,1,0.107142857142857,0,0,0.636719810721926,0.05623115645526,0.333333333333333,0.704101258629175,0.378295416016073,37.8295416016073,0.891671203048449,0.363280189278074,0.621704583983927,0.57232814991449,57.232814991449,"SURVEILLER"
"CLINIQUE LES OLIVIERS","Clinique","ABIDJAN",364,254,133,12065356,11462691,602665,47501.4015748032,90716.962406015,0.052576223157372,1.90977443609023,0.0137362637362637,42616.7291666667,1.45454545454545,0.0745173990347981,1.10138119547871,0.154848340774096,0.705556337692624,"Standard",1.10138119547871,0.154848340774096,1,1.13793103448276,1.34527559055118,0,0.550690597739354,0.077424170387048,0.379310344827586,0.352778168846312,0.337505350770828,33.7505350770828,0.980947196516059,0.449309402260646,0.662494649229172,0.640911059899139,64.0911059899139,"CONSERVER"
"CLINIQUE MED'CARE INTER (EX CLINIQUE MEDICO-CHIRURGICALE LE BANCO)","Clinique","ABIDJAN",8,4,3,154475,143825,10650,38618.75,51491.6666666667,0.0740483226142882,1.33333333333333,0,42616.7291666667,1.45454545454545,0.0745173990347981,0.901737913422023,0.108787073926516,0.993705142334734,"Standard",0.901737913422023,0.108787073926516,1,2.25,10.05,0,0.450868956711012,0.0543935369632581,0.75,0.496852571167367,0.426264005219018,42.6264005219018,0.436581382689167,0.549131043288988,0.573735994780982,0.536463091765822,53.6463091765822,"SURVEILLER (FAIBLE VOLUME)"
"CLINIQUE MEDICAL ALIM","Clinique","ABIDJAN",27,17,13,440400,429200,11200,25905.8823529412,33876.9230769231,0.0260950605778192,1.30769230769231,0,42616.7291666667,1.45454545454545,0.0745173990347981,0.604895712530768,0.106695014812545,0.350187485282912,"Économique",0.604895712530768,0.106695014812545,1,2.76923076923077,1.18235294117647,1,0.302447856265384,0.0533475074062724,0.923076923076923,0.175093742641456,0.401171060288719,40.1171060288719,0.61295590636908,0.697552143734616,0.598828939711281,0.641143614652175,64.1143614652175,"SURVEILLER (FAIBLE VOLUME)"
"CLINIQUE MEDICAL DE KOUMASSI","Clinique","ABIDJAN",282,200,116,6703240,6133740,569500,33516.2,57786.5517241379,0.0928471047028404,1.72413793103448,0.0106382978723404,42616.7291666667,1.45454545454545,0.0745173990347981,0.777374766992322,0.140169193897534,1.24597887078,"Économique",0.777374766992322,0.140169193897534,1,1.30344827586207,2.01,1,0.388687383496161,0.0700845969487668,0.43448275862069,0.62298943539,0.330275365258685,33.0275365258685,0.959172563962983,0.611312616503839,0.669724634741315,0.704249413290658,70.4249413290658,"CONSERVER"
"CLINIQUE MEDICAL GRACE DIVINE","Clinique","HORS-ABIDJAN",62,51,29,1605000,1516125,88875,31470.5882352941,55344.8275862069,0.058619836754885,1.75862068965517,0,42616.7291666667,1.45454545454545,0.0745173990347981,0.734830168492191,0.143486399230664,0.786659726643314,"Économique",0.734830168492191,0.143486399230664,1,1.02857142857143,0.394117647058824,0,0.367415084246095,0.0717431996153318,0.342857142857143,0.393329863321657,0.273937614347737,27.3937614347737,0.826347305389222,0.632584915753905,0.726062385652263,0.708728381640311,70.8728381640312,"CONSERVER"
"CLINIQUE MEDICAL LA METROPOLITAINE","Clinique","ABIDJAN",15,14,10,399600,337475,62125,28542.8571428571,39960,0.184087710200756,1.4,0.133333333333333,42616.7291666667,1.45454545454545,0.0745173990347981,0.645818223215871,0.111894073104887,2.47039902875288,"Économique",0.645818223215871,0.111894073104887,1,0,0,0,0.322909111607936,0.0559470365524433,0.333333333333333,1,0.313656844448114,31.3656844448114,0.596080566140446,0.677090888392065,0.686343155551886,0.66458973080567,66.458973080567,"SURVEILLER (FAIBLE VOLUME)"
"CLINIQUE MEDICAL MALON","Clinique","ABIDJAN",198,152,104,5007733,4624800,382933,32945.6118421053,48151.2788461538,0.0827999048607507,1.46153846153846,0.0101010101010101,42616.7291666667,1.45454545454545,0.0745173990347981,0.764766983566559,0.118771272385294,1.11114861674231,"Économique",0.764766983566559,0.118771272385294,1,0.804878048780488,1.19013157894737,0,0.38238349178328,0.059385636192647,0.333333333333333,0.555574308371156,0.288088169229894,28.8088169229894,0.940119760479042,0.61761650821672,0.711911830770106,0.719835287690539,71.9835287690539,"CONSERVER"
"CLINIQUE MEDICAL MAYA","Clinique","ABIDJAN",12,9,3,604475,553700,50775,67163.8888888889,201491.666666667,0.0917012822828246,3,0,42616.7291666667,1.45454545454545,0.0745173990347981,1.56825958955107,0.244770916334661,1.23060229517676,"Coût Élevé",1.56825958955107,0.244770916334661,1,1.8,2.23333333333333,0,0.784129794775534,0.122385458167331,0.6,0.615301147588378,0.513484690641697,51.3484690641697,0.663037561241154,0.215870205224466,0.486515309358303,0.413561718081338,41.3561718081338,"SURVEILLER (FAIBLE VOLUME)"
"CLINIQUE MEDICAL SAINT DAVID","Clinique","HORS-ABIDJAN",71,38,29,2071945,1953100,118845,54524.8684210526,71446.3793103448,0.0608494188725616,1.31034482758621,0,42616.7291666667,1.45454545454545,0.0745173990347981,1.27314170136554,0.106911434720887,0.816580015683937,"Coût Élevé",1.27314170136554,0.106911434720887,1,2.31428571428571,5.81842105263158,1,0.636570850682769,0.0534557173604433,0.771428571428571,0.408290007841968,0.479265542625732,47.9265542625732,0.858464888405008,0.363429149317231,0.520734457374268,0.525358420357601,52.5358420357601,"SURVEILLER"
"CLINIQUE MEDICAL SAINT-URIEL","Clinique","HORS-ABIDJAN",5,3,2,153750,129950,23800,51250,76875,0.183147364370912,1.5,0,42616.7291666667,1.45454545454545,0.0745173990347981,1.19667436317537,0.122385458167331,2.45777988420377,"Standard",1.19667436317537,0.122385458167331,1,4.5,0,0,0.598337181587684,0.0611927290836653,1,1,0.597858973201405,59.7858973201405,0.43603701687534,0.401662818412316,0.402141026798595,0.408728941459433,40.8728941459433,"SURVEILLER (FAIBLE VOLUME)"
"CLINIQUE MEDICAL SILOE SARL","Clinique","HORS-ABIDJAN",668,553,293,21493882.7017544,19614584,1879298.70175439,38867.7806541671,73357.9614394348,0.0958112953990962,1.88737201365188,0.00748502994011976,42616.7291666667,1.45454545454545,0.0745173990347981,0.903894207882093,0.153663306323135,1.28575737532592,"Standard",0.903894207882093,0.153663306323135,1,0.828220858895706,0.835985533453888,0,0.451947103941046,0.0768316531615676,0.333333333333333,0.64287868766296,0.32292149589708,32.292149589708,0.991834512792597,0.548052896058954,0.67707850410292,0.688419462623269,68.8419462623269,"CONSERVER"
"CLINIQUE MEDICALE ADJAME LIBERTE","Clinique","ABIDJAN",118,81,60,3001675,2881975,119700,37057.7160493827,50027.9166666667,0.0415340174706581,1.35,0,42616.7291666667,1.45454545454545,0.0745173990347981,0.865288170812266,0.110146912350598,0.557373418941563,"Économique",0.865288170812266,0.110146912350598,1,2.54032258064516,0.248148148148148,1,0.432644085406133,0.0550734561752988,0.846774193548387,0.278686709470782,0.428216191486024,42.8216191486024,0.900925421883506,0.567355914593867,0.571783808513976,0.635840973619838,63.5840973619838,"CONSERVER"
"CLINIQUE MEDICALE AFRIQUE FUTUR","Clinique","ABIDJAN",2,2,2,37500,37500,0,18750,18750,0,1,0,42616.7291666667,1.45454545454545,0.0745173990347981,0.437807693844646,0.0815903054448871,0,"Économique",0.437807693844646,0.0815903054448871,1,0,0,0,0.218903846922323,0.0407951527224436,0.333333333333333,0,0.17790969989343,17.790969989343,0.249319542732716,0.781096153077677,0.82209030010657,0.691138489820242,69.1138489820242,"SURVEILLER (FAIBLE VOLUME)"
"CLINIQUE MEDICALE AHISSA","Clinique","HORS-ABIDJAN",12,12,8,393930,393930,0,32827.5,49241.25,0,1.5,0,42616.7291666667,1.45454545454545,0.0745173990347981,0.766513710383207,0.122385458167331,0,"Économique",0.766513710383207,0.122385458167331,1,0,0,0,0.383256855191604,0.0611927290836653,0.333333333333333,0,0.233334875282581,23.3334875282581,0.593358737071312,0.616743144808396,0.766665124717419,0.672035055224589,67.2035055224589,"SURVEILLER (FAIBLE VOLUME)"
"CLINIQUE MEDICALE ALOES","Clinique","HORS-ABIDJAN",1,1,1,1327200,820000,507200,1327200,1327200,0.618536585365854,1,0,42616.7291666667,1.45454545454545,0.0745173990347981,30.9897798010995,0.0815903054448871,8.30056595342264,"Coût Élevé",30.9897798010995,0.0815903054448871,1,0,0,0,1,0.0407951527224436,0.333333333333333,1,0.512238545816733,51.2238545816733,0.79858464888405,0,0.487761454183267,0.354821511450117,35.4821511450117,"SURVEILLER (FAIBLE VOLUME)"
"CLINIQUE MEDICALE ANGEALEX","Clinique","HORS-ABIDJAN",13,11,9,221975,219475,2500,20179.5454545455,24663.8888888889,0.0113908189998861,1.22222222222222,0,42616.7291666667,1.45454545454545,0.0745173990347981,0.471187213775347,0.0997214844326398,0.152861199497406,"Économique",0.471187213775347,0.0997214844326398,1,1.125,0,0,0.235593606887674,0.0498607422163199,0.375,0.0764305997487031,0.205779364706068,20.5779364706068,0.493195427327164,0.764406393112326,0.794220635293932,0.722089896827936,72.2089896827936,"SURVEILLER (FAIBLE VOLUME)"
"CLINIQUE MEDICALE AVENUE CAZA","Clinique","ABIDJAN",9,5,5,339750,271100,68650,67950,67950,0.253227591294725,1,0,42616.7291666667,1.45454545454545,0.0745173990347981,1.586615082493,0.0815903054448871,3.39823443349751,"Coût Élevé",1.586615082493,0.0815903054448871,1,3,8.04,0,0.793307541246499,0.0407951527224436,1,1,0.650230808190683,65.0230808190683,0.567229178007621,0.206692458753501,0.349769191809317,0.336030495826651,33.6030495826651,"SURVEILLER (FAIBLE VOLUME)"
"CLINIQUE MEDICALE BEGNANKO","Clinique","HORS-ABIDJAN",3,3,3,40550,40550,0,13516.6666666667,13516.6666666667,0,1,0,42616.7291666667,1.45454545454545,0.0745173990347981,0.315610701962674,0.0815903054448871,0,"Économique",0.315610701962674,0.0815903054448871,1,0,0,0,0.157805350981337,0.0407951527224436,0.333333333333333,0,0.159580151111134,15.9580151111134,0.258573761567774,0.842194649018663,0.840419848888866,0.724760551476566,72.4760551476566,"SURVEILLER (FAIBLE VOLUME)"
"CLINIQUE MEDICALE BELAH","Clinique","ABIDJAN",4,3,3,226425,162525,63900,75475,75475,0.393170281495155,1,0,42616.7291666667,1.45454545454545,0.0745173990347981,1.76232190362265,0.0815903054448871,5.27622121259965,"Coût Élevé",1.76232190362265,0.0815903054448871,1,2.25,0,0,0.881160951811325,0.0407951527224436,0.75,1,0.601586831360131,60.1586831360131,0.497005988023952,0.118839048188675,0.398413168639869,0.306302084336208,30.6302084336208,"SURVEILLER (FAIBLE VOLUME)"
"CLINIQUE MEDICALE BELLEVUE","Clinique","ABIDJAN",129,90,40,8942771,7012147,1930624,99364.1222222222,223569.275,0.27532565988705,2.25,0,42616.7291666667,1.45454545454545,0.0745173990347981,2.3201267840538,0.183578187250996,3.69478354657117,"Coût Élevé",2.3201267840538,0.183578187250996,1,1.19117647058824,2.01,1,1,0.091789093625498,0.397058823529412,1,0.546654375146473,54.6654375146473,0.973870440936309,0,0.453345624853527,0.376112338128673,37.6112338128673,"RENÉGOCIER"
"CLINIQUE MEDICALE BETHESDA","Clinique","HORS-ABIDJAN",4,2,2,55000,55000,0,27500,27500,0,1,0,42616.7291666667,1.45454545454545,0.0745173990347981,0.642117950972148,0.0815903054448871,0,"Économique",0.642117950972148,0.0815903054448871,1,4.5,0,0,0.321058975486074,0.0407951527224436,1,0,0.408556238462555,40.8556238462555,0.298312465977137,0.678941024513926,0.591443761537445,0.567816407615976,56.7816407615976,"SURVEILLER (FAIBLE VOLUME)"
"CLINIQUE MEDICALE CARLY","Clinique","ABIDJAN",260,196,102,6297632,5952277,345355,32130.7755102041,61741.4901960784,0.0580206532726888,1.92156862745098,0.00769230769230769,42616.7291666667,1.45454545454545,0.0745173990347981,0.746833918846487,0.156143195394171,0.778618873232469,"Économique",0.746833918846487,0.156143195394171,1,1,1.33316326530612,0,0.373416959423244,0.0780715976970857,0.333333333333333,0.389309436616235,0.274377510797722,27.4377510797722,0.955906369080022,0.626583040576757,0.725622489202278,0.732063485727618,73.2063485727618,"CONSERVER"
"CLINIQUE MEDICALE CHAPELET D'ABIDJAN","Clinique","ABIDJAN",147,101,53,2991933,2927952,63981,29623.099009901,56451.5660377359,0.0218517926523386,1.90566037735849,0.0748299319727891,42616.7291666667,1.45454545454545,0.0745173990347981,0.673773932841507,0.154874308906499,0.293244167608886,"Économique",0.673773932841507,0.154874308906499,1,1.64189189189189,2.18910891089109,1,0.336886966420753,0.0774371544532497,0.547297297297297,0.146622083804443,0.303148633831834,30.3148633831834,0.900381056069679,0.663113033579247,0.696851366168166,0.724061971112901,72.4061971112901,"CONSERVER"
"CLINIQUE MEDICALE COEUR SACRE (CMCS)","Clinique","ABIDJAN",371,229,119,20225564.6666667,17121538,3104026.66666667,88321.2430858806,169962.728291317,0.181293682066802,1.92436974789916,0.0727762803234501,42616.7291666667,1.45454545454545,0.0745173990347981,2.01501067427456,0.155917481236227,2.43290405214145,"Coût Élevé",2.01501067427456,0.155917481236227,1,1.4079754601227,2.98427947598253,1,1,0.0779587406181137,0.469325153374233,1,0.564185168197704,56.4185168197704,0.990745781164943,0,0.435814831802296,0.372475088953907,37.2475088953907,"RENÉGOCIER"
"CLINIQUE MEDICALE D'ANGRE","Clinique","ABIDJAN",27,19,14,1383455,1249515,133940,72813.4210526316,98818.2142857143,0.107193591113352,1.35714285714286,0,42616.7291666667,1.45454545454545,0.0745173990347981,1.70017471743957,0.110729700246633,1.43850419501753,"Coût Élevé",1.70017471743957,0.110729700246633,1,1.05882352941176,2.11578947368421,1,0.850087358719783,0.0553648501233163,0.352941176470588,0.719252097508763,0.449443225344983,44.9443225344983,0.806205770277627,0.149912641280217,0.550556774655017,0.441428920429619,44.1428920429619,"SURVEILLER (FAIBLE VOLUME)"
"CLINIQUE MEDICALE DANGA","Clinique","ABIDJAN",255,201,124,20795124.7777778,16665084,4130040.77777778,103458.33222775,167702.619175627,0.247825980221748,1.62096774193548,0.109803921568627,42616.7291666667,1.45454545454545,0.0745173990347981,2.33260532309668,0.131152917774744,3.32574651600519,"Coût Élevé",2.33260532309668,0.131152917774744,1,0.757425742574258,1,0,1,0.0655764588873722,0.333333333333333,1,0.519672937666212,51.9672937666212,0.99129014697877,0,0.480327062333788,0.390388854329269,39.0388854329269,"RENÉGOCIER"
"CLINIQUE MEDICALE DE BOUAKE","Clinique","HORS-ABIDJAN",14,11,11,389925,367500,22425,35447.7272727273,35447.7272727273,0.0610204081632653,1,0,42616.7291666667,1.45454545454545,0.0745173990347981,0.827695345563024,0.0815903054448871,0.81887463805292,"Économique",0.827695345563024,0.0815903054448871,1,0,1.82727272727273,0,0.413847672781512,0.0407951527224436,0.333333333333333,0.40943731902646,0.277336579553833,27.7336579553833,0.590636908002177,0.586152327218488,0.722663420446167,0.641653680666298,64.1653680666298,"SURVEILLER (FAIBLE VOLUME)"
"CLINIQUE MEDICALE DE DUEKOUE","Clinique","HORS-ABIDJAN",3,1,1,41525,41525,0,41525,41525,0,1,0,42616.7291666667,1.45454545454545,0.0745173990347981,0.969598105967944,0.0815903054448871,0,"Standard",0.969598105967944,0.0815903054448871,1,4.5,20.1,0,0.484799052983972,0.0407951527224436,1,0,0.457678261711925,45.7678261711925,0.261295590636908,0.515200947016028,0.542321738288075,0.475268192249023,47.5268192249023,"SURVEILLER (FAIBLE VOLUME)"
"CLINIQUE MEDICALE DE LOURDES","Clinique","ABIDJAN",167,110,66,8584578,7061362,1523216,78041.6181818182,130069.363636364,0.215711359933112,1.66666666666667,0.0658682634730539,42616.7291666667,1.45454545454545,0.0745173990347981,1.7788176171391,0.134707530927107,2.89477843734695,"Coût Élevé",1.7788176171391,0.134707530927107,1,1.78448275862069,2.37545454545455,1,0.889408808569551,0.0673537654635537,0.594827586206897,1,0.565477048072,56.5477048072,0.971692977681002,0.110591191430449,0.434522951928,0.41238425287958,41.238425287958,"RENÉGOCIER"
"CLINIQUE MEDICALE DES GRACES","Clinique","ABIDJAN",8,4,1,338300,281650,56650,84575,338300,0.201136161903071,4,0,42616.7291666667,1.45454545454545,0.0745173990347981,1.97480457103525,0.326361221779548,2.69918387528723,"Coût Élevé",1.97480457103525,0.326361221779548,1,1.5,5.025,0,0.987402285517626,0.163180610889774,0.5,1,0.59517486892222,59.517486892222,0.566684812193794,0.012597714482374,0.40482513107778,0.28030610066282,28.030610066282,"SURVEILLER (FAIBLE VOLUME)"
"CLINIQUE MEDICALE DU CHATEAU SARL","Clinique","ABIDJAN",5,2,1,127676,109325,18351,63838,127676,0.167857306197119,2,0,42616.7291666667,1.45454545454545,0.0745173990347981,1.49060093651491,0.163180610889774,2.25259212440752,"Coût Élevé",1.49060093651491,0.163180610889774,1,4.5,10.05,0,0.745300468257454,0.0815903054448871,1,1,0.648067232110702,64.8067232110702,0.409907457811649,0.254699531742546,0.351932767889298,0.324634411415067,32.4634411415067,"SURVEILLER (FAIBLE VOLUME)"
"CLINIQUE MEDICALE DU LAVAGE","Clinique","ABIDJAN",13,6,4,416685,416285,400,69447.5,104171.25,0.000960880166232269,1.5,0,42616.7291666667,1.45454545454545,0.0745173990347981,1.62158132364139,0.122385458167331,0.0128947088690462,"Coût Élevé",1.62158132364139,0.122385458167331,1,3.75,6.7,0,0.810790661820696,0.0611927290836653,1,0.00644735443452312,0.562239752714761,56.2239752714761,0.60424605334785,0.189209338179304,0.437760247285239,0.371637044855388,37.1637044855388,"SURVEILLER (FAIBLE VOLUME)"
"CLINIQUE MEDICALE ELITE (EX ELITE D'AZITO)","Clinique","ABIDJAN",94,71,41,2106395,2040645,65750,29667.5352112676,51375.487804878,0.0322202048862002,1.73170731707317,0,42616.7291666667,1.45454545454545,0.0745173990347981,0.692729342554662,0.141290528941146,0.432384990667133,"Économique",0.692729342554662,0.141290528941146,1,0.849056603773585,1.13239436619718,0,0.346364671277331,0.070645264470573,0.333333333333333,0.216192495333567,0.246722230257728,24.6722230257728,0.860642351660316,0.653635328722669,0.753277769742272,0.73489370971804,73.489370971804,"CONSERVER"
"CLINIQUE MEDICALE ENERGY","Clinique","HORS-ABIDJAN",75,51,37,2182099,2111124,70975,42786.2549019608,58975.6486486486,0.0336195315860177,1.37837837837838,0,42616.7291666667,1.45454545454545,0.0745173990347981,0.999048084633421,0.11246231291052,0.451163513776401,"Standard",0.999048084633421,0.11246231291052,1,1.31707317073171,1.97058823529412,0,0.499524042316711,0.05623115645526,0.439024390243902,0.2255817568882,0.320992052393582,32.0992052393582,0.865541643984758,0.500475957683289,0.679007947606418,0.644901890912835,64.4901890912835,"CONSERVER"
"CLINIQUE MEDICALE ESPERANCE TOUMODI","Clinique","HORS-ABIDJAN",3,3,3,63450,63450,0,21150,21150,0,1,0,42616.7291666667,1.45454545454545,0.0745173990347981,0.493847078656761,0.0815903054448871,0,"Économique",0.493847078656761,0.0815903054448871,1,0,0,0,0.246923539328381,0.0407951527224436,0.333333333333333,0,0.186315607615247,18.6315607615247,0.318454001088732,0.753076460671619,0.813684392384753,0.690395141440295,69.0395141440295,"SURVEILLER (FAIBLE VOLUME)"
"CLINIQUE MEDICALE ESPOIR","Clinique","HORS-ABIDJAN",6,4,3,192097,172375,19722,48024.25,64032.3333333333,0.114413343002175,1.33333333333333,0,42616.7291666667,1.45454545454545,0.0745173990347981,1.12135392752633,0.108787073926516,1.53539098900576,"Standard",1.12135392752633,0.108787073926516,1,1.125,5.025,0,0.560676963763167,0.0543935369632581,0.375,0.76769549450288,0.373790699668216,37.3790699668216,0.465977136635819,0.439323036236833,0.626209300331784,0.519408361954611,51.9408361954611,"SURVEILLER (FAIBLE VOLUME)"
"CLINIQUE MEDICALE ETOILE DIVINE","Clinique","ABIDJAN",5,3,2,183510,161370,22140,61170,91755,0.137200223089794,1.5,0,42616.7291666667,1.45454545454545,0.0745173990347981,1.42830382039877,0.122385458167331,1.84118373516666,"Coût Élevé",1.42830382039877,0.122385458167331,1,2.25,0,0,0.714151910199387,0.0611927290836653,0.75,0.920591867583328,0.549662578543249,54.9662578543249,0.459989112683723,0.285848089800613,0.450337421456751,0.38647202703969,38.647202703969,"SURVEILLER (FAIBLE VOLUME)"
"CLINIQUE MEDICALE EVE","Clinique","ABIDJAN",14,10,7,315300,297300,18000,31530,45042.8571428571,0.0605449041372351,1.42857142857143,0,42616.7291666667,1.45454545454545,0.0745173990347981,0.736217417969158,0.116557579206982,0.812493523948171,"Économique",0.736217417969158,0.116557579206982,1,0.9,2.01,0,0.368108708984579,0.0582787896034908,0.333333333333333,0.406246761974085,0.268540925773829,26.8540925773829,0.55688622754491,0.631891291015421,0.731459074226171,0.656717391605619,65.6717391605619,"SURVEILLER (FAIBLE VOLUME)"
"CLINIQUE MEDICALE FRANCHET D'ESPEREY","Clinique","ABIDJAN",53,47,36,2454000,2454000,0,52212.7659574468,68166.6666666667,0,1.30555555555556,0,42616.7291666667,1.45454545454545,0.0745173990347981,1.2191547014976,0.106520676553047,0,"Standard",1.2191547014976,0.106520676553047,1,0,0,0,0.609577350748801,0.0532603382765235,0.333333333333333,0,0.298851306707597,29.8851306707597,0.878606423516603,0.390422649251199,0.701148693292402,0.612349821720761,61.2349821720761,"CONSERVER"
"CLINIQUE MEDICALE GLOIRE A DIEU","Clinique","HORS-ABIDJAN",6,2,2,206600,174650,31950,103300,103300,0.182937303177784,1,0,42616.7291666667,1.45454545454545,0.0745173990347981,2.41202852128811,0.0815903054448871,2.45496092922347,"Coût Élevé",2.41202852128811,0.0815903054448871,1,4.5,10.05,0,1,0.0407951527224436,1,1,0.712238545816733,71.2238545816733,0.481763745236799,0,0.287761454183267,0.211457330720667,21.1457330720667,"SURVEILLER (FAIBLE VOLUME)"
"CLINIQUE MEDICALE GRACE DE DIEU DE VAVOUA","Clinique","HORS-ABIDJAN",3,3,3,55575,55575,0,18525,18525,0,1,0,42616.7291666667,1.45454545454545,0.0745173990347981,0.432554001518511,0.0815903054448871,0,"Économique",0.432554001518511,0.0815903054448871,1,0,0,0,0.216277000759255,0.0407951527224436,0.333333333333333,0,0.17712164604451,17.712164604451,0.299945563418617,0.783722999240745,0.82287835395549,0.702629653962217,70.2629653962217,"SURVEILLER (FAIBLE VOLUME)"
"CLINIQUE MEDICALE GRANDE ETOILE","Clinique","ABIDJAN",9,8,5,266300,245700,20600,33287.5,53260,0.0838420838420838,1.6,0,42616.7291666667,1.45454545454545,0.0745173990347981,0.777254592472196,0.130544488711819,1.12513433007681,"Économique",0.777254592472196,0.130544488711819,1,0.9,0,0,0.388627296236098,0.0652722443559097,0.333333333333333,0.562567165038405,0.292426578681443,29.2426578681443,0.520413718018508,0.611372703763902,0.707573421318557,0.631661193636685,63.1661193636685,"SURVEILLER (FAIBLE VOLUME)"
"CLINIQUE MEDICALE GYPEMED","Clinique","ABIDJAN",37,29,17,809150,794950,14200,27901.724137931,47597.0588235294,0.0178627586640669,1.70588235294118,0.027027027027027,42616.7291666667,1.45454545454545,0.0745173990347981,0.641594259166481,0.137497555529343,0.23971258921323,"Économique",0.641594259166481,0.137497555529343,1,1.125,0.693103448275862,0,0.320797129583241,0.0687487777646715,0.375,0.119856294606615,0.241349401665035,24.1349401665035,0.718562874251497,0.679202870416759,0.758650598334965,0.718853962350989,71.8853962350989,"CONSERVER"
"CLINIQUE MEDICALE H.SANTE","Clinique","ABIDJAN",1,1,1,39600,33300,6300,39600,39600,0.189189189189189,1,0,42616.7291666667,1.45454545454545,0.0745173990347981,0.924649849399893,0.0815903054448871,2.53885926830111,"Standard",0.924649849399893,0.0815903054448871,1,0,0,0,0.462324924699947,0.0407951527224436,0.333333333333333,1,0.350936023226717,35.0936023226717,0.255851932498639,0.537675075300053,0.649063976773283,0.525866007329062,52.5866007329062,"SURVEILLER (FAIBLE VOLUME)"
"CLINIQUE MEDICALE IMMACULEE CONCEPTION","Clinique","ABIDJAN",6,3,2,159440,131440,28000,53146.6666666667,79720,0.213024954351795,1.5,0,42616.7291666667,1.45454545454545,0.0745173990347981,1.24096104367272,0.122385458167331,2.85872772145895,"Standard",1.24096104367272,0.122385458167331,1,4.5,0,0,0.620480521836359,0.0611927290836653,1,1,0.604501975276007,60.4501975276007,0.440936309199782,0.379519478163641,0.395498024723993,0.39819426299501,39.819426299501,"SURVEILLER (FAIBLE VOLUME)"
"CLINIQUE MEDICALE INAYA","Clinique","ABIDJAN",27,17,2,1435655,1150685,284970,84450.2941176471,717827.5,0.247652485258781,8.5,0,42616.7291666667,1.45454545454545,0.0745173990347981,1.97189272064796,0.69351759628154,3.32341826830445,"Coût Élevé",1.97189272064796,0.69351759628154,1,2.25,2.36470588235294,1,0.985946360323978,0.34675879814077,0.75,1,0.724811547539424,72.4811547539424,0.812193794229722,0.0140536396760221,0.275188452460576,0.278135595700584,27.8135595700584,"SURVEILLER (FAIBLE VOLUME)"
"CLINIQUE MEDICALE JANICK","Clinique","ABIDJAN",23,17,9,1385670,1323400,62270,81510,153963.333333333,0.0470530451866405,1.88888888888889,0,42616.7291666667,1.45454545454545,0.0745173990347981,1.90323760668145,0.154115021395898,0.631437030762006,"Coût Élevé",1.90323760668145,0.154115021395898,1,0.346153846153846,1.18235294117647,0,0.951618803340724,0.077057510697949,0.333333333333333,0.315718515381003,0.440174745749702,44.0174745749702,0.806750136091453,0.0483811966592764,0.559825254250298,0.40463260758212,40.463260758212,"SURVEILLER (FAIBLE VOLUME)"
"CLINIQUE MEDICALE KONOS","Clinique","ABIDJAN",12,5,4,3061175,1855075,1206100,612235,765293.75,0.650162392356104,1.25,0.5,42616.7291666667,1.45454545454545,0.0745173990347981,12.1245024928731,0.0969364488279203,8.72497431173748,"Coût Élevé",12.1245024928731,0.0969364488279203,1,1.125,8.04,0,1,0.0484682244139602,0.375,1,0.527040467324188,52.7040467324188,0.902558519324986,0,0.472959532675812,0.369695516935322,36.9695516935322,"SURVEILLER (FAIBLE VOLUME)"
"CLINIQUE MEDICALE L'OASIS DU SINAI","Clinique","HORS-ABIDJAN",12,9,7,312937,277187,35750,34770.7777777778,44705.2857142857,0.128974302546656,1.28571428571429,0,42616.7291666667,1.45454545454545,0.0745173990347981,0.811888748377257,0.104901821286283,1.7307944750786,"Économique",0.811888748377257,0.104901821286283,1,1.125,0,0,0.405944374188628,0.0524509106431417,0.375,0.865397237539302,0.336558309203461,33.6558309203461,0.555797495917256,0.594055625811372,0.663441690796539,0.614158425826615,61.4158425826615,"SURVEILLER (FAIBLE VOLUME)"
"CLINIQUE MEDICALE LA MACULA(EX CABINET MEDICAL LA MACULA)","Clinique","HORS-ABIDJAN",82,48,29,2487393,2316043,171350,51820.6875,85772.1724137931,0.0739839458939234,1.6551724137931,0.0975609756097561,42616.7291666667,1.45454545454545,0.0745173990347981,1.14588018632385,0.133132196255497,0.992841227045169,"Standard",1.14588018632385,0.133132196255497,1,2.1375,2.93125,1,0.572940093161925,0.0665660981277486,0.7125,0.496420613522584,0.455243918739161,45.5243918739161,0.881328252585738,0.427059906838075,0.544756081260839,0.564992045756713,56.4992045756713,"SURVEILLER"
"CLINIQUE MEDICALE LA MAISON BLANCHE","Clinique","ABIDJAN",11,7,5,285000,245000,40000,40714.2857142857,57000,0.163265306122449,1.4,0,42616.7291666667,1.45454545454545,0.0745173990347981,0.950668135205518,0.114226427622842,2.19096893124527,"Standard",0.950668135205518,0.114226427622842,1,1.92857142857143,2.87142857142857,0,0.475334067602759,0.057113213811421,0.642857142857143,1,0.452591327281397,45.2591327281397,0.533478497550354,0.524665932397241,0.547408672718603,0.535525541556408,53.5525541556408,"SURVEILLER (FAIBLE VOLUME)"
"CLINIQUE MEDICALE LA PAIX","Clinique","HORS-ABIDJAN",4,2,2,124550,121000,3550,62275,62275,0.0293388429752066,1,0,42616.7291666667,1.45454545454545,0.0745173990347981,1.45410528715602,0.0815903054448871,0.393718022303838,"Coût Élevé",1.45410528715602,0.0815903054448871,1,2.25,0,0,0.72705264357801,0.0407951527224436,0.75,0.196859011151919,0.475040240005328,47.5040240005328,0.406096897114861,0.27294735642199,0.524959759994672,0.400382225989637,40.0382225989637,"SURVEILLER (FAIBLE VOLUME)"
"CLINIQUE MEDICALE LA REFERENCE DE SONGON","Clinique","HORS-ABIDJAN",9,5,3,385034,385030,4,77006.8,128344.666666667,1.03888008726593e-05,1.66666666666667,0,42616.7291666667,1.45454545454545,0.0745173990347981,1.79808904097898,0.135983842408145,0.000139414432162453,"Coût Élevé",1.79808904097898,0.135983842408145,1,2.25,4.02,0,0.899044520489491,0.0679919212040726,0.75,6.97072160812263e-05,0.515117903229677,51.5117903229677,0.586281981491562,0.100955479510509,0.484882096770323,0.351591426810645,35.1591426810645,"SURVEILLER (FAIBLE VOLUME)"
"CLINIQUE MEDICALE LATRILLE","Clinique","ABIDJAN",66,57,34,5612606.44444444,4836812,775794.444444444,98466.7797270955,165076.660130719,0.160393756144428,1.67647058823529,0.0454545454545455,42616.7291666667,1.45454545454545,0.0745173990347981,2.24625086302217,0.135126908020216,2.15243363592881,"Coût Élevé",2.24625086302217,0.135126908020216,1,0.375,0,0,1,0.0675634540101082,0.333333333333333,1,0.520269036203032,52.0269036203032,0.947740881872618,0,0.479730963796968,0.381440561893311,38.1440561893311,"RENÉGOCIER"
"CLINIQUE MEDICALE LE BELIER","Clinique","ABIDJAN",5,5,5,92500,92500,0,18500,18500,0,1,0,42616.7291666667,1.45454545454545,0.0745173990347981,0.431970257926718,0.0815903054448871,0,"Économique",0.431970257926718,0.0815903054448871,1,0,0,0,0.215985128963359,0.0407951527224436,0.333333333333333,0,0.177034084505741,17.7034084505741,0.366358192705498,0.784014871036641,0.822965915494259,0.71606395315346,71.606395315346,"SURVEILLER (FAIBLE VOLUME)"
"CLINIQUE MEDICALE LES BEATITUDES","Clinique","ABIDJAN",138,106,51,7715482,7096017,619465,72787.5660377358,151283.960784314,0.0872975642532987,2.07843137254902,0,42616.7291666667,1.45454545454545,0.0745173990347981,1.69957100946912,0.16957985053251,1.17150578769574,"Coût Élevé",1.69957100946912,0.16957985053251,1,0.943548387096774,0.94811320754717,0,0.849785504734561,0.0847899252662552,0.333333333333333,0.585752893847869,0.438947918385032,43.8947918385032,0.96679368535656,0.150214495265439,0.561052081614968,0.477865367823475,47.7865367823475,"RENÉGOCIER"
"CLINIQUE MEDICALE LES DRE","Clinique","ABIDJAN",258,167,69,12233252.4444444,10647145,1586107.44444444,73253.0086493679,177293.513687601,0.148970211680638,2.42028985507246,0.00387596899224806,42616.7291666667,1.45454545454545,0.0745173990347981,1.70586630377571,0.196877438691082,1.99913327102402,"Coût Élevé",1.70586630377571,0.196877438691082,1,1.80978260869565,2.76826347305389,1,0.852933151887857,0.0984387193455411,0.603260869565217,0.999566635512008,0.566346485790785,56.6346485790785,0.981491562329886,0.147066848112143,0.433653514209215,0.42858645739452,42.858645739452,"RENÉGOCIER"
"CLINIQUE MEDICALE LES GRACES","Clinique","ABIDJAN",25,17,11,677526,602225,75301,39854.4705882353,61593.2727272727,0.12503798414214,1.54545454545455,0.04,42616.7291666667,1.45454545454545,0.0745173990347981,0.906715559819561,0.123749140065293,1.67797032319592,"Standard",0.906715559819561,0.123749140065293,1,2.42307692307692,1.18235294117647,1,0.453357779909781,0.0618745700326465,0.807692307692308,0.838985161597961,0.480775913450216,48.0775913450216,0.683723462166576,0.546642220090219,0.519224086549783,0.563091215089316,56.3091215089316,"SURVEILLER (FAIBLE VOLUME)"
"CLINIQUE MEDICALE LES JARDINS D'EDEN","Clinique","ABIDJAN",4,3,3,240000,240000,0,80000,80000,0,1,0,42616.7291666667,1.45454545454545,0.0745173990347981,1.86797949373716,0.0815903054448871,0,"Coût Élevé",1.86797949373716,0.0815903054448871,1,0,0,0,0.933989746868579,0.0407951527224436,0.333333333333333,0,0.392435469877307,39.2435469877307,0.506804572672836,0.0660102531314208,0.607564530122693,0.370790827836213,37.0790827836213,"SURVEILLER (FAIBLE VOLUME)"
"CLINIQUE MEDICALE LES JASMINS","Clinique","ABIDJAN",20,15,10,425325,389825,35500,28355,42532.5,0.0910665042006028,1.5,0,42616.7291666667,1.45454545454545,0.0745173990347981,0.662081981811464,0.122385458167331,1.22208377345641,"Économique",0.662081981811464,0.122385458167331,1,1.5,0,0,0.331040990905732,0.0611927290836653,0.5,0.611041886728203,0.32877430466964,32.877430466964,0.606423516603157,0.668959009094268,0.67122569533036,0.657358585090483,65.7358585090483,"SURVEILLER (FAIBLE VOLUME)"
"CLINIQUE MEDICALE LES OLIVIERS","Clinique","ABIDJAN",2,2,2,37025,37025,0,18512.5,18512.5,0,1,0,42616.7291666667,1.45454545454545,0.0745173990347981,0.432262129722614,0.0815903054448871,0,"Économique",0.432262129722614,0.0815903054448871,1,0,0,0,0.216131064861307,0.0407951527224436,0.333333333333333,0,0.177077865275125,17.7077865275125,0.247142079477409,0.783868935138693,0.822922134724875,0.692144843840909,69.2144843840909,"SURVEILLER (FAIBLE VOLUME)"
"CLINIQUE MEDICALE LES OLIVIERS DE TABOU","Clinique","HORS-ABIDJAN",3,2,2,44700,44700,0,22350,22350,0,1,0,42616.7291666667,1.45454545454545,0.0745173990347981,0.521866771062819,0.0815903054448871,0,"Économique",0.521866771062819,0.0815903054448871,1,2.25,0,0,0.260933385531409,0.0407951527224436,0.75,0,0.315518561476156,31.5518561476156,0.271094175285792,0.739066614468591,0.684481438523844,0.623638056254132,62.3638056254132,"SURVEILLER (FAIBLE VOLUME)"
"CLINIQUE MEDICALE LES ORCHIDEES","Clinique","ABIDJAN",193,169,107,4879050,4645550,233500,28870.1183431953,45598.5981308411,0.0502631550623715,1.57943925233645,0.00518134715025907,42616.7291666667,1.45454545454545,0.0745173990347981,0.672328975138629,0.128616377816032,0.674515693159119,"Économique",0.672328975138629,0.128616377816032,1,0.326612903225806,0.237869822485207,0,0.336164487569314,0.0643081889080162,0.333333333333333,0.33725784657956,0.253867587601155,25.3867587601155,0.9352204681546,0.663835512430686,0.746132412398845,0.751031263562732,75.1031263562732,"PRIVILÉGIER"
"CLINIQUE MEDICALE LES PERLES","Clinique","HORS-ABIDJAN",7,4,4,177625,166425,11200,44406.25,44406.25,0.0672975814931651,1,0,42616.7291666667,1.45454545454545,0.0745173990347981,1.03687455492207,0.0815903054448871,0.903112324971763,"Standard",1.03687455492207,0.0815903054448871,1,3,5.025,0,0.518437277461036,0.0407951527224436,1,0.451556162485881,0.512925345303632,51.2925345303632,0.455634186173108,0.481562722538964,0.487074654696368,0.478581788128755,47.8581788128755,"SURVEILLER (FAIBLE VOLUME)"
"CLINIQUE MEDICALE LIFE","Clinique","ABIDJAN",8,7,4,134350,134350,0,19192.8571428571,33587.5,0,1.75,0,42616.7291666667,1.45454545454545,0.0745173990347981,0.448148294613549,0.142783034528552,0,"Économique",0.448148294613549,0.142783034528552,1,1.125,0,0,0.224074147306774,0.0713915172642762,0.375,0,0.201139699371315,20.1139699371315,0.41861731083288,0.775925852693226,0.798860300628685,0.71363792349534,71.363792349534,"SURVEILLER (FAIBLE VOLUME)"
"CLINIQUE MEDICALE MAMI ADJOUA","Clinique","ABIDJAN",15,12,11,478075,478075,0,39839.5833333333,43461.3636363636,0,1.09090909090909,0,42616.7291666667,1.45454545454545,0.0745173990347981,0.930244058821242,0.0890076059398769,0,"Standard",0.930244058821242,0.0890076059398769,1,0.9,0,0,0.465122029410621,0.0445038029699384,0.333333333333333,0,0.252887749714168,25.2887749714168,0.628198149156233,0.534877970589379,0.747112250285832,0.638435718181331,63.8435718181331,"SURVEILLER (FAIBLE VOLUME)"
"CLINIQUE MEDICALE MASSA","Clinique","ABIDJAN",7,3,1,92300,92100,200,30766.6666666667,92300,0.00217155266015201,3,0,42616.7291666667,1.45454545454545,0.0745173990347981,0.718393780299749,0.244770916334661,0.029141552017106,"Économique",0.718393780299749,0.244770916334661,1,3,13.4,0,0.359196890149874,0.122385458167331,1,0.014570776008553,0.445931782096017,44.5931782096017,0.365269461077844,0.640803109850126,0.554068217903983,0.551002423317212,55.1002423317212,"SURVEILLER (FAIBLE VOLUME)"
"CLINIQUE MEDICALE MONT CARMEL","Clinique","ABIDJAN",177,140,63,6631290,5875045,756245,47366.3571428571,105258.571428571,0.128721567239059,2.22222222222222,0.00564971751412429,42616.7291666667,1.45454545454545,0.0745173990347981,1.10246713588754,0.18071387627617,1.72740284693712,"Standard",1.10246713588754,0.18071387627617,1,1.00934579439252,0.287142857142857,0,0.551233567943771,0.090356938138085,0.336448598130841,0.863701423468559,0.379781873610665,37.9781873610665,0.958628198149156,0.448766432056229,0.620218126389335,0.619319463008057,61.9319463008057,"CONSERVER"
"CLINIQUE MEDICALE NANAN YAMOUSSO","Clinique","ABIDJAN",9,6,4,1555125,1051575,503550,259187.5,388781.25,0.478853148848156,1.5,0.444444444444444,42616.7291666667,1.45454545454545,0.0745173990347981,5.26615793924408,0.116323738593504,6.42605827700108,"Coût Élevé",5.26615793924408,0.116323738593504,1,1.5,0,0,1,0.0581618692967522,0.5,1,0.567448560789026,56.7448560789026,0.820359281437126,0,0.432551439210974,0.337092431971815,33.7092431971815,"SURVEILLER (FAIBLE VOLUME)"
"CLINIQUE MEDICALE NOTRE DAME","Clinique","HORS-ABIDJAN",26,20,12,662781,621481,41300,33139.05,55231.75,0.0664541635222959,1.66666666666667,0,42616.7291666667,1.45454545454545,0.0745173990347981,0.77378832302413,0.135983842408145,0.891793921729115,"Économique",0.77378832302413,0.135983842408145,1,0.84375,1.005,0,0.386894161512065,0.0679919212040726,0.333333333333333,0.445896960864558,0.281055520901297,28.1055520901297,0.681001633097441,0.613105838487935,0.718944479098703,0.669020453654144,66.9020453654144,"CONSERVER"
"CLINIQUE MEDICALE PERPETUEL SECOURS (EX CENTRE MEDICO-SOCIAL ONG SOS PERPETUEL SECOURS)","Clinique","ABIDJAN",7,3,1,127270,109520,17750,42423.3333333333,127270,0.162070854638422,3,0,42616.7291666667,1.45454545454545,0.0745173990347981,0.990573959033034,0.244770916334661,2.17493976893555,"Standard",0.990573959033034,0.244770916334661,1,4.5,13.4,0,0.495286979516517,0.122385458167331,1,1,0.585301731305154,58.5301731305154,0.409363091997823,0.504713020483483,0.414698268694846,0.449637134070896,44.9637134070896,"SURVEILLER (FAIBLE VOLUME)"
"CLINIQUE MEDICALE REHOBOTH","Clinique","ABIDJAN",10,10,10,402850,395550,7300,40285,40285,0.018455315383643,1,0,42616.7291666667,1.45454545454545,0.0745173990347981,0.940644423815018,0.0815903054448871,0.247664513559106,"Standard",0.940644423815018,0.0815903054448871,1,0,0,0,0.470322211907509,0.0407951527224436,0.333333333333333,0.123832256779553,0.265718435066941,26.5718435066941,0.598258029395754,0.529677788092491,0.734281564933059,0.625235347089371,62.5235347089371,"SURVEILLER (FAIBLE VOLUME)"
"CLINIQUE MEDICALE RESIDENCE LES GRACES","Clinique","ABIDJAN",3,3,3,52500,52500,0,17500,17500,0,1,0,42616.7291666667,1.45454545454545,0.0745173990347981,0.408620514255003,0.0815903054448871,0,"Économique",0.408620514255003,0.0815903054448871,1,0,0,0,0.204310257127502,0.0407951527224436,0.333333333333333,0,0.173531622954984,17.3531622954984,0.291780076211214,0.795689742872498,0.826468377045016,0.707219263209249,70.7219263209249,"SURVEILLER (FAIBLE VOLUME)"
"CLINIQUE MEDICALE ROCHE","Clinique","ABIDJAN",60,48,33,2045603,1895673,149930,42616.7291666667,61987.9696969697,0.0790906448527779,1.45454545454545,0,42616.7291666667,1.45454545454545,0.0745173990347981,0.995089702168545,0.118676807919836,1.06137151695061,"Standard",0.995089702168545,0.118676807919836,1,0.75,1.25625,0,0.497544851084272,0.0593384039599179,0.333333333333333,0.530685758475307,0.320133552360788,32.0133552360788,0.856287425149701,0.502455148915728,0.679866447639212,0.644186123651916,64.4186123651916,"CONSERVER"
"CLINIQUE MEDICALE SAINT EMMANUEL","Clinique","ABIDJAN",3,3,3,62500,62500,0,20833.3333333333,20833.3333333333,0,1,0,42616.7291666667,1.45454545454545,0.0745173990347981,0.486452993160718,0.0815903054448871,0,"Économique",0.486452993160718,0.0815903054448871,1,0,0,0,0.243226496580359,0.0407951527224436,0.333333333333333,0,0.185206494790841,18.5206494790841,0.317909635274905,0.756773503419641,0.814793505209159,0.692208730506501,69.2208730506501,"SURVEILLER (FAIBLE VOLUME)"
"CLINIQUE MEDICALE SAINT FRANCOIS","Clinique","ABIDJAN",9,3,2,733335,586835,146500,244445,366667.5,0.249644278204265,1.5,0,42616.7291666667,1.45454545454545,0.0745173990347981,5.70772809183225,0.122385458167331,3.35014750162827,"Coût Élevé",5.70772809183225,0.122385458167331,1,4.5,13.4,0,1,0.0611927290836653,1,1,0.7183578187251,71.83578187251,0.701143168209036,0,0.2816421812749,0.252885506151768,25.2885506151768,"SURVEILLER (FAIBLE VOLUME)"
"CLINIQUE MEDICALE SAINT MATHIEU","Clinique","ABIDJAN",45,35,28,1056350,1008750,47600,30181.4285714286,37726.7857142857,0.0471871127633209,1.25,0,42616.7291666667,1.45454545454545,0.0745173990347981,0.704728620789017,0.101987881806109,0.633236175370071,"Économique",0.704728620789017,0.101987881806109,1,0.9375,1.14857142857143,0,0.352364310394508,0.0509939409030545,0.333333333333333,0.316618087685035,0.252669284157772,25.2669284157772,0.764833968426783,0.647635689605492,0.747330715842228,0.710953355864444,71.0953355864444,"CONSERVER"
"CLINIQUE MEDICALE SAINT MOISE","Clinique","ABIDJAN",8,7,6,203900,189900,14000,29128.5714285714,33983.3333333333,0.0737230121116377,1.16666666666667,0,42616.7291666667,1.45454545454545,0.0745173990347981,0.680144676380369,0.0951886896857016,0.989339577958305,"Économique",0.680144676380369,0.0951886896857016,1,0.9,0,0,0.340072338190184,0.0475943448428508,0.333333333333333,0.494669788979152,0.265766983807826,26.5766983807826,0.476864452912357,0.659927661809816,0.734233016192174,0.653037161783267,65.3037161783267,"SURVEILLER (FAIBLE VOLUME)"
"CLINIQUE MEDICALE SAINT RAPHAEL","Clinique","ABIDJAN",3,2,2,52025,52025,0,26012.5,26012.5,0,1,0,42616.7291666667,1.45454545454545,0.0745173990347981,0.607385207260473,0.0815903054448871,0,"Économique",0.607385207260473,0.0815903054448871,1,2.25,0,0,0.303692603630236,0.0407951527224436,0.75,0,0.328346326905804,32.8346326905804,0.289058247142079,0.696307396369764,0.671653673094196,0.604996077214,60.4996077214,"SURVEILLER (FAIBLE VOLUME)"
"CLINIQUE MEDICALE SAINT RAPHAEL DE HIRE(EX CENTRE MEDICAL SAINT RAPHAEL DE HIRE)","Clinique","HORS-ABIDJAN",40,25,17,716560,654460,62100,28662.4,42150.5882352941,0.0948873880756654,1.47058823529412,0.025,42616.7291666667,1.45454545454545,0.0745173990347981,0.657486658774671,0.11853237545633,1.27335883034988,"Économique",0.657486658774671,0.11853237545633,1,1.5,4.02,1,0.328743329387335,0.0592661877281651,0.5,0.636679415174938,0.330070796652144,33.0070796652144,0.697332607512248,0.671256670612665,0.669929203347856,0.675940871086658,67.5940871086658,"CONSERVER"
"CLINIQUE MEDICALE SAINTE BERNADETTE","Clinique","HORS-ABIDJAN",17,17,16,288350,288350,0,16961.7647058824,18021.875,0,1.0625,0,42616.7291666667,1.45454545454545,0.0745173990347981,0.396052858102286,0.0866896995351926,0,"Économique",0.396052858102286,0.0866896995351926,1,0,0,0,0.198026429051143,0.0433448497675963,0.333333333333333,0,0.172411383645622,17.2411383645622,0.537833424060969,0.801973570948857,0.827588616354378,0.759391559733488,75.9391559733488,"SURVEILLER (FAIBLE VOLUME)"
"CLINIQUE MEDICALE SAINTE JUSTINE","Clinique","ABIDJAN",61,43,26,3646175,2918050,728125,84794.7674418605,140237.5,0.249524511231816,1.65384615384615,0,42616.7291666667,1.45454545454545,0.0745173990347981,1.97993608447008,0.134937812851159,3.34854026662006,"Coût Élevé",1.97993608447008,0.134937812851159,1,1.60714285714286,2.33720930232558,1,0.989968042235041,0.0674689064255797,0.535714285714286,1,0.577945370312472,57.7945370312472,0.915623298856832,0.0100319577649589,0.422054629687528,0.355959294752361,35.5959294752361,"RENÉGOCIER"
"CLINIQUE MEDICALE SAINTE MADELEINE","Clinique","HORS-ABIDJAN",32,24,18,794050,743625,50425,33085.4166666667,44113.8888888889,0.0678097159186418,1.33333333333333,0,42616.7291666667,1.45454545454545,0.0745173990347981,0.772535998438537,0.108787073926516,0.909985007487662,"Économique",0.772535998438537,0.108787073926516,1,1.28571428571429,0,0,0.386267999219268,0.0543935369632581,0.428571428571429,0.454992503743831,0.30626913980057,30.626913980057,0.715841045182363,0.613732000780732,0.69373086019943,0.666153353428537,66.6153353428537,"CONSERVER"
"CLINIQUE MEDICALE SAINTE MARIE","Clinique","ABIDJAN",99,78,44,3139200,2883900,255300,40246.1538461538,71345.4545454545,0.0885259544367003,1.77272727272727,0,42616.7291666667,1.45454545454545,0.0745173990347981,0.939737376080078,0.1446373596523,1.18799039665033,"Standard",0.939737376080078,0.1446373596523,1,0.885245901639344,0.773076923076923,0,0.469868688040039,0.07231867982615,0.333333333333333,0.593995198325163,0.322055730192373,32.2055730192373,0.905280348394121,0.530131311959961,0.677944269807627,0.664286302385859,66.4286302385859,"CONSERVER"
"CLINIQUE MEDICALE SAINTE MYRIADES","Clinique","ABIDJAN",40,26,18,3435850,2983650,452200,132148.076923077,190880.555555556,0.15155933169105,1.44444444444444,0.025,42616.7291666667,1.45454545454545,0.0745173990347981,3.03339645612978,0.116503532581073,2.03387844522424,"Coût Élevé",3.03339645612978,0.116503532581073,1,1.05882352941176,3.09230769230769,1,1,0.0582517662905364,0.352941176470588,1,0.523357882828337,52.3357882828337,0.91072400653239,0,0.476642117171663,0.372801648175143,37.2801648175143,"RENÉGOCIER"
"CLINIQUE MEDICALE SAINTE PHILOMENE","Clinique","ABIDJAN",95,70,38,2986985,2926435,60550,42671.2142857143,78604.8684210526,0.0206907038769014,1.84210526315789,0.0421052631578947,42616.7291666667,1.45454545454545,0.0745173990347981,0.977606412246027,0.147864665330395,0.277662722329308,"Standard",0.977606412246027,0.147864665330395,1,1.59375,1.43571428571429,0,0.488803206123014,0.0739323326651977,0.53125,0.138831361164654,0.342078797752929,34.2078797752929,0.899836690255852,0.511196793876986,0.657921202247071,0.647614536500793,64.7614536500793,"CONSERVER"
"CLINIQUE MEDICALE SAINTE TRINITE DE LA VIE","Clinique","ABIDJAN",42,25,17,1186161,1159300,26861,47446.44,69774.1764705882,0.0231700163892004,1.47058823529412,0.0238095238095238,42616.7291666667,1.45454545454545,0.0745173990347981,1.08837366397625,0.11853237545633,0.310934314526738,"Standard",1.08837366397625,0.11853237545633,1,2.57142857142857,2.412,1,0.544186831988125,0.0592661877281651,0.857142857142857,0.155467157263369,0.453725478784081,45.3725478784081,0.78279804028307,0.455813168011875,0.546274521215919,0.557394683747731,55.7394683747731,"SURVEILLER"
"CLINIQUE MEDICALE SANITAS-PMA (EX CENTRE MEDICO SOCIAL PMA DE MARCORY)","Clinique","ABIDJAN",55,39,19,1610100,1540100,70000,41284.6153846154,84742.1052631579,0.0454515940523343,2.05263157894737,0,42616.7291666667,1.45454545454545,0.0745173990347981,0.963985186816089,0.167474837492137,0.60994606147095,"Standard",0.963985186816089,0.167474837492137,1,0.9,1.03076923076923,0,0.481992593408045,0.0837374187460684,0.333333333333333,0.304973030735475,0.300216306719781,30.0216306719781,0.828524768644529,0.518007406591955,0.699783693280219,0.652821393677775,65.2821393677775,"CONSERVER"
"CLINIQUE MEDICALE SANTE MATERNELLE ET INFANTILE","Clinique","ABIDJAN",6,4,4,162875,130925,31950,40718.75,40718.75,0.244032843230857,1,0,42616.7291666667,1.45454545454545,0.0745173990347981,0.950772375132624,0.0815903054448871,3.27484381354882,"Standard",0.950772375132624,0.0815903054448871,1,3,0,0,0.475386187566312,0.0407951527224436,1,1,0.554854402086627,55.4854402086627,0.445291235710397,0.524613812433688,0.445145597913373,0.476962011280904,47.6962011280904,"SURVEILLER (FAIBLE VOLUME)"
"CLINIQUE MEDICALE SILOE CORPORATION SARL","Clinique","ABIDJAN",38,23,12,2887025,2386475,500550,125522.826086957,240585.416666667,0.209744497637729,1.91666666666667,0,42616.7291666667,1.45454545454545,0.0745173990347981,2.93092581407963,0.156381418769367,2.81470502667146,"Coût Élevé",2.93092581407963,0.156381418769367,1,1.28571428571429,3.49565217391304,1,1,0.0781907093846835,0.428571428571429,1,0.552028641386834,55.2028641386834,0.895481763745237,0,0.447971358613166,0.358284896194314,35.8284896194314,"SURVEILLER"
"CLINIQUE MEDICALE SOLIDARITE","Clinique","HORS-ABIDJAN",139,110,77,3230000,3104700,125300,29363.6363636364,41948.051948052,0.040358166650562,1.42857142857143,0.00719424460431655,42616.7291666667,1.45454545454545,0.0745173990347981,0.682854456668291,0.116242903508524,0.541593871677078,"Économique",0.682854456668291,0.116242903508524,1,1.24615384615385,0.365454545454545,0,0.341427228334146,0.0581214517542619,0.415384615384615,0.270796935838539,0.271559682225761,27.1559682225761,0.906913445835602,0.658572771665854,0.728440317774239,0.736187924943158,73.6187924943158,"CONSERVER"
"CLINIQUE MEDICALE SOLIDARITE DE GRAND BASSAM","Clinique","HORS-ABIDJAN",38,27,23,1079500,975750,103750,39981.4814814815,46934.7826086957,0.106328465283116,1.17391304347826,0,42616.7291666667,1.45454545454545,0.0745173990347981,0.933557344207992,0.0957799237831284,1.42689447914657,"Standard",0.933557344207992,0.0957799237831284,1,1.6875,2.23333333333333,1,0.466778672103996,0.0478899618915642,0.5625,0.713447239573287,0.394495314155997,39.4495314155997,0.769733260751225,0.533221327896004,0.605504685844003,0.609437057646248,60.9437057646248,"CONSERVER"
"CLINIQUE MEDICALE SPECIALISEE (CMS)","Clinique","ABIDJAN",140,92,70,4802681,4552791,249890,52203.0543478261,68609.7285714286,0.0548872109437925,1.31428571428571,0.0428571428571429,42616.7291666667,1.45454545454545,0.0745173990347981,1.20139078077,0.106598125966168,0.736569065140898,"Standard",1.20139078077,0.106598125966168,1,0.857142857142857,2.40326086956522,1,0.600695390384998,0.0532990629830842,0.333333333333333,0.368284532570449,0.33302678926747,33.302678926747,0.933587370713119,0.399304609615002,0.666973210732531,0.613228602281637,61.3228602281637,"CONSERVER"
"CLINIQUE MEDICALE SUNEM (EX GROUPE MEDICAL JEHOVAH-JIRE - HIRE)","Clinique","HORS-ABIDJAN",4,3,3,40850,39350,1500,13616.6666666667,13616.6666666667,0.0381194409148666,1,0,42616.7291666667,1.45454545454545,0.0745173990347981,0.317945676329845,0.0815903054448871,0.511550878165589,"Économique",0.317945676329845,0.0815903054448871,1,0,0,0,0.158972838164923,0.0407951527224436,0.333333333333333,0.255775439082795,0.185507941174489,18.5507941174489,0.260206859009254,0.841027161835077,0.814492058825511,0.714249060066086,71.4249060066086,"SURVEILLER (FAIBLE VOLUME)"
"CLINIQUE MEDICALE TABITHA","Clinique","HORS-ABIDJAN",4,3,3,152475,124075,28400,50825,50825,0.228893814225267,1,0,42616.7291666667,1.45454545454545,0.0745173990347981,1.18675072211489,0.0815903054448871,3.07168281757095,"Standard",1.18675072211489,0.0815903054448871,1,2.25,0,0,0.593375361057444,0.0407951527224436,0.75,1,0.515251154133966,51.5251154133966,0.43440391943386,0.406624638942556,0.484748845866034,0.443430177810208,44.3430177810208,"SURVEILLER (FAIBLE VOLUME)"
"CLINIQUE MEDICALE TRADE CENTER","Clinique","ABIDJAN",384,286,200,17239103.2222222,15301844,1937259.22222222,60276.5846930847,86195.5161111111,0.126602991261852,1.43,0.0182291666666667,42616.7291666667,1.45454545454545,0.0745173990347981,1.39434803194565,0.116069290775973,1.69897222530179,"Coût Élevé",1.39434803194565,0.116069290775973,1,0.863636363636364,1.26503496503497,0,0.697174015972824,0.0580346453879863,0.333333333333333,0.849486112650893,0.411511209673332,41.1511209673332,0.989657049537289,0.302825984027176,0.588488790326668,0.554457319648995,55.4457319648996,"RENÉGOCIER"
"CLINIQUE MEDICALE VERDOYANT","Clinique","ABIDJAN",1,1,1,20000,17500,2500,20000,20000,0.142857142857143,1,0,42616.7291666667,1.45454545454545,0.0745173990347981,0.46699487343429,0.0815903054448871,1.91709781483961,"Économique",0.46699487343429,0.0815903054448871,1,0,0,0,0.233497436717145,0.0407951527224436,0.333333333333333,0.958548907419806,0.278142667573857,27.8142667573857,0.170930865541644,0.766502563282855,0.721857332426143,0.629530131391928,62.9530131391928,"SURVEILLER (FAIBLE VOLUME)"
"CLINIQUE MEDICALE VIE","Clinique","ABIDJAN",122,98,61,4399760,4252155,147605,44895.5102040816,72127.2131147541,0.0347129867090922,1.60655737704918,0.00819672131147541,42616.7291666667,1.45454545454545,0.0745173990347981,1.04353191891302,0.130633120715212,0.4658373367659,"Standard",1.04353191891302,0.130633120715212,1,0.362903225806452,1.02551020408163,0,0.52176595945651,0.0653165603576062,0.333333333333333,0.23291866838295,0.29941662278253,29.941662278253,0.927599346761023,0.47823404054349,0.70058337721747,0.657046836456589,65.7046836456589,"CONSERVER"
"CLINIQUE MEDICO CHIRURGICAL LA GRACE DES LACS","Clinique","ABIDJAN",1,1,1,15465,13015,2450,15465,15465,0.188244333461391,1,0,42616.7291666667,1.45454545454545,0.0745173990347981,0.361103785883064,0.0815903054448871,2.5261796023434,"Économique",0.361103785883064,0.0815903054448871,1,0,0,0,0.180551892941532,0.0407951527224436,0.333333333333333,1,0.266404113699193,26.6404113699193,0.135547087642896,0.819448107058468,0.733595886300807,0.648327014872289,64.8327014872289,"SURVEILLER (FAIBLE VOLUME)"
"CLINIQUE MEDICO CHIRURGICAL NANAN","Clinique","HORS-ABIDJAN",163,125,88,6412031,5529881,882150,51296.248,72863.9886363636,0.159524228459889,1.42045454545455,0.00613496932515337,42616.7291666667,1.45454545454545,0.0745173990347981,1.19348012274077,0.115621451014786,2.140764848561,"Standard",1.19348012274077,0.115621451014786,1,0.872448979591837,1.2864,0,0.596740061370386,0.0578107255073932,0.333333333333333,1,0.396365236063334,39.6365236063334,0.956995100707676,0.403259938629614,0.603634763936666,0.594156901168047,59.4156901168047,"SURVEILLER"
"CLINIQUE MEDICO-CHIR LE GHERY","Clinique","HORS-ABIDJAN",2,2,1,30000,30000,0,15000,30000,0,2,0,42616.7291666667,1.45454545454545,0.0745173990347981,0.350246155075717,0.163180610889774,0,"Économique",0.350246155075717,0.163180610889774,1,0,0,0,0.175123077537859,0.0815903054448871,0.333333333333333,0,0.177014014894824,17.7014014894824,0.214480130647795,0.824876922462141,0.822985985105176,0.702041189156486,70.2041189156486,"SURVEILLER (FAIBLE VOLUME)"
"CLINIQUE MEDICO-CHIR. L'EMMANUEL","Clinique","HORS-ABIDJAN",43,36,15,1795075,1701100,93975,49863.1944444444,119671.666666667,0.0552436658632649,2.4,0,42616.7291666667,1.45454545454545,0.0745173990347981,1.16429280893064,0.195816733067729,0.741352577771365,"Standard",1.16429280893064,0.195816733067729,1,0.310344827586207,1.11666666666667,0,0.582146404465318,0.0979083665338645,0.333333333333333,0.370676288885682,0.341084060188323,34.1084060188323,0.841045182362548,0.417853595534682,0.658915939811677,0.598916850611053,59.8916850611053,"SURVEILLER"
"CLINIQUE MEDICO-CHIRURGICAL BIRAYA","Clinique","ABIDJAN",34,26,16,2151300,1471250,680050,82742.3076923077,134456.25,0.462225998300765,1.625,0,42616.7291666667,1.45454545454545,0.0745173990347981,1.93201167542151,0.132584246347942,6.20292715913118,"Coût Élevé",1.93201167542151,0.132584246347942,1,1.60714285714286,1.54615384615385,0,0.966005837710757,0.0662921231739708,0.535714285714286,1,0.570403673979704,57.0403673979704,0.863908546543277,0.0339941622892431,0.429596326020296,0.358217904632471,35.8217904632471,"SURVEILLER"
"CLINIQUE MEDICO-CHIRURGICALE FRANCE-IVOIRE","Clinique","ABIDJAN",94,85,63,7299355.55555555,5036520,2262835.55555555,85874.77124183,115862.78659612,0.449285529602891,1.34920634920635,0.0957446808510638,42616.7291666667,1.45454545454545,0.0745173990347981,1.95370783080725,0.109000236946638,6.02927014928533,"Coût Élevé",1.95370783080725,0.109000236946638,1,1.5,0.472941176470588,0,0.976853915403627,0.0545001184733192,0.5,1,0.559406210163084,55.9406210163084,0.962983124659771,0.0231460845963729,0.440593789836916,0.37809257470527,37.809257470527,"RENÉGOCIER"
"CLINIQUE MEDICO-CHIRURGICALE KAKOUMANI","Clinique","HORS-ABIDJAN",34,22,14,899500,828000,71500,40886.3636363636,64250,0.0863526570048309,1.57142857142857,0,42616.7291666667,1.45454545454545,0.0745173990347981,0.954686110577599,0.12821333712768,1.15882543034689,"Standard",0.954686110577599,0.12821333712768,1,2.4,2.74090909090909,1,0.477343055288799,0.0641066685638399,0.8,0.579412715173446,0.460376188673136,46.0376188673136,0.74251497005988,0.522656944711201,0.539623811326864,0.573415296427202,57.3415296427202,"SURVEILLER"
"CLINIQUE MEDICO-CHIRURGICALE LA GRACE DES LACS","Clinique","HORS-ABIDJAN",56,41,20,4590321,3792868,797453,111959.048780488,229516.05,0.210250659922781,2.05,0.0178571428571429,42616.7291666667,1.45454545454545,0.0745173990347981,2.58598041236488,0.165534895987522,2.82149756494586,"Coût Élevé",2.58598041236488,0.165534895987522,1,1.2,0.490243902439024,0,1,0.082767447993761,0.4,1,0.544830234398128,54.4830234398128,0.930321175830158,0,0.455169765601872,0.36813214140678,36.813214140678,"RENÉGOCIER"
"CLINIQUE MEDICO-CHIRURGICALE SAINT RAPHAEL","Clinique","ABIDJAN",40,30,22,939350,906675,32675,31311.6666666667,42697.7272727273,0.0360382717070615,1.36363636363636,0,42616.7291666667,1.45454545454545,0.0745173990347981,0.731119390600833,0.111259507424846,0.483622243581427,"Économique",0.731119390600833,0.111259507424846,1,1.03846153846154,0,0,0.365559695300417,0.055629753712423,0.346153846153846,0.241811121790714,0.254384100729077,25.4384100729077,0.747414262384322,0.634440304699583,0.745615899270923,0.701505334065067,70.1505334065067,"CONSERVER"
"CLINIQUE MEDICO-CHIRURGICALE SIRINE","Clinique","ABIDJAN",183,128,80,6135191,5740492,394699,47931.1796875,76689.8875,0.068756998529046,1.6,0.0109289617486339,42616.7291666667,1.45454545454545,0.0745173990347981,1.11140693744115,0.130205233962587,0.922697241444751,"Standard",1.11140693744115,0.130205233962587,1,1.21764705882353,2.1984375,1,0.555703468720575,0.0651026169812936,0.405882352941176,0.461348620722376,0.354141393665151,35.4141393665151,0.953184540010887,0.444296531279425,0.645858606334849,0.626698963047887,62.6698963047887,"CONSERVER"
"CLINIQUE MERE DES ANGES","Clinique","ABIDJAN",215,134,78,7168065,6407425,760640,53493.0223880597,91898.2692307692,0.118712275211961,1.71794871794872,0.0186046511627907,42616.7291666667,1.45454545454545,0.0745173990347981,1.24075837334727,0.139422788446831,1.59308130382443,"Standard",1.24075837334727,0.139422788446831,1,2.38235294117647,2.7,1,0.620379186673635,0.0697113942234154,0.794117647058823,0.796540651912213,0.524916533577984,52.4916533577983,0.961894393032118,0.379620813326365,0.475083466422016,0.534260590505776,53.4260590505776,"RENÉGOCIER"
"CLINIQUE MERE MARIE MISERICORDE (CMMM)","Clinique","HORS-ABIDJAN",12,8,5,401670,351550,50120,50208.75,80334,0.14256862466221,1.6,0,42616.7291666667,1.45454545454545,0.0745173990347981,1.17236144257719,0.130544488711819,1.91322599163229,"Standard",1.17236144257719,0.130544488711819,1,0.9,2.5125,0,0.586180721288597,0.0652722443559097,0.333333333333333,0.956612995816143,0.391097189274966,39.1097189274966,0.5971692977681,0.413819278711403,0.608902810725034,0.528522695328195,52.8522695328195,"SURVEILLER (FAIBLE VOLUME)"
"CLINIQUE MODERNE RAPHA","Clinique","HORS-ABIDJAN",249,183,114,8088304,7798775,289529,44198.3825136612,70950.0350877193,0.0371249330824392,1.60526315789474,0.00803212851405622,42616.7291666667,1.45454545454545,0.0745173990347981,1.02699644328582,0.13049669850005,0.498204896618878,"Standard",1.02699644328582,0.13049669850005,1,1.44,1.64754098360656,0,0.513498221642909,0.0652483492500249,0.48,0.249102448309439,0.342534216098824,34.2534216098824,0.969515514425694,0.486501778357091,0.657465783901176,0.651490127788445,65.1490127788445,"CONSERVER"
"CLINIQUE NOTRE DAME DE L'INCARNATION","Clinique","ABIDJAN",528,360,215,19064851,16725205,2339646,52957.9194444444,88673.7255813954,0.139887433367782,1.67441860465116,0.0397727272727273,42616.7291666667,1.45454545454545,0.0745173990347981,1.21837355963283,0.136088572444839,1.87724524983028,"Standard",1.21837355963283,0.136088572444839,1,1.57664233576642,2.12166666666667,1,0.609186779816413,0.0680442862224195,0.525547445255474,0.938622624915141,0.454695815879806,45.4695815879806,0.990201415351116,0.390813220183587,0.545304184120194,0.572487244791736,57.2487244791736,"RENÉGOCIER"
"CLINIQUE NOTRE DAME DE LA NATIVITE","Clinique","ABIDJAN",70,62,39,3107561,2457393,650168,50121.9516129032,79681.0512820513,0.264576321329148,1.58974358974359,0,42616.7291666667,1.45454545454545,0.0745173990347981,1.17033472248737,0.129707665066231,3.5505308123489,"Standard",1.17033472248737,0.129707665066231,1,0.346153846153846,0.324193548387097,0,0.585167361243683,0.0648538325331154,0.333333333333333,1,0.39500635813304,39.500635813304,0.90364725095264,0.414832638756317,0.60499364186696,0.588659962439839,58.8659962439839,"SURVEILLER"
"CLINIQUE NOTRE DAME DES VICTOIRES D'ABATTA","Clinique","ABIDJAN",45,25,18,1155057,1106373,48684,46202.28,64169.8333333333,0.0440032430292496,1.38888888888889,0.0888888888888889,42616.7291666667,1.45454545454545,0.0745173990347981,1.05983388358867,0.112022627481801,0.590509647400616,"Standard",1.05983388358867,0.112022627481801,1,2.07692307692308,5.628,1,0.529916941794333,0.0560113137409004,0.692307692307692,0.295254823700308,0.412996266722909,41.2996266722909,0.778443113772455,0.470083058205667,0.587003733277091,0.578523339347594,57.8523339347594,"SURVEILLER"
"CLINIQUE NOUVELLE ESPERANCE","Clinique","ABIDJAN",38,32,27,855406,841083,14323,26731.4375,31681.7037037037,0.017029234926874,1.18518518518519,0.105263157894737,42616.7291666667,1.45454545454545,0.0745173990347981,0.599032344063701,0.0952292597740135,0.228526963466905,"Économique",0.599032344063701,0.0952292597740135,1,0.666666666666667,0,0,0.29951617203185,0.0476146298870068,0.333333333333333,0.114263481733452,0.215565588749002,21.5565588749002,0.731083287969515,0.70048382796815,0.784434411250998,0.740183953281562,74.0183953281562,"CONSERVER"
"CLINIQUE NOUVELLE ZONE INDUSTRIELLE","Clinique","ABIDJAN",26,18,12,1005100,834000,171100,55838.8888888889,83758.3333333333,0.20515587529976,1.5,0.0384615384615385,42616.7291666667,1.45454545454545,0.0745173990347981,1.27218499836463,0.120295887726255,2.75312716167075,"Coût Élevé",1.27218499836463,0.120295887726255,1,1.5,1.11666666666667,0,0.636092499182313,0.0601479438631277,0.5,1,0.458872132913632,45.8872132913632,0.75666848121938,0.363907500817687,0.541127867086368,0.513347843405498,51.3347843405498,"SURVEILLER (FAIBLE VOLUME)"
"CLINIQUE OASIS SANTE","Clinique","ABIDJAN",106,72,51,2972155,2614835,357320,41279.9305555556,58277.5490196078,0.136651069761572,1.41176470588235,0,42616.7291666667,1.45454545454545,0.0745173990347981,0.963875797258396,0.115186313569252,1.83381427064784,"Standard",0.963875797258396,0.115186313569252,1,1.575,2.23333333333333,1,0.481937898629198,0.0575931567846262,0.525,0.916907135323918,0.411050030156539,41.1050030156539,0.898747958628198,0.518062101370802,0.588949969843461,0.622554420211345,62.2554420211345,"CONSERVER"
"CLINIQUE POLYMED","Clinique","ABIDJAN",127,105,88,4957421,4485714,471707,47213.5333333333,56334.3295454545,0.105157618162906,1.19318181818182,0.0078740157480315,42616.7291666667,1.45454545454545,0.0745173990347981,1.09774382228185,0.0971220188524206,1.41118207995691,"Standard",1.09774382228185,0.0971220188524206,1,0.625,0.957142857142857,0,0.548871911140925,0.0485610094262103,0.333333333333333,0.705591039978457,0.349788980167986,34.9788980167986,0.938486663037561,0.451128088859075,0.650211019832014,0.628232976083948,62.8232976083948,"CONSERVER"
"CLINIQUE PROCREA","Clinique","ABIDJAN",4,4,4,177925,130900,47025,44481.25,44481.25,0.359243697478992,1,0,42616.7291666667,1.45454545454545,0.0745173990347981,1.03862578569745,0.0815903054448871,4.82093715202314,"Standard",1.03862578569745,0.0815903054448871,1,0,0,0,0.519312892848725,0.0407951527224436,0.333333333333333,1,0.368032413671351,36.803241367135,0.456178551986935,0.480687107151275,0.63196758632865,0.536297587789357,53.6297587789357,"SURVEILLER (FAIBLE VOLUME)"
"CLINIQUE SAINT ALBERT","Clinique","ABIDJAN",1,1,1,1290000,720000,570000,1290000,1290000,0.791666666666667,1,0,42616.7291666667,1.45454545454545,0.0745173990347981,30.1211693365117,0.0815903054448871,10.6239170572362,"Coût Élevé",30.1211693365117,0.0815903054448871,1,0,0,0,1,0.0407951527224436,0.333333333333333,1,0.512238545816733,51.2238545816733,0.794229722373435,0,0.487761454183267,0.353950526147994,35.3950526147994,"SURVEILLER (FAIBLE VOLUME)"
"CLINIQUE SAINT GABRIEL","Clinique","ABIDJAN",579,415,267,17139284.4285714,15819200,1320084.42857143,41299.4805507745,64192.0765115035,0.0834482419194035,1.55430711610487,0.0155440414507772,42616.7291666667,1.45454545454545,0.0745173990347981,0.959159146786235,0.126421610189655,1.11984909565127,"Standard",0.959159146786235,0.126421610189655,1,1.50977198697068,1.69518072289157,0,0.479579573393118,0.0632108050948277,0.503257328990228,0.559924547825636,0.369806767026016,36.9806767026016,0.989112683723462,0.520420426606882,0.630193232973984,0.658068000577039,65.8068000577039,"CONSERVER"
"CLINIQUE SAINT GEORGES","Clinique","ABIDJAN",117,92,56,4829650,4672800,156850,52496.1956521739,86243.75,0.0335665981852423,1.64285714285714,0.00854700854700855,42616.7291666667,1.45454545454545,0.0745173990347981,1.21983723653602,0.133544138383416,0.450453164227691,"Standard",1.21983723653602,0.133544138383416,1,0.375,1.31086956521739,0,0.609918618268012,0.066772069191708,0.333333333333333,0.225226582113845,0.325529864449301,32.5529864449301,0.934131736526946,0.390081381731988,0.6744701355507,0.612646954218464,61.2646954218464,"CONSERVER"
"CLINIQUE SAINT JEAN DE TIEBISSOU","Clinique","HORS-ABIDJAN",3,2,1,85675,85675,0,42837.5,85675,0,2,0,42616.7291666667,1.45454545454545,0.0745173990347981,1.00024464453707,0.163180610889774,0,"Standard",1.00024464453707,0.163180610889774,1,4.5,0,0,0.500122322268534,0.0815903054448871,1,0,0.474513788314026,47.4513788314026,0.354382144801306,0.499877677731466,0.525486211685974,0.481021984727237,48.1021984727237,"SURVEILLER (FAIBLE VOLUME)"
"CLINIQUE SAINT JOSEPH","Clinique","ABIDJAN",4,2,2,522785,521000,1785,261392.5,261392.5,0.00342610364683301,1,0,42616.7291666667,1.45454545454545,0.0745173990347981,6.10344787270863,0.0815903054448871,0.0459772307033032,"Coût Élevé",6.10344787270863,0.0815903054448871,1,4.5,10.05,0,1,0.0407951527224436,1,0.0229886153516516,0.614537407351898,61.4537407351898,0.639085465432771,0,0.385462592648102,0.282002130145795,28.2002130145795,"SURVEILLER (FAIBLE VOLUME)"
"CLINIQUE SAINT JOSEPH ABIDJAN","Clinique","ABIDJAN",229,156,80,7334766,6545715,789051,47017.7307692308,91684.575,0.120544661660338,1.95,0.0174672489082969,42616.7291666667,1.45454545454545,0.0745173990347981,1.08848153851919,0.158276305603599,1.6176713522173,"Standard",1.08848153851919,0.158276305603599,1,1.25675675675676,1.675,0,0.544240769259593,0.0791381528017995,0.418918918918919,0.808835676108651,0.393572919904958,39.3572919904958,0.964071856287425,0.455759230740407,0.606427080095042,0.617688895591665,61.7688895591665,"CONSERVER"
"CLINIQUE SAINT LAURENT","Clinique","HORS-ABIDJAN",47,44,13,543400,506000,37400,12350,41800,0.0739130434782609,3.38461538461538,0,42616.7291666667,1.45454545454545,0.0745173990347981,0.288369334345674,0.276151803044233,0.991889738982235,"Économique",0.288369334345674,0.276151803044233,1,0.225,0,0,0.144184667172837,0.138075901522117,0.333333333333333,0.495944869491117,0.234272657557598,23.4272657557598,0.646706586826347,0.855815332827163,0.765727342442402,0.777958387473096,77.7958387473096,"PRIVILÉGIER"
"CLINIQUE SAINT LUC","Clinique","ABIDJAN",3,2,2,44700,44700,0,22350,22350,0,1,0,42616.7291666667,1.45454545454545,0.0745173990347981,0.521866771062819,0.0815903054448871,0,"Économique",0.521866771062819,0.0815903054448871,1,2.25,0,0,0.260933385531409,0.0407951527224436,0.75,0,0.315518561476156,31.5518561476156,0.271094175285792,0.739066614468591,0.684481438523844,0.623638056254132,62.3638056254132,"SURVEILLER (FAIBLE VOLUME)"
"CLINIQUE SAINT MARTIN","Clinique","HORS-ABIDJAN",31,23,17,588350,557450,30900,25580.4347826087,34608.8235294118,0.0554309803569827,1.35294117647059,0,42616.7291666667,1.45454545454545,0.0745173990347981,0.597296595184922,0.1103868838372,0.743866279217523,"Économique",0.597296595184922,0.1103868838372,1,1.32352941176471,0.873913043478261,0,0.298648297592461,0.0551934419186001,0.441176470588235,0.371933139608762,0.275698776990665,27.5698776990665,0.658682634730539,0.701351702407539,0.724301223009335,0.701997697112857,70.1997697112857,"CONSERVER"
"CLINIQUE SAINT PIERRE LEGRAND","Clinique","ABIDJAN",11,9,9,505340,407715,97625,56148.8888888889,56148.8888888889,0.239444219614191,1,0,42616.7291666667,1.45454545454545,0.0745173990347981,1.31106216300713,0.0815903054448871,3.2132659313884,"Coût Élevé",1.31106216300713,0.0815903054448871,1,0,0,0,0.655531081503566,0.0407951527224436,0.333333333333333,1,0.408897870267803,40.8897870267803,0.63581927054981,0.344468918496434,0.591102129732197,0.501392273401414,50.1392273401414,"SURVEILLER (FAIBLE VOLUME)"
"CLINIQUE SAINT VIATEUR","Clinique","ABIDJAN",1261,811,415,42645263.3333333,38218426,4426837.33333333,52583.5552815454,102759.670682731,0.115829922805647,1.95421686746988,0.00951625693893735,42616.7291666667,1.45454545454545,0.0745173990347981,1.22107250346385,0.15888652083352,1.55440104332623,"Standard",1.22107250346385,0.15888652083352,1,1.30102040816327,3.27151664611591,1,0.610536251731925,0.0794432604167601,0.433673469387755,0.777200521663114,0.414815946627243,41.4815946627243,0.997822536744692,0.389463748268075,0.585184053372757,0.589423628005271,58.9423628005271,"RENÉGOCIER"
"CLINIQUE SAINT-JOSUE","Clinique","HORS-ABIDJAN",267,132,55,8294290,7775870,518420,62835.5303030303,150805.272727273,0.0666703532852272,2.4,0,42616.7291666667,1.45454545454545,0.0745173990347981,1.467193526052,0.195816733067729,0.894695120183859,"Coût Élevé",1.467193526052,0.195816733067729,1,2.29166666666667,5.48181818181818,1,0.733596763026003,0.0979083665338645,0.763888888888889,0.44734756009193,0.52335296154382,52.335296154382,0.970059880239521,0.266403236973997,0.47664703845618,0.491232086219975,49.1232086219975,"RENÉGOCIER"
"CLINIQUE SAINTE FAMILLE","Clinique","HORS-ABIDJAN",22,17,5,533265,509215,24050,31368.5294117647,106653,0.0472295592235107,3.4,0,42616.7291666667,1.45454545454545,0.0745173990347981,0.732447121123342,0.277407038512616,0.633805793482613,"Économique",0.732447121123342,0.277407038512616,1,1.2,1.18235294117647,0,0.366223560561671,0.138703519256308,0.4,0.316902896741307,0.303168413619524,30.3168413619524,0.642351660315732,0.633776439438329,0.696831586380475,0.660713542390668,66.0713542390668,"SURVEILLER (FAIBLE VOLUME)"
"CLINIQUE SAINTE JOSUE","Clinique","HORS-ABIDJAN",18,11,10,427100,401700,25400,38827.2727272727,42710,0.0632312671147623,1.1,0,42616.7291666667,1.45454545454545,0.0745173990347981,0.906606865653569,0.0897493359893758,0.848543668106754,"Standard",0.906606865653569,0.0897493359893758,1,1.28571428571429,5.48181818181818,0,0.453303432826784,0.0448746679946879,0.428571428571429,0.424271834053377,0.320452042223208,32.0452042223208,0.608056614044638,0.546696567173216,0.679547957776792,0.612109132788931,61.2109132788931,"SURVEILLER (FAIBLE VOLUME)"
"CLINIQUE SAINTE RITA DE CASCIA","Clinique","ABIDJAN",244,169,81,7727223.44444444,6959422,767801.444444444,45723.2156476003,95397.8203017833,0.11032546157489,2.08641975308642,0.0040983606557377,42616.7291666667,1.45454545454545,0.0745173990347981,1.06480487370913,0.169794680174837,1.48053290914475,"Standard",1.06480487370913,0.169794680174837,1,1,2.61656804733728,1,0.532402436854564,0.0848973400874187,0.333333333333333,0.740266454572376,0.359216578539832,35.9216578539832,0.967338051170387,0.467597563145436,0.640783421460168,0.636820004076319,63.6820004076319,"CONSERVER"
"CLINIQUE SAINTE SAINTE NANCY","Clinique","ABIDJAN",38,26,13,1583690,1491790,91900,60911.1538461538,121822.307692308,0.0616038450452141,2,0.131578947368421,42616.7291666667,1.45454545454545,0.0745173990347981,1.30952647929667,0.158110303420396,0.826704177053287,"Coût Élevé",1.30952647929667,0.158110303420396,1,0.75,2.31923076923077,1,0.654763239648333,0.0790551517101981,0.333333333333333,0.413352088526644,0.361480726260224,36.1480726260224,0.824169842133914,0.345236760351667,0.638519273739776,0.55833638206336,55.833638206336,"SURVEILLER"
"CLINIQUE SOKOURA","Clinique","HORS-ABIDJAN",3,3,3,47700,47700,0,15900,15900,0,1,0,42616.7291666667,1.45454545454545,0.0745173990347981,0.37126092438026,0.0815903054448871,0,"Économique",0.37126092438026,0.0815903054448871,1,0,0,0,0.18563046219013,0.0407951527224436,0.333333333333333,0,0.167927684473772,16.7927684473772,0.279804028307022,0.81436953780987,0.832072315526228,0.714537546995844,71.4537546995844,"SURVEILLER (FAIBLE VOLUME)"
"CLINIQUE SOKOURA DE TENGRELA","Clinique","HORS-ABIDJAN",9,3,2,84000,84000,0,28000,42000,0,1.5,0,42616.7291666667,1.45454545454545,0.0745173990347981,0.653792822808005,0.122385458167331,0,"Économique",0.653792822808005,0.122385458167331,1,0,20.1,0,0.326896411404003,0.0611927290836653,0.333333333333333,0,0.2164267421463,21.64267421463,0.352204681545999,0.673103588595997,0.7835732578537,0.653111674889079,65.3111674889079,"SURVEILLER (FAIBLE VOLUME)"
"CLINIQUE SOPHIA DE L'INDENIE","Clinique","HORS-ABIDJAN",105,76,49,2213577,2099390,114187,29126.0131578947,45175.0408163265,0.0543905610677387,1.55102040816327,0,42616.7291666667,1.45454545454545,0.0745173990347981,0.680084941415825,0.126548228853294,0.729904180396037,"Économique",0.680084941415825,0.126548228853294,1,2.08333333333333,0.793421052631579,1,0.340042470707913,0.0632741144266472,0.694444444444445,0.364952090198018,0.365823517893503,36.5823517893503,0.867719107240065,0.659957529292087,0.634176482106497,0.691197426007447,69.1197426007447,"CONSERVER"
"CLINIQUE ST GABRIEL","Clinique","ABIDJAN",1,1,1,26000,20000,6000,26000,26000,0.3,1,0,42616.7291666667,1.45454545454545,0.0745173990347981,0.607093335464576,0.0815903054448871,4.02590541116319,"Économique",0.607093335464576,0.0815903054448871,1,0,0,0,0.303546667732288,0.0407951527224436,0.333333333333333,1,0.30330254613642,30.330254613642,0.204681545998911,0.696453332267712,0.69669745386358,0.598196623652299,59.8196623652299,"SURVEILLER (FAIBLE VOLUME)"
"CLINIQUE WADOA MEDICAL CENTER","Clinique","ABIDJAN",121,87,58,3519110,3204950,314160,40449.5402298851,60674.3103448276,0.0980233700993775,1.5,0.00826446280991736,42616.7291666667,1.45454545454545,0.0745173990347981,0.939651479040158,0.121947198690854,1.31544272034512,"Standard",0.939651479040158,0.121947198690854,1,1.78448275862069,1.61724137931034,0,0.469825739520079,0.0609735993454271,0.594827586206897,0.65772136017256,0.403460213538977,40.3460213538977,0.911812738160044,0.530174260479921,0.596539786461023,0.633048166408386,63.3048166408386,"CONSERVER"
"CLINIQUE Y DE GYNECOLOGIE OBSTETRIQUE ET FERTILITE","Clinique","HORS-ABIDJAN",119,70,30,4134942,3760458,374484,59070.6,137831.4,0.0995846782492984,2.33333333333333,0,42616.7291666667,1.45454545454545,0.0745173990347981,1.37928336853438,0.190377379371403,1.33639498344265,"Coût Élevé",1.37928336853438,0.190377379371403,1,1.73684210526316,3.44571428571429,1,0.689641684267189,0.0951886896857016,0.578947368421053,0.668197491721325,0.475953071884315,47.5953071884315,0.924333151878062,0.310358315732811,0.524046928115685,0.518628727915011,51.8628727915011,"RENÉGOCIER"
"CLQE PROCREA","Autre","ABIDJAN",1,1,1,75200,51800,23400,75200,75200,0.451737451737452,1,0,31737.9656862745,1,0.0133114157048418,1.75590072411293,0.0815903054448871,33.9360937825072,"Coût Élevé",1.75590072411293,0.0815903054448871,1,1,1,0,0.877950362056464,0.0407951527224436,0.333333333333333,1,0.475623654433672,47.5623654433672,0.340228633641807,0.122049637943536,0.524376345566328,0.326616120132307,32.6616120132307,"SURVEILLER (FAIBLE VOLUME)"
"CM AKWABA","Autre","ABIDJAN",1,1,1,10000,10000,0,10000,10000,0,1,0,31737.9656862745,1,0.0133114157048418,0.233497436717145,0.0815903054448871,0,"Économique",0.233497436717145,0.0815903054448871,1,1,1,0,0.116748718358572,0.0407951527224436,0.333333333333333,0,0.147263161324305,14.7263161324305,0.0724006532389766,0.883251281641428,0.852736838675695,0.708875378774644,70.8875378774644,"SURVEILLER (FAIBLE VOLUME)"
"CM LATRILLE","Autre","ABIDJAN",2,2,2,162580,139366,23214,81290,81290,0.166568603533143,1,0,31737.9656862745,1,0.0133114157048418,1.89810066307367,0.0815903054448871,12.5132147644188,"Coût Élevé",1.89810066307367,0.0815903054448871,1,1,1,0,0.949050331536835,0.0407951527224436,0.333333333333333,1,0.496953645277784,49.6953645277784,0.44474686989657,0.0509496684631651,0.503046354722216,0.310547783253467,31.0547783253467,"SURVEILLER (FAIBLE VOLUME)"
"CM LIRING","Autre","ABIDJAN",1,1,1,17500,17500,0,17500,17500,0,1,0,31737.9656862745,1,0.0133114157048418,0.408620514255003,0.0815903054448871,0,"Économique",0.408620514255003,0.0815903054448871,1,1,1,0,0.204310257127502,0.0407951527224436,0.333333333333333,0,0.173531622954984,17.3531622954984,0.147523135547088,0.795689742872498,0.826468377045016,0.678367875076423,67.8367875076424,"SURVEILLER (FAIBLE VOLUME)"
"CM ST PADRE PIO","Autre","ABIDJAN",1,1,1,43715,37115,6600,43715,43715,0.17782567695002,1,0,31737.9656862745,1,0.0133114157048418,1.020734044609,0.0815903054448871,13.3588854028005,"Standard",1.020734044609,0.0815903054448871,1,1,1,0,0.510367022304499,0.0407951527224436,0.333333333333333,1,0.365348652508083,36.5348652508083,0.267283614589004,0.489632977695501,0.634651347491917,0.503170452992768,50.3170452992768,"SURVEILLER (FAIBLE VOLUME)"
"CMC","Autre","ABIDJAN",1,1,1,4e+05,4e+05,0,4e+05,4e+05,0,1,0,31737.9656862745,1,0.0133114157048418,9.33989746868579,0.0815903054448871,0,"Coût Élevé",9.33989746868579,0.0815903054448871,1,1,1,0,1,0.0407951527224436,0.333333333333333,0,0.412238545816733,41.2238545816733,0.596624931954273,0,0.587761454183267,0.354429568064161,35.4429568064161,"SURVEILLER (FAIBLE VOLUME)"
"CMS","Centre Medical","ABIDJAN",1,1,1,17500,17500,0,17500,17500,0,1,0,33841.4752475248,1.23636363636364,0.0589823610679747,0.408620514255003,0.0815903054448871,0,"Économique",0.408620514255003,0.0815903054448871,1,0,1,0,0.204310257127502,0.0407951527224436,0.333333333333333,0,0.173531622954984,17.3531622954984,0.147523135547088,0.795689742872498,0.826468377045016,0.678367875076423,67.8367875076424,"SURVEILLER (FAIBLE VOLUME)"
"CRIS'IRIS VISION","Optique","ABIDJAN",2,2,2,610833.333333333,4e+05,210833.333333333,305416.666666667,305416.666666667,0.527083333333333,1,0,317347.222222222,1,0.452767755831414,7.13140087973613,0.0815903054448871,1.1641361968576,"Coût Élevé",7.13140087973613,0.0815903054448871,1,1,1,0,1,0.0407951527224436,0.333333333333333,0.582068098428801,0.470445355659613,47.0445355659613,0.666848121937942,0,0.529554644340387,0.345191482123743,34.5191482123743,"SURVEILLER (FAIBLE VOLUME)"
"CSF MEDICAL CENTER","Centre Medical","ABIDJAN",3,2,2,67500,67500,0,33750,33750,0,1,0,33841.4752475248,1.23636363636364,0.0589823610679747,0.788053848920364,0.0815903054448871,0,"Économique",0.788053848920364,0.0815903054448871,1,0,1,0,0.394026924460182,0.0407951527224436,0.333333333333333,0,0.230446623154788,23.0446623154788,0.326075122482308,0.605973075539818,0.769553376845212,0.615425605450474,61.5425605450474,"SURVEILLER (FAIBLE VOLUME)"
"CSU ABOBO BAOULE","Centre Medical","ABIDJAN",1,1,1,5500,3500,2000,5500,5500,0.571428571428571,1,0,33841.4752475248,1.23636363636364,0.0589823610679747,0.12842359019443,0.0815903054448871,9.68812643444409,"Économique",0.12842359019443,0.0815903054448871,1,0,1,0,0.0642117950972148,0.0407951527224436,0.333333333333333,1,0.231502084345898,23.1502084345898,0.0342950462710942,0.935788204902785,0.768497915654103,0.688573457476974,68.8573457476974,"SURVEILLER (FAIBLE VOLUME)"
"CSU COM ABOBOTE","Centre Medical","ABIDJAN",43,35,24,633400,539400,94000,18097.1428571429,26391.6666666667,0.174267704857249,1.45833333333333,0.0697674418604651,33841.4752475248,1.23636363636364,0.0589823610679747,0.412024002964548,0.11796135262351,2.95457322667047,"Économique",0.412024002964548,0.11796135262351,1,2.24242424242424,1,1,0.206012001482274,0.058980676311755,0.747474747474747,1,0.403740227580633,40.3740227580633,0.673380511703865,0.793987998517726,0.596259772419367,0.69077521071561,69.077521071561,"CONSERVER"
"CSU COM ANGRE","Centre Medical","ABIDJAN",6,5,5,43500,38500,5000,8700,8700,0.12987012987013,1,0,33841.4752475248,1.23636363636364,0.0589823610679747,0.203142769943916,0.0815903054448871,2.20184691691911,"Économique",0.203142769943916,0.0815903054448871,1,2.05555555555556,1,0,0.101571384971958,0.0407951527224436,0.685185185185185,1,0.348265516863876,34.8265516863876,0.26619488296135,0.898428615028042,0.651734483136124,0.673304215857937,67.3304215857937,"SURVEILLER (FAIBLE VOLUME)"
"CSU D'ABOBO BAOULE","Centre Medical","ABIDJAN",3,1,1,14492,14492,0,14492,14492,0,1,0,33841.4752475248,1.23636363636364,0.0589823610679747,0.338384485290486,0.0815903054448871,0,"Économique",0.338384485290486,0.0815903054448871,1,0,1,0,0.169192242645243,0.0407951527224436,0.333333333333333,0,0.162996218610306,16.2996218610306,0.115949918345128,0.830807757354757,0.837003781389694,0.690314599166806,69.0314599166806,"SURVEILLER (FAIBLE VOLUME)"
"CSU DE Douele","Centre Medical","HORS-ABIDJAN",1,1,1,9100,9100,0,9100,9100,0,1,0,33841.4752475248,1.23636363636364,0.0589823610679747,0.212482667412602,0.0815903054448871,0,"Économique",0.212482667412602,0.0815903054448871,1,0,1,0,0.106241333706301,0.0407951527224436,0.333333333333333,0,0.144110945928623,14.4110945928623,0.0647795318454001,0.893758666293699,0.855889054071377,0.71281499451511,71.281499451511,"SURVEILLER (FAIBLE VOLUME)"
"CSU DE HIRE","Centre Medical","HORS-ABIDJAN",1,1,1,5000,5000,0,5000,5000,0,1,0,33841.4752475248,1.23636363636364,0.0589823610679747,0.116748718358572,0.0815903054448871,0,"Économique",0.116748718358572,0.0815903054448871,1,0,1,0,0.0583743591792862,0.0407951527224436,0.333333333333333,0,0.129750853570519,12.9750853570519,0.0255851932498639,0.941625640820714,0.870249146429481,0.729866953550051,72.9866953550051,"SURVEILLER (FAIBLE VOLUME)"
"CSU DE YOPOUGON","Centre Medical","ABIDJAN",1,1,1,18000,18000,0,18000,18000,0,1,0,33841.4752475248,1.23636363636364,0.0589823610679747,0.420295386090861,0.0815903054448871,0,"Économique",0.420295386090861,0.0815903054448871,1,0,1,0,0.21014769304543,0.0407951527224436,0.333333333333333,0,0.175282853730362,17.5282853730362,0.155144256940664,0.78985230695457,0.824717146269638,0.676856632677816,67.6856632677816,"SURVEILLER (FAIBLE VOLUME)"
"CSU YOPOGON SANTE","Centre Medical","ABIDJAN",1,1,1,5800,5000,800,5800,5800,0.16,1,0,33841.4752475248,1.23636363636364,0.0589823610679747,0.135428513295944,0.0815903054448871,2.71267540164434,"Économique",0.135428513295944,0.0815903054448871,1,0,1,0,0.067714256647972,0.0407951527224436,0.333333333333333,1,0.232552822811125,23.2552822811125,0.0359281437125748,0.932285743352028,0.767447177188875,0.687078796958876,68.7078796958876,"SURVEILLER (FAIBLE VOLUME)"
"CSU YOPOUGON","Centre Medical","ABIDJAN",1,1,1,30000,30000,0,30000,30000,0,1,0,33841.4752475248,1.23636363636364,0.0589823610679747,0.700492310151434,0.0815903054448871,0,"Économique",0.700492310151434,0.0815903054448871,1,0,1,0,0.350246155075717,0.0407951527224436,0.333333333333333,0,0.217312392339448,21.7312392339448,0.214480130647795,0.649753844924283,0.782687607660552,0.615872607163493,61.5872607163493,"SURVEILLER (FAIBLE VOLUME)"
"CSU YOPOUGON SANTE","Centre Medical","ABIDJAN",6,6,4,62050,56455,5595,10341.6666666667,15512.5,0.099105482242494,1.5,0,33841.4752475248,1.23636363636364,0.0589823610679747,0.241475265804981,0.122385458167331,1.68025627404571,"Économique",0.241475265804981,0.122385458167331,1,0,1,0,0.12073763290249,0.0611927290836653,0.333333333333333,0.840128137022856,0.238591922298132,23.8591922298132,0.317365269461078,0.87926236709751,0.761408077701868,0.719741231811967,71.9741231811967,"SURVEILLER (FAIBLE VOLUME)"
"CSU-COM RIVIERA PALMERAIE","Centre Medical","ABIDJAN",1,1,1,1500,1500,0,1500,1500,0,1,0,33841.4752475248,1.23636363636364,0.0589823610679747,0.0350246155075717,0.0815903054448871,0,"Économique",0.0350246155075717,0.0815903054448871,1,0,1,0,0.0175123077537859,0.0407951527224436,0.333333333333333,0,0.117492238142869,11.7492238142869,0.00272182906913446,0.982487692246214,0.882507761857131,0.746542547455165,74.6542547455165,"SURVEILLER (FAIBLE VOLUME)"
"CSUCOM ANGRE","Centre Medical","ABIDJAN",1,1,1,20950,14500,6450,20950,20950,0.444827586206897,1,0,33841.4752475248,1.23636363636364,0.0589823610679747,0.489177129922418,0.0815903054448871,7.54170531922673,"Économique",0.489177129922418,0.0815903054448871,1,0,1,0,0.244588564961209,0.0407951527224436,0.333333333333333,1,0.285615115305096,28.5615115305096,0.174741426238432,0.755411435038791,0.714384884694904,0.622866813141164,62.2866813141164,"SURVEILLER (FAIBLE VOLUME)"
"Cabinet Dentaire Faddoul","Cabinet","ABIDJAN",7,7,6,828600,553600,275000,118371.428571429,138100,0.496748554913295,1.16666666666667,0,35500,1.25,0,2.76394251519752,0.0951886896857016,0,"Coût Élevé",2.76394251519752,0.0951886896857016,1,1,1,0,1,0.0475943448428508,0.333333333333333,0,0.414278303452855,41.4278303452855,0.721829069134458,0,0.585721696547145,0.37865449244575,37.865449244575,"SURVEILLER (FAIBLE VOLUME)"
"Cabinet dentaire Modern' Ortho Dontie","Cabinet","ABIDJAN",1,1,1,121500,90000,31500,121500,121500,0.35,1,0,35500,1.25,0,2.83699385611331,0.0815903054448871,0,"Coût Élevé",2.83699385611331,0.0815903054448871,1,1,1,0,1,0.0407951527224436,0.333333333333333,0,0.412238545816733,41.2238545816733,0.399564507348939,0,0.587761454183267,0.315017483143095,31.5017483143095,"SURVEILLER (FAIBLE VOLUME)"
"Caritas portbouet","Autre","ABIDJAN",1,1,1,2000,2000,0,2000,2000,0,1,0,31737.9656862745,1,0.0133114157048418,0.046699487343429,0.0815903054448871,0,"Économique",0.046699487343429,0.0815903054448871,1,1,1,0,0.0233497436717145,0.0407951527224436,0.333333333333333,0,0.119243468918247,11.9243468918247,0.00489929232444202,0.976650256328286,0.880756531081753,0.743942573428904,74.3942573428904,"SURVEILLER (FAIBLE VOLUME)"
"CeDRes (C.H.U TREICHVILLE)","Autre","ABIDJAN",1,1,1,15000,15000,0,15000,15000,0,1,0,31737.9656862745,1,0.0133114157048418,0.350246155075717,0.0815903054448871,0,"Économique",0.350246155075717,0.0815903054448871,1,1,1,0,0.175123077537859,0.0407951527224436,0.333333333333333,0,0.164775469078091,16.4775469078091,0.119760479041916,0.824876922462141,0.835224530921909,0.687992677162004,68.7992677162003,"SURVEILLER (FAIBLE VOLUME)"
"Centre Medical Le Belier","Centre Medical","ABIDJAN",2,2,2,32900,32900,0,16450,16450,0,1,0,33841.4752475248,1.23636363636364,0.0589823610679747,0.384103283399703,0.0815903054448871,0,"Économique",0.384103283399703,0.0815903054448871,1,0,1,0,0.192051641699852,0.0407951527224436,0.333333333333333,0,0.169854038326689,16.9854038326689,0.230811105062602,0.807948358300148,0.830145961673311,0.701399949001904,70.1399949001904,"SURVEILLER (FAIBLE VOLUME)"
"Centre Medical SMIRES","Centre Medical","ABIDJAN",1,1,1,17500,17500,0,17500,17500,0,1,0,33841.4752475248,1.23636363636364,0.0589823610679747,0.408620514255003,0.0815903054448871,0,"Économique",0.408620514255003,0.0815903054448871,1,0,1,0,0.204310257127502,0.0407951527224436,0.333333333333333,0,0.173531622954984,17.3531622954984,0.147523135547088,0.795689742872498,0.826468377045016,0.678367875076423,67.8367875076424,"SURVEILLER (FAIBLE VOLUME)"
"Centre Medical cardio-respiratoire les jardins","Centre Medical","ABIDJAN",1,1,1,32500,25000,7500,32500,32500,0.3,1,0,33841.4752475248,1.23636363636364,0.0589823610679747,0.75886666933072,0.0815903054448871,5.08626637808315,"Économique",0.75886666933072,0.0815903054448871,1,0,1,0,0.37943333466536,0.0407951527224436,0.333333333333333,1,0.326068546216341,32.6068546216341,0.227000544365814,0.62056666533464,0.673931453783659,0.563199356520482,56.3199356520482,"SURVEILLER (FAIBLE VOLUME)"
"Centre Medico Chirurgical d'ophtalmologie","Centre Medical","ABIDJAN",1,1,1,17500,17500,0,17500,17500,0,1,0,33841.4752475248,1.23636363636364,0.0589823610679747,0.408620514255003,0.0815903054448871,0,"Économique",0.408620514255003,0.0815903054448871,1,0,1,0,0.204310257127502,0.0407951527224436,0.333333333333333,0,0.173531622954984,17.3531622954984,0.147523135547088,0.795689742872498,0.826468377045016,0.678367875076423,67.8367875076424,"SURVEILLER (FAIBLE VOLUME)"
"Centre Paramedical La Feuille Blanche","Centre Medical","ABIDJAN",1,1,1,468750,3e+05,168750,468750,468750,0.5625,1,1,33841.4752475248,1.23636363636364,0.0589823610679747,7.56064648584522,0.067516879219805,9.5367494589059,"Coût Élevé",7.56064648584522,0.067516879219805,1,0,1,0,1,0.0337584396099025,0.333333333333333,1,0.510127531882971,51.0127531882971,0.625476320087099,0,0.489872468117029,0.321044251264231,32.1044251264231,"SURVEILLER (FAIBLE VOLUME)"
"Centre d'imagerie diagnostique Petro-Sante","Centre Medical","ABIDJAN",1,1,1,80000,80000,0,80000,80000,0,1,0,33841.4752475248,1.23636363636364,0.0589823610679747,1.86797949373716,0.0815903054448871,0,"Coût Élevé",1.86797949373716,0.0815903054448871,1,0,1,0,0.933989746868579,0.0407951527224436,0.333333333333333,0,0.392435469877307,39.2435469877307,0.346216657593903,0.0660102531314208,0.607564530122693,0.338673244820426,33.8673244820426,"SURVEILLER (FAIBLE VOLUME)"
"Centre d'imagerie et d'analyse YAH du TONKPI de Man","Centre Medical","HORS-ABIDJAN",1,1,1,26000,26000,0,26000,26000,0,1,0,33841.4752475248,1.23636363636364,0.0589823610679747,0.607093335464576,0.0815903054448871,0,"Économique",0.607093335464576,0.0815903054448871,1,0,1,0,0.303546667732288,0.0407951527224436,0.333333333333333,0,0.20330254613642,20.330254613642,0.204681545998911,0.696453332267712,0.79669745386358,0.638196623652299,63.8196623652299,"SURVEILLER (FAIBLE VOLUME)"
"Centre d'ophtalmologie Hi-tech","Centre Medical","ABIDJAN",1,1,1,22500,20000,2500,22500,22500,0.125,1,0,33841.4752475248,1.23636363636364,0.0589823610679747,0.525369232613576,0.0815903054448871,2.11927765753464,"Économique",0.525369232613576,0.0815903054448871,1,0,1,0,0.262684616306788,0.0407951527224436,0.333333333333333,1,0.291043930708769,29.1043930708769,0.183451279259662,0.737315383693212,0.70895606929123,0.61519883704571,61.519883704571,"SURVEILLER (FAIBLE VOLUME)"
"Centre d'ophtalmologie VISTA VISION","Optique","ABIDJAN",1,1,1,22500,20000,2500,22500,22500,0.125,1,0,317347.222222222,1,0.452767755831414,0.525369232613576,0.0815903054448871,0.276079730480064,"Économique",0.525369232613576,0.0815903054448871,1,1,1,0,0.262684616306788,0.0407951527224436,0.333333333333333,0.138039865240032,0.204847917232773,20.4847917232773,0.183451279259662,0.737315383693212,0.795152082767227,0.649677242436108,64.9677242436108,"SURVEILLER (FAIBLE VOLUME)"
"Centre de Pathologie Prive d'Abidjan","Centre Medical","ABIDJAN",1,1,1,140000,140000,0,140000,140000,0,1,0,33841.4752475248,1.23636363636364,0.0589823610679747,3.26896411404003,0.0815903054448871,0,"Coût Élevé",3.26896411404003,0.0815903054448871,1,0,1,0,1,0.0407951527224436,0.333333333333333,0,0.412238545816733,41.2238545816733,0.422427871529668,0,0.587761454183267,0.31959015597924,31.959015597924,"SURVEILLER (FAIBLE VOLUME)"
"Centre de Sante Urbain Yopougon Sante","Centre Medical","ABIDJAN",1,1,1,8000,8000,0,8000,8000,0,1,0,33841.4752475248,1.23636363636364,0.0589823610679747,0.186797949373716,0.0815903054448871,0,"Économique",0.186797949373716,0.0815903054448871,1,0,1,0,0.0933989746868579,0.0407951527224436,0.333333333333333,0,0.14025823822279,14.025823822279,0.055525313010343,0.906601025313142,0.85974176177721,0.717642177438209,71.7642177438209,"SURVEILLER (FAIBLE VOLUME)"
"Centre de sante communautaire abobo baoule","Centre Medical","ABIDJAN",2,1,1,7000,7000,0,7000,7000,0,1,1,33841.4752475248,1.23636363636364,0.0589823610679747,0.112905654188622,0.067516879219805,0,"Économique",0.112905654188622,0.067516879219805,1,6.16666666666667,1,0,0.056452827094311,0.0337584396099025,1,0,0.327063380011264,32.7063380011264,0.0446379967338051,0.943547172905689,0.672936619988736,0.655521116504531,65.5521116504531,"SURVEILLER (FAIBLE VOLUME)"
"Centre de sante communautaire d'abobo baoule","Centre Medical","ABIDJAN",3,3,3,14404,14404,-5.6843418860808e-14,4801.33333333333,4801.33333333333,-3.94636343104749e-18,1,0.333333333333333,33841.4752475248,1.23636363636364,0.0589823610679747,0.0975532371441161,0.0762896240534938,-6.69075187834456e-17,"Économique",0.0975532371441161,0.0762896240534938,1,0,1,0,0.0487766185720581,0.0381448120267469,0.333333333333333,-3.34537593917228e-17,0.126076429179641,12.6076429179641,0.114316820903647,0.951223381427942,0.873923570820359,0.75292214508005,75.292214508005,"SURVEILLER (FAIBLE VOLUME)"
"Centre de sante communautaire d'abobo-te","Centre Medical","ABIDJAN",1,1,1,12500,10000,2500,12500,12500,0.25,1,0,33841.4752475248,1.23636363636364,0.0589823610679747,0.291871795896431,0.0815903054448871,4.23855531506929,"Économique",0.291871795896431,0.0815903054448871,1,0,1,0,0.145935897948215,0.0407951527224436,0.333333333333333,1,0.256019315201198,25.6019315201198,0.101252041371802,0.854064102051785,0.743980684798802,0.659468323014595,65.9468323014595,"SURVEILLER (FAIBLE VOLUME)"
"Centre de sante communautaire dabobo baoule","Centre Medical","ABIDJAN",1,1,1,4400,3000,1400,4400,4400,0.466666666666667,1,0,33841.4752475248,1.23636363636364,0.0589823610679747,0.102738872155544,0.0815903054448871,7.91196992146267,"Économique",0.102738872155544,0.0815903054448871,1,0,1,0,0.0513694360777719,0.0407951527224436,0.333333333333333,1,0.227649376640065,22.7649376640065,0.0212302667392488,0.948630563922228,0.772350623359935,0.692638528260715,69.2638528260715,"SURVEILLER (FAIBLE VOLUME)"
"Centre de sante rural Patricia nau de braffoueby sikensi","Centre Medical","HORS-ABIDJAN",4,2,2,24500,24500,0,12250,12250,0,1,0,33841.4752475248,1.23636363636364,0.0589823610679747,0.286034359978502,0.0815903054448871,0,"Économique",0.286034359978502,0.0815903054448871,1,0,1,0,0.143017179989251,0.0407951527224436,0.333333333333333,0,0.155143699813508,15.5143699813508,0.1943385955362,0.856982820010749,0.844856300186492,0.719603367186136,71.9603367186136,"SURVEILLER (FAIBLE VOLUME)"
"Centre de sante urbain de Grabo","Centre Medical","HORS-ABIDJAN",2,2,1,15000,10200,4800,7500,15000,0.470588235294118,2,0,33841.4752475248,1.23636363636364,0.0589823610679747,0.175123077537859,0.163180610889774,7.97845706365984,"Économique",0.175123077537859,0.163180610889774,1,0,1,0,0.0875615387689293,0.0815903054448871,0.333333333333333,1,0.250745553264145,25.0745553264145,0.119760479041916,0.912438461231071,0.749254446735855,0.688629258995154,68.8629258995154,"SURVEILLER (FAIBLE VOLUME)"
"Centre de sante urbain de Tienkoikro","Centre Medical","HORS-ABIDJAN",4,3,3,21700,20500,1200,7233.33333333333,7233.33333333333,0.0585365853658537,1,0,33841.4752475248,1.23636363636364,0.0589823610679747,0.168896479225401,0.0815903054448871,0.992442220113785,"Économique",0.168896479225401,0.0815903054448871,1,0,1,0,0.0844482396127007,0.0407951527224436,0.333333333333333,0.496221110056892,0.187195128706233,18.7195128706233,0.177463255307567,0.915551760387299,0.812804871293767,0.72683530373394,72.683530373394,"SURVEILLER (FAIBLE VOLUME)"
"Centre medical TASLYS GRAND LAHOU","Centre Medical","HORS-ABIDJAN",2,2,2,24000,19000,5000,12000,12000,0.263157894736842,1,0,33841.4752475248,1.23636363636364,0.0589823610679747,0.280196924060574,0.0815903054448871,4.46163717375715,"Économique",0.280196924060574,0.0815903054448871,1,0,1,0,0.140098462030287,0.0407951527224436,0.333333333333333,1,0.254268084425819,25.4268084425819,0.189983669025585,0.859901537969713,0.745731915574181,0.680250115222675,68.0250115222675,"SURVEILLER (FAIBLE VOLUME)"
"Centre medical prive confessionnel Saint coeur d'Abobote","Centre Medical","ABIDJAN",1,1,1,2900,2900,0,2900,2900,0,1,0,33841.4752475248,1.23636363636364,0.0589823610679747,0.067714256647972,0.0815903054448871,0,"Économique",0.067714256647972,0.0815903054448871,1,0,1,0,0.033857128323986,0.0407951527224436,0.333333333333333,0,0.122395684313929,12.2395684313929,0.00979858464888405,0.966142871676014,0.877604315686071,0.739458591874611,73.9458591874611,"SURVEILLER (FAIBLE VOLUME)"
"Centre principal de sante AGBAN","Centre Medical","ABIDJAN",1,1,1,15000,15000,0,15000,15000,0,1,0,33841.4752475248,1.23636363636364,0.0589823610679747,0.350246155075717,0.0815903054448871,0,"Économique",0.350246155075717,0.0815903054448871,1,0,1,0,0.175123077537859,0.0407951527224436,0.333333333333333,0,0.164775469078091,16.4775469078091,0.119760479041916,0.824876922462141,0.835224530921909,0.687992677162004,68.7992677162003,"SURVEILLER (FAIBLE VOLUME)"
"Chrysalide","Hopital","ABIDJAN",1,1,1,6e+05,5e+05,1e+05,6e+05,6e+05,0.2,1,0,15500,1,0,14.0098462030287,0.0815903054448871,0,"Coût Élevé",14.0098462030287,0.0815903054448871,1,1,1,0,1,0.0407951527224436,0.333333333333333,0,0.412238545816733,41.2238545816733,0.661404463799673,0,0.587761454183267,0.367385474433241,36.7385474433242,"SURVEILLER (FAIBLE VOLUME)"
"Chu de treichville gyneco","Hopital","ABIDJAN",1,1,1,39400,39400,0,39400,39400,0,1,0,15500,1,0,0.91997990066555,0.0815903054448871,0,"Standard",0.91997990066555,0.0815903054448871,1,1,1,0,0.459989950332775,0.0407951527224436,0.333333333333333,0,0.250235530916566,25.0235530916566,0.255307566684812,0.540010049667225,0.749764469083434,0.566971320837226,56.6971320837226,"SURVEILLER (FAIBLE VOLUME)"
"Chu de treichville gynecologie","Hopital","ABIDJAN",1,1,1,105750,55700,50050,105750,105750,0.898563734290844,1,0,15500,1,0,2.46923539328381,0.0815903054448871,0,"Coût Élevé",2.46923539328381,0.0815903054448871,1,1,1,0,1,0.0407951527224436,0.333333333333333,0,0.412238545816733,41.2238545816733,0.385410996189439,0,0.587761454183267,0.312186780911195,31.2186780911195,"SURVEILLER (FAIBLE VOLUME)"
"Clinique Le Carly","Clinique","ABIDJAN",1,1,1,18500,18000,500,18500,18500,0.0277777777777778,1,0,42616.7291666667,1.45454545454545,0.0745173990347981,0.431970257926718,0.0815903054448871,0.372769019552147,"Économique",0.431970257926718,0.0815903054448871,1,0,0,0,0.215985128963359,0.0407951527224436,0.333333333333333,0.186384509776073,0.195672535483348,19.5672535483348,0.161676646706587,0.784014871036641,0.804327464516652,0.667672263562635,66.7672263562635,"SURVEILLER (FAIBLE VOLUME)"
"Clinique Medicale le Grand Centre Yopougon Niangon","Clinique","ABIDJAN",1,1,1,14000,14000,0,14000,14000,0,1,0,42616.7291666667,1.45454545454545,0.0745173990347981,0.326896411404003,0.0815903054448871,0,"Économique",0.326896411404003,0.0815903054448871,1,0,0,0,0.163448205702001,0.0407951527224436,0.333333333333333,0,0.161273007527333,16.1273007527333,0.111594991834513,0.836551794297999,0.838726992472667,0.692430513075169,69.2430513075169,"SURVEILLER (FAIBLE VOLUME)"
"Clinique des Rochers","Clinique","ABIDJAN",1,1,1,10000,10000,0,10000,10000,0,1,0,42616.7291666667,1.45454545454545,0.0745173990347981,0.233497436717145,0.0815903054448871,0,"Économique",0.233497436717145,0.0815903054448871,1,0,0,0,0.116748718358572,0.0407951527224436,0.333333333333333,0,0.147263161324305,14.7263161324305,0.0724006532389766,0.883251281641428,0.852736838675695,0.708875378774644,70.8875378774644,"SURVEILLER (FAIBLE VOLUME)"
"Clinique medicale de la vision","Clinique","ABIDJAN",1,1,1,32500,25000,7500,32500,32500,0.3,1,0,42616.7291666667,1.45454545454545,0.0745173990347981,0.75886666933072,0.0815903054448871,4.02590541116319,"Économique",0.75886666933072,0.0815903054448871,1,0,0,0,0.37943333466536,0.0407951527224436,0.333333333333333,1,0.326068546216341,32.6068546216341,0.227000544365814,0.62056666533464,0.673931453783659,0.563199356520482,56.3199356520482,"SURVEILLER (FAIBLE VOLUME)"
"Clinique medicale saint viateur","Clinique","ABIDJAN",5,4,4,196700,158925,37775,49175,49175,0.23769073462325,1,0,42616.7291666667,1.45454545454545,0.0745173990347981,1.14822364505656,0.0815903054448871,3.18973471567698,"Standard",1.14822364505656,0.0815903054448871,1,0,0,0,0.57411182252828,0.0407951527224436,0.333333333333333,1,0.384472092575217,38.4472092575217,0.471965160587915,0.42588817747172,0.615527907424783,0.510959466076184,51.0959466076184,"SURVEILLER (FAIBLE VOLUME)"
"Clinique prima Center","Clinique","ABIDJAN",1,1,1,15000,15000,0,15000,15000,0,1,0,42616.7291666667,1.45454545454545,0.0745173990347981,0.350246155075717,0.0815903054448871,0,"Économique",0.350246155075717,0.0815903054448871,1,0,0,0,0.175123077537859,0.0407951527224436,0.333333333333333,0,0.164775469078091,16.4775469078091,0.119760479041916,0.824876922462141,0.835224530921909,0.687992677162004,68.7992677162003,"SURVEILLER (FAIBLE VOLUME)"
"DESIGN OPTIQUE SARL","Optique","HORS-ABIDJAN",6,6,6,2063333.33333333,1355000,708333.333333333,343888.888888889,343888.888888889,0.522755227552275,1,0.166666666666667,317347.222222222,1,0.452767755831414,7.47222356121047,0.0788509818642148,1.15457697863741,"Coût Élevé",7.47222356121047,0.0788509818642148,1,1,1,0,1,0.0394254909321074,0.333333333333333,0.577288489318706,0.469556496211503,46.9556496211503,0.857920522591181,0,0.530443503788497,0.383761506033635,38.3761506033635,"SURVEILLER (FAIBLE VOLUME)"
"DIAMOND OPTIQUE","Optique","ABIDJAN",11,11,11,4988333.33333333,3180000,1808333.33333333,453484.848484848,453484.848484848,0.568658280922431,1,0.181818181818182,317347.222222222,1,0.452767755831414,9.79178721883945,0.0786110457255421,1.25596019945857,"Coût Élevé",9.79178721883945,0.0786110457255421,1,1,1,0,1,0.039305522862771,0.333333333333333,0.627980099729285,0.47458966683176,47.458966683176,0.939031028851388,0,0.52541033316824,0.397970339037574,39.7970339037574,"SURVEILLER (FAIBLE VOLUME)"
"DIRECT OPTIQUE CONSEIL","Optique","ABIDJAN",5,5,5,1598333.33333333,1065000,533333.333333333,319666.666666667,319666.666666667,0.500782472613458,1,0,317347.222222222,1,0.452767755831414,7.46413472705806,0.0815903054448871,1.10604712054611,"Coût Élevé",7.46413472705806,0.0815903054448871,1,1,1,0,1,0.0407951527224436,0.333333333333333,0.553023560273054,0.467540901844038,46.7540901844038,0.824714207947741,0,0.532459098155962,0.377926480851933,37.7926480851933,"SURVEILLER (FAIBLE VOLUME)"
"DOCTEUR SANAA LAMRANI","Autre","ABIDJAN",2,2,2,43222,33707,9515,21611,21611,0.282285578663186,1,0,31737.9656862745,1,0.0133114157048418,0.504611310489422,0.0815903054448871,21.2062777485425,"Économique",0.504611310489422,0.0815903054448871,1,1,1,0,0.252305655244711,0.0407951527224436,0.333333333333333,1,0.287930242390146,28.7930242390146,0.265106151333696,0.747694344755289,0.712069757609854,0.636926871212796,63.6926871212796,"SURVEILLER (FAIBLE VOLUME)"
"DOHM'OPTICS","Optique","ABIDJAN",6,6,5,2939500,1898500,1041000,489916.666666667,587900,0.548327627074006,1.2,0,317347.222222222,1,0.452767755831414,11.4394285871675,0.0979083665338645,1.21105714797892,"Coût Élevé",11.4394285871675,0.0979083665338645,1,1,1,0,1,0.0489541832669323,0.333333333333333,0.605528573989458,0.475239112379025,47.5239112379025,0.897659227000544,0,0.524760887620975,0.389436200448499,38.9436200448499,"SURVEILLER (FAIBLE VOLUME)"
"DR BENKHATAR","Autre","ABIDJAN",3,3,3,50795,50795,0,16931.6666666667,16931.6666666667,0,1,0,31737.9656862745,1,0.0133114157048418,0.395350076601579,0.0815903054448871,0,"Économique",0.395350076601579,0.0815903054448871,1,1,1,0,0.19767503830079,0.0407951527224436,0.333333333333333,0,0.17154105730697,17.154105730697,0.287425149700599,0.80232496169921,0.82845894269303,0.709798591697016,70.9798591697016,"SURVEILLER (FAIBLE VOLUME)"
"DR HIND SAMI","Autre","HORS COTE D'IVOIRE",3,2,2,59367,49795,9571.99999999999,29683.5,29683.5,0.192228135354955,1,0,31737.9656862745,1,0.0133114157048418,0.693102116279337,0.0815903054448871,14.4408483377944,"Économique",0.693102116279337,0.0815903054448871,1,1,1,0,0.346551058139668,0.0407951527224436,0.333333333333333,1,0.316203863258634,31.6203863258634,0.308111050626021,0.653448941860332,0.683796136741366,0.596520241565883,59.6520241565883,"SURVEILLER (FAIBLE VOLUME)"
"DR ISSAM LARFAOUI","Autre","ABIDJAN",1,1,1,59700,59700,0,59700,59700,0,1,1,31737.9656862745,1,0.0133114157048418,0.962923936437248,0.067516879219805,0,"Standard",0.962923936437248,0.067516879219805,1,1,1,0,0.481461968218624,0.0337584396099025,0.333333333333333,0,0.254566122348558,25.4566122348558,0.309744148067501,0.518538031781376,0.745433877651442,0.567537593386628,56.7537593386628,"SURVEILLER (FAIBLE VOLUME)"
"DR MEDAGHRI ALAOUI","Autre","HORS COTE D'IVOIRE",1,1,1,1042,1042,4.2632564145606e-14,1042,1042,4.09141690456871e-17,1,0,31737.9656862745,1,0.0133114157048418,0.0243304329059265,0.0815903054448871,3.07361515505862e-15,"Économique",0.0243304329059265,0.0815903054448871,1,1,1,0,0.0121652164529632,0.0407951527224436,0.333333333333333,1.53680757752931e-15,0.115888110752622,11.5888110752622,0.00108873162765378,0.987834783547037,0.884111889247378,0.748996415443297,74.8996415443297,"SURVEILLER (FAIBLE VOLUME)"
"DR MEDAGHRI ALAOUI MOHAMED","Autre","HORS COTE D'IVOIRE",1,1,1,34030,24515,9515,34030,34030,0.388129716500102,1,0,31737.9656862745,1,0.0133114157048418,0.794591777148444,0.0815903054448871,29.1576587424075,"Économique",0.794591777148444,0.0815903054448871,1,1,1,0,0.397295888574222,0.0407951527224436,0.333333333333333,1,0.331427312389,33.1427312389,0.236254763200871,0.602704111425778,0.668572687611,0.555761672254886,55.5761672254886,"SURVEILLER (FAIBLE VOLUME)"
"DR SANAA LAMRANI","Autre","HORS COTE D'IVOIRE",2,2,2,52093,52093,0,26046.5,26046.5,0,1,0,31737.9656862745,1,0.0133114157048418,0.608179098545311,0.0815903054448871,0,"Économique",0.608179098545311,0.0815903054448871,1,1,1,0,0.304089549272656,0.0407951527224436,0.333333333333333,0,0.20346541059853,20.346541059853,0.290146978769733,0.695910450727344,0.79653458940147,0.655007411805473,65.5007411805473,"SURVEILLER (FAIBLE VOLUME)"
"DR TOURE","Autre","ABIDJAN",1,1,1,125200,99700,25500,125200,125200,0.255767301905717,1,0,31737.9656862745,1,0.0133114157048418,2.92338790769865,0.0815903054448871,19.2141322588765,"Coût Élevé",2.92338790769865,0.0815903054448871,1,1,1,0,1,0.0407951527224436,0.333333333333333,1,0.512238545816733,51.2238545816733,0.407729994556342,0,0.487761454183267,0.276650580584575,27.6650580584575,"SURVEILLER (FAIBLE VOLUME)"
"DR ZOUHAIR EL KAISSOUMI (FRANCE )","Autre","HORS COTE D'IVOIRE",2,1,1,139583,113304,26279,139583,139583,0.231933559274165,1,0,31737.9656862745,1,0.0133114157048418,3.25922727092892,0.0815903054448871,17.4236583408482,"Coût Élevé",3.25922727092892,0.0815903054448871,1,1,1,0,1,0.0407951527224436,0.333333333333333,1,0.512238545816733,51.2238545816733,0.421339139902014,0,0.487761454183267,0.27937240965371,27.937240965371,"SURVEILLER (FAIBLE VOLUME)"
"Dr TOURE TURQUIN","Autre","ABIDJAN",1,1,1,61000,61000,0,61000,61000,0,1,0,31737.9656862745,1,0.0133114157048418,1.42433436397458,0.0815903054448871,0,"Coût Élevé",1.42433436397458,0.0815903054448871,1,1,1,0,0.712167181987292,0.0407951527224436,0.333333333333333,0,0.32588870041292,32.5888700412921,0.31355470876429,0.287832818012708,0.67411129958708,0.447488588792773,44.7488588792773,"SURVEILLER (FAIBLE VOLUME)"
"ECLAT OPTIQUE","Optique","ABIDJAN",2,2,2,373888.888888889,280000,93888.8888888888,186944.444444444,186944.444444444,0.33531746031746,1,0,317347.222222222,1,0.452767755831414,4.36510485862885,0.0815903054448871,0.74059483255763,"Coût Élevé",4.36510485862885,0.0815903054448871,1,1,1,0,1,0.0407951527224436,0.333333333333333,0.370297416278815,0.449268287444615,44.9268287444615,0.583015786608601,0,0.550731712555385,0.336895842343874,33.6895842343874,"SURVEILLER (FAIBLE VOLUME)"
"ECOLE DU DOS","Autre","ABIDJAN",1,1,1,556000,325000,231000,556000,556000,0.710769230769231,1,0,31737.9656862745,1,0.0133114157048418,12.9824574814733,0.0815903054448871,53.3954649549934,"Coût Élevé",12.9824574814733,0.0815903054448871,1,1,1,0,1,0.0407951527224436,0.333333333333333,1,0.512238545816733,51.2238545816733,0.649972781709309,0,0.487761454183267,0.325099138015169,32.5099138015169,"SURVEILLER (FAIBLE VOLUME)"
"EDEN OPTIQUE -ANANERAIE","Optique","ABIDJAN",8,8,8,2509166.66666667,1660000,849166.666666667,313645.833333333,313645.833333333,0.511546184738956,1,0,317347.222222222,1,0.452767755831414,7.32354981203461,0.0815903054448871,1.12982026248669,"Coût Élevé",7.32354981203461,0.0815903054448871,1,1,1,0,1,0.0407951527224436,0.333333333333333,0.564910131243343,0.468729558941067,46.8729558941067,0.883505715841045,0,0.531270441058933,0.389209319591782,38.9209319591782,"SURVEILLER (FAIBLE VOLUME)"
"ELEGANCE ET VISION","Optique","ABIDJAN",41,41,41,10882777.7777778,7475000,3407777.77777778,265433.604336043,265433.604336043,0.455890003716091,1,0,317347.222222222,1,0.452767755831414,6.19780662310589,0.0815903054448871,1.00689591483595,"Coût Élevé",6.19780662310589,0.0815903054448871,1,1,1,0,1,0.0407951527224436,0.333333333333333,0.503447957417974,0.46258334155853,46.258334155853,0.979314099074578,0,0.53741665844147,0.410829483191503,41.0829483191503,"RENÉGOCIER"
"ELEGANCE OPTIC CENTER","Optique","ABIDJAN",5,5,5,1938888.88888889,1335000,603888.888888888,387777.777777778,387777.777777778,0.452351227632126,1,0,317347.222222222,1,0.452767755831414,9.05451171269817,0.0815903054448871,0.999080040056026,"Coût Élevé",9.05451171269817,0.0815903054448871,1,1,1,0,1,0.0407951527224436,0.333333333333333,0.499540020028013,0.462192547819534,46.2192547819534,0.850299401197605,0,0.537807452180466,0.385182861111707,38.5182861111707,"SURVEILLER (FAIBLE VOLUME)"
"ELITE VISION","Optique","ABIDJAN",10,10,10,3180277.77777778,2350000,830277.777777777,318027.777777778,318027.777777778,0.353309692671395,1,0,317347.222222222,1,0.452767755831414,7.42586709159609,0.0815903054448871,0.780333157829702,"Coût Élevé",7.42586709159609,0.0815903054448871,1,1,1,0,1,0.0407951527224436,0.333333333333333,0.390166578914851,0.451255203708218,45.1255203708218,0.906369080021775,0,0.548744796291782,0.400771734521068,40.0771734521068,"SURVEILLER (FAIBLE VOLUME)"
"ELLE ET LUI OPTIK","Autre","ABIDJAN",4,4,4,906627.333333333,691397,215230.333333333,226656.833333333,226656.833333333,0.311297754160537,1,0,31737.9656862745,1,0.0133114157048418,5.29237895977584,0.0815903054448871,23.3857736143953,"Coût Élevé",5.29237895977584,0.0815903054448871,1,1,1,0,1,0.0407951527224436,0.333333333333333,1,0.512238545816733,51.2238545816733,0.743603701687534,0,0.487761454183267,0.343825322010814,34.3825322010814,"SURVEILLER (FAIBLE VOLUME)"
"EMERANCE OPTIQUE","Optique","ABIDJAN",1,1,1,261111.111111111,175000,86111.1111111111,261111.111111111,261111.111111111,0.492063492063492,1,0,317347.222222222,1,0.452767755831414,6.096877514281,0.0815903054448871,1.08679005014374,"Coût Élevé",6.096877514281,0.0815903054448871,1,1,1,0,1,0.0407951527224436,0.333333333333333,0.543395025071871,0.46657804832392,46.657804832392,0.519324986390855,0,0.53342195167608,0.317233777948603,31.7233777948603,"SURVEILLER (FAIBLE VOLUME)"
"ENTENTE OPTIQUE+","Optique","ABIDJAN",7,7,7,1871111.11111111,1330000,541111.111111111,267301.587301587,267301.587301587,0.406850459482038,1,0,317347.222222222,1,0.452767755831414,6.24142354653447,0.0815903054448871,0.89858532159593,"Coût Élevé",6.24142354653447,0.0815903054448871,1,1,1,0,1,0.0407951527224436,0.333333333333333,0.449292660797965,0.45716781189653,45.716781189653,0.844855743059336,0,0.542832188103471,0.386104023853255,38.6104023853255,"SURVEILLER (FAIBLE VOLUME)"
"EPHD BINGERVILLE","Autre","ABIDJAN",1,1,1,5000,5000,0,5000,5000,0,1,0,31737.9656862745,1,0.0133114157048418,0.116748718358572,0.0815903054448871,0,"Économique",0.116748718358572,0.0815903054448871,1,1,1,0,0.0583743591792862,0.0407951527224436,0.333333333333333,0,0.129750853570519,12.9750853570519,0.0255851932498639,0.941625640820714,0.870249146429481,0.729866953550051,72.9866953550051,"SURVEILLER (FAIBLE VOLUME)"
"EPHD DE BINGERVILLE","Autre","ABIDJAN",4,3,3,29000,22500,6500,9666.66666666667,9666.66666666667,0.288888888888889,1,0,31737.9656862745,1,0.0133114157048418,0.225714188826573,0.0815903054448871,21.7023414559738,"Économique",0.225714188826573,0.0815903054448871,1,1,1,0,0.112857094413287,0.0407951527224436,0.333333333333333,1,0.246095674140719,24.6095674140719,0.212847033206315,0.887142905586713,0.753904325859281,0.698988299219661,69.8988299219661,"SURVEILLER (FAIBLE VOLUME)"
"EPHPHATHA OPTIC","Optique","ABIDJAN",2,2,2,633333.333333333,5e+05,133333.333333333,316666.666666667,316666.666666667,0.266666666666666,1,0,317347.222222222,1,0.452767755831414,7.39408549604291,0.0815903054448871,0.588970091690801,"Coût Élevé",7.39408549604291,0.0815903054448871,1,1,1,0,1,0.0407951527224436,0.333333333333333,0.2944850458454,0.441687050401273,44.1687050401273,0.672291780076211,0,0.558312949598727,0.357783535854733,35.7783535854733,"SURVEILLER (FAIBLE VOLUME)"
"EPHR ADZOPE","Autre","HORS-ABIDJAN",1,1,1,7500,7500,0,7500,7500,0,1,0,31737.9656862745,1,0.0133114157048418,0.175123077537859,0.0815903054448871,0,"Économique",0.175123077537859,0.0815903054448871,1,1,1,0,0.0875615387689293,0.0407951527224436,0.333333333333333,0,0.138507007447412,13.8507007447412,0.0479041916167665,0.912438461231071,0.861492992552588,0.719153419836817,71.9153419836817,"SURVEILLER (FAIBLE VOLUME)"
"EPHR DE BOUAFLE","Autre","HORS-ABIDJAN",4,3,2,25000,25000,0,8333.33333333333,12500,0,1.5,0,31737.9656862745,1,0.0133114157048418,0.194581197264287,0.122385458167331,0,"Économique",0.194581197264287,0.122385458167331,1,1,1,0,0.0972905986321437,0.0611927290836653,0.333333333333333,0,0.147544998314743,14.7544998314743,0.196516058791508,0.902709401367856,0.852455001685257,0.741368972979547,74.1368972979547,"SURVEILLER (FAIBLE VOLUME)"
"EPHR DE MAN","Autre","HORS-ABIDJAN",8,6,3,107100,97100,10000,17850,35700,0.102986611740474,2,0,31737.9656862745,1,0.0133114157048418,0.416792924540103,0.163180610889774,7.73671366171924,"Économique",0.416792924540103,0.163180610889774,1,1,1,0,0.208396462270052,0.0815903054448871,0.333333333333333,1,0.286996030314482,28.6996030314482,0.387588459444747,0.791603537729948,0.713003969685518,0.679360694855136,67.9360694855136,"SURVEILLER (FAIBLE VOLUME)"
"EPHR DE SEGUELA","Autre","HORS-ABIDJAN",1,1,1,16500,12500,4000,16500,16500,0.32,1,0,31737.9656862745,1,0.0133114157048418,0.385270770583289,0.0815903054448871,24.039516689694,"Économique",0.385270770583289,0.0815903054448871,1,1,1,0,0.192635385291644,0.0407951527224436,0.333333333333333,1,0.270029161404226,27.0029161404226,0.141535111594992,0.807364614708356,0.729970838595774,0.64324120364065,64.324120364065,"SURVEILLER (FAIBLE VOLUME)"
"EPHR DE TOUBA","Autre","HORS-ABIDJAN",1,1,1,13000,13000,0,13000,13000,0,1,0,31737.9656862745,1,0.0133114157048418,0.303546667732288,0.0815903054448871,0,"Économique",0.303546667732288,0.0815903054448871,1,1,1,0,0.151773333866144,0.0407951527224436,0.333333333333333,0,0.157770545976576,15.7770545976576,0.106151333696244,0.848226666133856,0.842229454023424,0.697412714802161,69.7412714802161,"SURVEILLER (FAIBLE VOLUME)"
"EPHR-KORHOGO","Autre","HORS-ABIDJAN",6,5,4,46400,46400,0,9280,11600,0,1.25,0,31737.9656862745,1,0.0133114157048418,0.21668562127351,0.101987881806109,0,"Économique",0.21668562127351,0.101987881806109,1,1,1,0,0.108342810636755,0.0509939409030545,0.333333333333333,0,0.147801025461943,14.7801025461943,0.276537833424061,0.891657189363245,0.852198974538057,0.752850032245333,75.2850032245333,"SURVEILLER (FAIBLE VOLUME)"
"ESPACE MEDICAL ANADOR","Centre Medical","ABIDJAN",79,53,34,1605960,1571460,34500,30301.1320754717,47234.1176470588,0.021954106372418,1.55882352941176,0,33841.4752475248,1.23636363636364,0.0589823610679747,0.70752366692503,0.127184887899383,0.372214777009636,"Économique",0.70752366692503,0.127184887899383,1,2.39814814814815,1,1,0.353761833462515,0.0635924439496914,0.799382716049383,0.186107388504818,0.383631836888958,38.3631836888958,0.826891671203048,0.646238166537485,0.616368163111042,0.67042086610002,67.042086610002,"CONSERVER"
"ESPACE MEDICAL CONCORDE","Centre Medical","ABIDJAN",106,90,40,5307790,4658165,649625,58975.4444444444,132694.75,0.139459422326174,2.25,0,33841.4752475248,1.23636363636364,0.0589823610679747,1.37706151070322,0.183578187250996,2.36442590294838,"Coût Élevé",1.37706151070322,0.183578187250996,1,0.256944444444444,1,0,0.688530755351608,0.091789093625498,0.333333333333333,1,0.434095954693132,43.4095954693132,0.94393032117583,0.311469244648392,0.565904045306868,0.53973538021727,53.973538021727,"RENÉGOCIER"
"ESPACE MEDICAL DIEU-LA-FOI","Centre Medical","ABIDJAN",1,1,1,15000,15000,0,15000,15000,0,1,0,33841.4752475248,1.23636363636364,0.0589823610679747,0.350246155075717,0.0815903054448871,0,"Économique",0.350246155075717,0.0815903054448871,1,0,1,0,0.175123077537859,0.0407951527224436,0.333333333333333,0,0.164775469078091,16.4775469078091,0.119760479041916,0.824876922462141,0.835224530921909,0.687992677162004,68.7992677162003,"SURVEILLER (FAIBLE VOLUME)"
"ESPACE MEDICAL JADE","Centre Medical","ABIDJAN",282,201,88,5462001,5261348,200653,27174.1343283582,62068.1931818182,0.0381371846150454,2.28409090909091,0.00354609929078014,33841.4752475248,1.23636363636364,0.0589823610679747,0.633099077620719,0.185919293231777,0.646586266207518,"Économique",0.633099077620719,0.185919293231777,1,2.05555555555556,1,1,0.316549538810359,0.0929596466158883,0.685185185185185,0.323293133103759,0.360737624493806,36.0737624493806,0.945563418617311,0.683450461189641,0.639262375506194,0.718197818401796,71.8197818401796,"CONSERVER"
"ESPACE MEDICAL LA CITADELLE","Centre Medical","ABIDJAN",4,3,3,82500,82500,0,27500,27500,0,1,0,33841.4752475248,1.23636363636364,0.0589823610679747,0.642117950972148,0.0815903054448871,0,"Économique",0.642117950972148,0.0815903054448871,1,0,1,0,0.321058975486074,0.0407951527224436,0.333333333333333,0,0.208556238462555,20.8556238462555,0.349482852476864,0.678941024513926,0.791443761537445,0.658050484915921,65.8050484915921,"SURVEILLER (FAIBLE VOLUME)"
"ESPACE MEDICAL LE PHENIX","Centre Medical","ABIDJAN",85,58,25,1908419,1856594,51825,32903.775862069,76336.76,0.0279140188969694,2.32,0,33841.4752475248,1.23636363636364,0.0589823610679747,0.768294732210857,0.189289508632138,0.473260452642777,"Économique",0.768294732210857,0.189289508632138,1,1.72093023255814,1,0,0.384147366105428,0.0946447543160691,0.573643410852713,0.236630226321388,0.339393682014402,33.9393682014402,0.848121937942297,0.615852633894572,0.660606317985598,0.680207968340527,68.0207968340527,"CONSERVER"
"ESPACE MEDICAL LES RUCHES","Centre Medical","ABIDJAN",113,73,38,3522400,3219425,302975,48252.0547945205,92694.7368421053,0.094108419981829,1.92105263157895,0.0442477876106195,33841.4752475248,1.23636363636364,0.0589823610679747,1.10632046817354,0.154201722415984,1.59553497482702,"Standard",1.10632046817354,0.154201722415984,1,2.37179487179487,1,1,0.553160234086771,0.0771008612079919,0.790598290598291,0.797767487413509,0.506034564509267,50.6034564509267,0.91235710397387,0.446839765913229,0.493965435490733,0.558793501356359,55.8793501356359,"SURVEILLER"
"ESPACE MEDICAL PASTEUR","Centre Medical","HORS-ABIDJAN",23,21,7,320800,320800,7.95807864051312e-13,15276.1904761905,45828.5714285714,2.48069783058389e-18,3,0,33841.4752475248,1.23636363636364,0.0589823610679747,0.356695131899334,0.244770916334661,4.20582998996088e-17,"Économique",0.356695131899334,0.244770916334661,1,0.342592592592593,1,0,0.178347565949667,0.122385458167331,0.333333333333333,2.10291499498044e-17,0.190219907235099,19.0219907235099,0.559063690800218,0.821652434050333,0.809780092764901,0.764385748886137,76.4385748886137,"PRIVILÉGIER"
"ESPACE MEDICAL SAINT PAUL","Centre Medical","ABIDJAN",378,303,145,7538165,7484675,53490,24878.4323432343,51987.3448275862,0.00714660289190913,2.08965517241379,0.0238095238095238,33841.4752475248,1.23636363636364,0.0589823610679747,0.574119374770902,0.169037615332545,0.121165086688764,"Économique",0.574119374770902,0.169037615332545,1,0.290458937198068,1,0,0.287059687385451,0.0845188076662727,0.333333333333333,0.060582543344382,0.217531802849955,21.7531802849955,0.965160587915079,0.712940312614549,0.782468197150045,0.791195521488853,79.1195521488853,"PRIVILÉGIER"
"ESPACE MEDICAL SAINT SAUVEUR","Centre Medical","ABIDJAN",142,94,53,4281404.66666667,3882739,398665.666666666,45546.8581560284,80781.2201257861,0.102676401032021,1.77358490566038,0.00704225352112676,33841.4752475248,1.23636363636364,0.0589823610679747,1.05846676309147,0.14414044591298,1.74079842130583,"Standard",1.05846676309147,0.14414044591298,1,1.96212121212121,1,0,0.529233381545734,0.0720702229564898,0.654040404040404,0.870399210652913,0.46364312362808,46.364312362808,0.925966249319543,0.470766618454266,0.53635687637192,0.588042647794383,58.8042647794383,"SURVEILLER"
"ESPACE MEDICAL ST SIMON","Centre Medical","ABIDJAN",22,15,5,622325,544225,78100,41488.3333333333,124465,0.143506821627084,3,0.636363636363636,33841.4752475248,1.23636363636364,0.0589823610679747,0.746084104747547,0.234975128456789,2.43304640622472,"Économique",0.746084104747547,0.234975128456789,1,3.36363636363636,1,1,0.373042052373774,0.117487564228394,1,1,0.54715888498065,54.715888498065,0.66902558519325,0.626957947626226,0.45284111501935,0.56572474209688,56.572474209688,"SURVEILLER (FAIBLE VOLUME)"
"ESPACE MEDICAL YOPOUGON","Centre Medical","ABIDJAN",115,87,51,7561825,6626998,934827,86917.5287356322,148271.078431373,0.141063419666039,1.70588235294118,0.0347826086956522,33841.4752475248,1.23636363636364,0.0589823610679747,1.99865023329897,0.138054968006914,2.39162042874935,"Coût Élevé",1.99865023329897,0.138054968006914,1,0.573643410852713,1,0,0.999325116649484,0.0690274840034568,0.333333333333333,1,0.520505780195882,52.0505780195882,0.965704953728906,0.000674883350516353,0.479494219804118,0.385208632007635,38.5208632007635,"RENÉGOCIER"
"ESPACE MEDICO-CHIRURGICAL SAINT AUGUSTIN","Autre","HORS-ABIDJAN",5,5,3,134000,122800,11200,26800,44666.6666666667,0.0912052117263844,1.66666666666667,0,31737.9656862745,1,0.0133114157048418,0.625773130401948,0.135983842408145,6.85165377963592,"Économique",0.625773130401948,0.135983842408145,1,1,1,0,0.312886565200974,0.0679919212040726,0.333333333333333,1,0.314263545921514,31.4263545921514,0.418072945019053,0.687113434799026,0.685736454078486,0.632754544554815,63.2754544554815,"SURVEILLER (FAIBLE VOLUME)"
"ESPACE MEDICO-SOCIAL LA PYRAMIDE","Autre","ABIDJAN",1,1,1,5000,5000,0,5000,5000,0,1,0,31737.9656862745,1,0.0133114157048418,0.116748718358572,0.0815903054448871,0,"Économique",0.116748718358572,0.0815903054448871,1,1,1,0,0.0583743591792862,0.0407951527224436,0.333333333333333,0,0.129750853570519,12.9750853570519,0.0255851932498639,0.941625640820714,0.870249146429481,0.729866953550051,72.9866953550051,"SURVEILLER (FAIBLE VOLUME)"
"ESPACE OPTIC SAINTE RITA","Optique","ABIDJAN",2,2,2,853333.333333333,560000,293333.333333333,426666.666666667,426666.666666667,0.523809523809523,1,0,317347.222222222,1,0.452767755831414,9.96255729993151,0.0815903054448871,1.15690553724979,"Coût Élevé",9.96255729993151,0.0815903054448871,1,1,1,0,1,0.0407951527224436,0.333333333333333,0.578452768624895,0.470083822679222,47.0083822679223,0.729450190528035,0,0.529916177320777,0.357856509033918,35.7856509033918,"SURVEILLER (FAIBLE VOLUME)"
"ESPACE PARA-MEDICAL SUNSET","Centre Medical","ABIDJAN",1,1,1,36400,36400,0,36400,36400,0,1,0,33841.4752475248,1.23636363636364,0.0589823610679747,0.849930669650407,0.0815903054448871,0,"Économique",0.849930669650407,0.0815903054448871,1,0,1,0,0.424965334825203,0.0407951527224436,0.333333333333333,0,0.239728146264294,23.9728146264294,0.244964616222101,0.575034665174797,0.760271853735706,0.583115530808621,58.3115530808621,"SURVEILLER (FAIBLE VOLUME)"
"ESPACE SANTE MON ENFANT MON COEUR","Autre","ABIDJAN",7,6,3,180925,166725,14200,30154.1666666667,60308.3333333333,0.0851701904333483,2,0,31737.9656862745,1,0.0133114157048418,0.704092062300824,0.163180610889774,6.39828191995904,"Économique",0.704092062300824,0.163180610889774,1,1,1,0,0.352046031150412,0.0815903054448871,0.333333333333333,1,0.33009090097859,33.009090097859,0.457811649428416,0.647953968849588,0.66990909902141,0.618707557034083,61.8707557034082,"SURVEILLER (FAIBLE VOLUME)"
"ESPACE VERITABLE SANTE","Autre","HORS-ABIDJAN",1,1,1,15000,15000,0,15000,15000,0,1,0,31737.9656862745,1,0.0133114157048418,0.350246155075717,0.0815903054448871,0,"Économique",0.350246155075717,0.0815903054448871,1,1,1,0,0.175123077537859,0.0407951527224436,0.333333333333333,0,0.164775469078091,16.4775469078091,0.119760479041916,0.824876922462141,0.835224530921909,0.687992677162004,68.7992677162003,"SURVEILLER (FAIBLE VOLUME)"
"EURO OPTIQUE","Optique","HORS-ABIDJAN",6,6,6,1784166.66666667,1230000,554166.666666666,297361.111111111,297361.111111111,0.450542005420054,1,0,317347.222222222,1,0.452767755831414,6.94330572238065,0.0815903054448871,0.995084123410527,"Coût Élevé",6.94330572238065,0.0815903054448871,1,1,1,0,1,0.0407951527224436,0.333333333333333,0.497542061705263,0.461992751987259,46.1992751987259,0.839412084921067,0,0.538007248012741,0.38308531618931,38.308531618931,"SURVEILLER (FAIBLE VOLUME)"
"EUROP - OPTIC","Optique","ABIDJAN",2,2,2,710000,435000,275000,355000,355000,0.632183908045977,1,0,317347.222222222,1,0.452767755831414,8.28915900345864,0.0815903054448871,1.39626530357733,"Coût Élevé",8.28915900345864,0.0815903054448871,1,1,1,0,1,0.0407951527224436,0.333333333333333,0.698132651788667,0.4820518109956,48.20518109956,0.694066412629287,0,0.5179481890044,0.345992558127618,34.5992558127618,"SURVEILLER (FAIBLE VOLUME)"
"EXTRA VISION PLUS","Optique","ABIDJAN",1,1,1,333333.333333333,230000,103333.333333333,333333.333333333,333333.333333333,0.449275362318839,1,0,317347.222222222,1,0.452767755831414,7.78324789057149,0.0815903054448871,0.992286567522544,"Coût Élevé",7.78324789057149,0.0815903054448871,1,1,1,0,1,0.0407951527224436,0.333333333333333,0.496143283761272,0.46185287419286,46.185287419286,0.565051714752314,0,0.53814712580714,0.328269193273319,32.8269193273319,"SURVEILLER (FAIBLE VOLUME)"
"FARAH","Autre","ABIDJAN",2,2,2,2017455,2009955,7500,1008727.5,1008727.5,0.00373142682298857,1,0,31737.9656862745,1,0.0133114157048418,23.5535285596094,0.0815903054448871,0.280317804336268,"Coût Élevé",23.5535285596094,0.0815903054448871,1,1,1,0,1,0.0407951527224436,0.333333333333333,0.140158902168134,0.426254436033546,42.6254436033546,0.855743059335874,0,0.573745563966454,0.400646837453756,40.0646837453756,"SURVEILLER (FAIBLE VOLUME)"
"FASHION VISION SARL","Optique","ABIDJAN",4,4,4,1421111.11111111,980000,441111.111111111,355277.777777778,355277.777777778,0.450113378684807,1,0,317347.222222222,1,0.452767755831414,8.29564504336745,0.0815903054448871,0.99413744218218,"Coût Élevé",8.29564504336745,0.0815903054448871,1,1,1,0,1,0.0407951527224436,0.333333333333333,0.49706872109109,0.461945417925842,46.1945417925842,0.811105062602069,0,0.538054582074158,0.377442845350077,37.7442845350077,"SURVEILLER (FAIBLE VOLUME)"
"FDFP","Autre","ABIDJAN",2,2,2,12060,9925,2135,6030,6030,0.215113350125945,1,0,31737.9656862745,1,0.0133114157048418,0.140798954340438,0.0815903054448871,16.160065532902,"Économique",0.140798954340438,0.0815903054448871,1,1,1,0,0.0703994771702191,0.0407951527224436,0.333333333333333,1,0.233358388967799,23.3358388967799,0.0974414806750136,0.929600522829781,0.766641611032201,0.697985149679796,69.7985149679796,"SURVEILLER (FAIBLE VOLUME)"
"FONDATION DR JAVAD NURBAKHSH","Centre Medical","ABIDJAN",48,33,17,771450,760750,10700,23377.2727272727,45379.4117647059,0.0140650673677292,1.94117647058824,0,33841.4752475248,1.23636363636364,0.0589823610679747,0.54585332592558,0.158381181157722,0.238462264193185,"Économique",0.54585332592558,0.158381181157722,1,2.64285714285714,1,1,0.27292666296279,0.079190590578861,0.880952380952381,0.119231132096593,0.381844003557869,38.1844003557869,0.71094175285792,0.72707333703721,0.618155996442131,0.680280083963321,68.0280083963321,"CONSERVER"
"FRATERNITE VISION PLUS","Optique","ABIDJAN",3,3,3,1503333.33333333,970000,533333.333333333,501111.111111111,501111.111111111,0.549828178694158,1,0,317347.222222222,1,0.452767755831414,11.7008159954925,0.0815903054448871,1.21437132307382,"Coût Élevé",11.7008159954925,0.0815903054448871,1,1,1,0,1,0.0407951527224436,0.333333333333333,0.60718566153691,0.472957111970424,47.2957111970424,0.814915623298857,0,0.527042888029576,0.373800279871602,37.3800279871602,"SURVEILLER (FAIBLE VOLUME)"
"FSU ABOBO BAOULE","Centre Medical","ABIDJAN",1,1,1,3000,2500,500,3000,3000,0.2,1,0,33841.4752475248,1.23636363636364,0.0589823610679747,0.0700492310151434,0.0815903054448871,3.39084425205543,"Économique",0.0700492310151434,0.0815903054448871,1,0,1,0,0.0350246155075717,0.0407951527224436,0.333333333333333,1,0.222745930469005,22.2745930469005,0.0103429504627109,0.964975384492428,0.777254069530995,0.698960371701912,69.8960371701912,"SURVEILLER (FAIBLE VOLUME)"
"FSU EDMOND BASQUES","Centre Medical","ABIDJAN",10,9,9,136500,115000,21500,15166.6666666667,15166.6666666667,0.18695652173913,1,0,33841.4752475248,1.23636363636364,0.0589823610679747,0.354137779021003,0.0815903054448871,3.16970223561703,"Économique",0.354137779021003,0.0815903054448871,1,0.880952380952381,1,0,0.177068889510501,0.0407951527224436,0.333333333333333,1,0.265359212669883,26.5359212669883,0.419706042460534,0.822931110489499,0.734640787330117,0.706969967619953,70.6969967619953,"SURVEILLER (FAIBLE VOLUME)"
"FSU abobodoume","Centre Medical","ABIDJAN",1,1,1,7000,7000,0,7000,7000,0,1,0,33841.4752475248,1.23636363636364,0.0589823610679747,0.163448205702001,0.0815903054448871,0,"Économique",0.163448205702001,0.0815903054448871,1,0,1,0,0.0817241028510007,0.0407951527224436,0.333333333333333,0,0.136755776672033,13.6755776672033,0.0446379967338051,0.918275897148999,0.863244223327967,0.721535647537547,72.1535647537547,"SURVEILLER (FAIBLE VOLUME)"
"Formation Sanitaire Urbaine A base Communautaire d'Abobo Baoule","Centre Medical","ABIDJAN",5,3,2,13100,12400,700,4366.66666666667,6550,0.0564516129032258,1.5,0,33841.4752475248,1.23636363636364,0.0589823610679747,0.101960547366487,0.122385458167331,0.957093135660807,"Économique",0.101960547366487,0.122385458167331,1,2.05555555555556,1,0,0.0509802736832433,0.0611927290836653,0.685185185185185,0.478546567830404,0.287062113168668,28.7062113168668,0.106695699510071,0.949019726316757,0.712937886831332,0.68612218516125,68.612218516125,"SURVEILLER (FAIBLE VOLUME)"
"Formation sanitaire urbaine des 220 logements","Centre Medical","ABIDJAN",1,1,1,14000,14000,0,14000,14000,0,1,0,33841.4752475248,1.23636363636364,0.0589823610679747,0.326896411404003,0.0815903054448871,0,"Économique",0.326896411404003,0.0815903054448871,1,0,1,0,0.163448205702001,0.0407951527224436,0.333333333333333,0,0.161273007527333,16.1273007527333,0.111594991834513,0.836551794297999,0.838726992472667,0.692430513075169,69.2430513075169,"SURVEILLER (FAIBLE VOLUME)"
"GD PHCIE DU COMMERCE","Pharmacie","ABIDJAN",1,1,1,33370,33370,0,33370,33370,0,1,0,13117.5,1.17391304347826,0.0106522874796592,0.779180946325112,0.0815903054448871,0,"Économique",0.779180946325112,0.0815903054448871,1,1,1,0,0.389590473162556,0.0407951527224436,0.333333333333333,0,0.2291156877655,22.91156877655,0.232444202504083,0.610409526837444,0.7708843122345,0.599006376129594,59.9006376129594,"SURVEILLER (FAIBLE VOLUME)"
"GD PHCIE KENEYA","Pharmacie","ABIDJAN",1,1,1,7720,7720,0,7720,7720,0,1,0,13117.5,1.17391304347826,0.0106522874796592,0.180260021145636,0.0815903054448871,0,"Économique",0.180260021145636,0.0815903054448871,1,1,1,0,0.0901300105728179,0.0407951527224436,0.333333333333333,0,0.139277548988578,13.9277548988578,0.0538922155688623,0.909869989427182,0.860722451011422,0.719015419289214,71.9015419289214,"SURVEILLER (FAIBLE VOLUME)"
"GDE PHCIE MARIE ESTHER","Pharmacie","ABIDJAN",1,1,1,21850,21850,0,21850,21850,0,1,1,13117.5,1.17391304347826,0.0106522874796592,0.352426934860199,0.067516879219805,0,"Économique",0.352426934860199,0.067516879219805,1,1,1,0,0.176213467430099,0.0337584396099025,0.333333333333333,0,0.162991572112001,16.2991572112001,0.178007621121394,0.823786532569901,0.837008427888,0.699919508407439,69.9919508407439,"SURVEILLER (FAIBLE VOLUME)"
"GDE PHRCIE MARIE-ESTHER","Autre","ABIDJAN",1,1,1,20689,20689,0,20689,20689,0,1,1,31737.9656862745,1,0.0133114157048418,0.333700725644057,0.067516879219805,0,"Économique",0.333700725644057,0.067516879219805,1,1,1,0,0.166850362822029,0.0337584396099025,0.333333333333333,0,0.160182640729579,16.0182640729579,0.173652694610778,0.833149637177971,0.839817359270421,0.703917337501513,70.3917337501513,"SURVEILLER (FAIBLE VOLUME)"
"GENERAL OPTIC","Optique","ABIDJAN",11,11,11,3396222.22222222,2377000,1019222.22222222,308747.474747475,308747.474747475,0.428785116626934,1,0,317347.222222222,1,0.452767755831414,7.20917439464267,0.0815903054448871,0.947031035457813,"Coût Élevé",7.20917439464267,0.0815903054448871,1,1,1,0,1,0.0407951527224436,0.333333333333333,0.473515517728906,0.459590097589624,45.9590097589624,0.909635274904736,0,0.540409902410376,0.398091015945098,39.8091015945098,"SURVEILLER (FAIBLE VOLUME)"
"GLOIRE OPTICOL","Optique","ABIDJAN",8,8,8,2265000,1970000,295000,283125,283125,0.149746192893401,1,0,317347.222222222,1,0.452767755831414,6.61089617705416,0.0815903054448871,0.330735108595406,"Coût Élevé",6.61089617705416,0.0815903054448871,1,1,1,0,1,0.0407951527224436,0.333333333333333,0.165367554297703,0.428775301246503,42.8775301246503,0.8704409363092,0,0.571224698753497,0.402578066763239,40.2578066763239,"SURVEILLER (FAIBLE VOLUME)"
"GOLDEN OPTIC","Optique","HORS-ABIDJAN",1,1,1,205000,140000,65000,205000,205000,0.464285714285714,1,0,317347.222222222,1,0.452767755831414,4.78669745270147,0.0815903054448871,1.02543899892595,"Coût Élevé",4.78669745270147,0.0815903054448871,1,1,1,0,1,0.0407951527224436,0.333333333333333,0.512719499462975,0.463510495763031,46.3510495763031,0.479586281981492,0,0.53648950423697,0.310513058091086,31.0513058091086,"SURVEILLER (FAIBLE VOLUME)"
"GRAND CENTRE MEDICAL DE LA ROUTE D'AKEIKOI","Centre Medical","ABIDJAN",57,38,26,1606295,1569595,36700,42270.9210526316,61780.5769230769,0.0233818277963424,1.46153846153846,0.0175438596491228,33841.4752475248,1.23636363636364,0.0589823610679747,0.975523175359464,0.118298961807726,0.396420681928887,"Standard",0.975523175359464,0.118298961807726,1,1.64444444444444,1,0,0.487761587679732,0.0591494809038628,0.548148148148148,0.198210340964444,0.348338799115967,34.8338799115967,0.827436037016875,0.512238412320268,0.651661200884033,0.631047052685095,63.1047052685095,"CONSERVER"
"GRAND CENTRE MEDICAL DES FRONTIERES","Centre Medical","HORS-ABIDJAN",8,7,5,121500,121500,0,17357.1428571429,24300,0,1.4,0,33841.4752475248,1.23636363636364,0.0589823610679747,0.405284836587616,0.114226427622842,0,"Économique",0.405284836587616,0.114226427622842,1,0.880952380952381,1,0,0.202642418293808,0.057113213811421,0.333333333333333,0,0.177926689631569,17.7926689631569,0.399564507348939,0.797357581706192,0.822073310368431,0.727685258299637,72.7685258299637,"SURVEILLER (FAIBLE VOLUME)"
"GRANDE CLINIQUE DE LA ROUTE D'AKEIKOI","Clinique","ABIDJAN",8,5,2,608625,558925,49700,121725,304312.5,0.088920695978888,2.5,0,42616.7291666667,1.45454545454545,0.0745173990347981,2.84224754843944,0.203975763612218,1.19328770368601,"Coût Élevé",2.84224754843944,0.203975763612218,1,3,4.02,0,1,0.101987881806109,1,0.596643851843003,0.690260749726133,69.0260749726133,0.665215024496462,0,0.309739250273867,0.256938705008839,25.6938705008839,"SURVEILLER (FAIBLE VOLUME)"
"GRANDE CLINIQUE DU DOKUI","Clinique","ABIDJAN",107,78,47,4147395,3605520,541875,53171.7307692308,88242.4468085106,0.150290388071624,1.65957446808511,0,42616.7291666667,1.45454545454545,0.0745173990347981,1.24154628404295,0.1354051877596,2.01684962194455,"Standard",1.24154628404295,0.1354051877596,1,1.66935483870968,0,0,0.620773142021476,0.0677025938798,0.556451612903226,1,0.47347820464135,47.347820464135,0.924877517691889,0.379226857978524,0.52652179535865,0.547274964873247,54.7274964873247,"RENÉGOCIER"
"GRANDE CLINIQUE DU NORD","Clinique","HORS-ABIDJAN",59,38,26,2824019,2570318,253701,74316.2894736842,108616.115384615,0.0987041292166961,1.46153846153846,0,42616.7291666667,1.45454545454545,0.0745173990347981,1.73526630984346,0.119247369496373,1.32457829305883,"Coût Élevé",1.73526630984346,0.119247369496373,1,1.44642857142857,1.58684210526316,0,0.86763315492173,0.0596236847481867,0.482142857142857,0.662289146529413,0.489048823696773,48.9048823696773,0.893304300489929,0.13236684507827,0.510951176303227,0.435988068650585,43.5988068650585,"SURVEILLER"
"GRANDE CLINIQUE MEDICALE LE SPHINX","Clinique","ABIDJAN",280,181,119,8760100,7934300,825800,48398.3425414365,73614.2857142857,0.104079754987838,1.52100840336134,0.0464285714285714,42616.7291666667,1.45454545454545,0.0745173990347981,1.10816303719921,0.123450822493195,1.39671749599358,"Standard",1.10816303719921,0.123450822493195,1,1.546875,2.33204419889503,1,0.554081518599607,0.0617254112465975,0.515625,0.69835874799679,0.40926545375354,40.926545375354,0.973326075122482,0.445918481400393,0.59073454624646,0.609326426083237,60.9326426083237,"CONSERVER"
"GRANDE PHARMACIE BELLE FONTAINE","Pharmacie","HORS-ABIDJAN",33,31,20,366290,366290,0,11815.8064516129,18314.5,0,1.55,0,13117.5,1.17391304347826,0.0106522874796592,0.275896051919751,0.126464973439575,0,"Économique",0.275896051919751,0.126464973439575,1,1,1,0,0.137948025959876,0.0632324867197875,0.333333333333333,0,0.160354153803899,16.0354153803899,0.577572128470332,0.862051974040124,0.839645846196101,0.796193553788557,79.6193553788557,"PRIVILÉGIER"
"GRANDE PHARMACIE BELLE VILLE BKE","Pharmacie","HORS-ABIDJAN",9,9,6,69325,69325,0,7702.77777777778,11554.1666666667,0,1.5,0,13117.5,1.17391304347826,0.0106522874796592,0.17985788667129,0.122385458167331,0,"Économique",0.17985788667129,0.122385458167331,1,1,1,0,0.0899289433356448,0.0611927290836653,0.333333333333333,0,0.145336501725793,14.5336501725793,0.332063146434404,0.910071056664355,0.854663498274207,0.772306451262306,77.2306451262306,"SURVEILLER (FAIBLE VOLUME)"
"GRANDE PHARMACIE D'AKOUPE","Pharmacie","HORS-ABIDJAN",3,3,2,34815,34815,0,11605,17407.5,0,1.5,0,13117.5,1.17391304347826,0.0106522874796592,0.270973775310247,0.122385458167331,0,"Économique",0.270973775310247,0.122385458167331,1,1,1,0,0.135486887655123,0.0611927290836653,0.333333333333333,0,0.159003885021637,15.9003885021637,0.238432226456179,0.864513112344877,0.840996114978363,0.729890136220532,72.9890136220532,"SURVEILLER (FAIBLE VOLUME)"
"GRANDE PHARMACIE DE DABOU","Pharmacie","HORS-ABIDJAN",2,2,2,7583,7230,353,3791.5,3791.5,0.0488243430152144,1,0,13117.5,1.17391304347826,0.0106522874796592,0.0885305531313055,0.0815903054448871,4.58346088654158,"Économique",0.0885305531313055,0.0815903054448871,1,1,1,0,0.0442652765656527,0.0407951527224436,0.333333333333333,1,0.225518128786429,22.5518128786429,0.0511703864997278,0.955734723434347,0.774481871213571,0.702320715159113,70.2320715159113,"SURVEILLER (FAIBLE VOLUME)"
"GRANDE PHARMACIE DE GREMIAN","Pharmacie","HORS-ABIDJAN",52,52,37,714992,643570,71422,13749.8461538462,19324.1081081081,0.110977826809826,1.40540540540541,0,13117.5,1.17391304347826,0.0106522874796592,0.321055383217817,0.114667456300922,10.4182155261714,"Économique",0.321055383217817,0.114667456300922,1,1,1,0,0.160527691608908,0.0573337281504612,0.333333333333333,1,0.265358425927811,26.5358425927811,0.696243875884594,0.839472308391092,0.734641574072189,0.768894328162231,76.8894328162231,"PRIVILÉGIER"
"GRANDE PHARMACIE DE L'AGNEBY","Pharmacie","HORS-ABIDJAN",13,13,7,171010,166160,4850,13154.6153846154,24430,0.0291887337506018,1.85714285714286,0.153846153846154,13117.5,1.17391304347826,0.0106522874796592,0.287366084784591,0.147143281715716,2.74013762831115,"Économique",0.287366084784591,0.147143281715716,1,1,1,0,0.143683042392295,0.073571640857858,0.333333333333333,1,0.265176404975046,26.5176404975046,0.449101796407186,0.856316957607705,0.734823595024954,0.726276580334501,72.6276580334501,"SURVEILLER (FAIBLE VOLUME)"
"GRANDE PHARMACIE DE L'AMITIE","Pharmacie","ABIDJAN",6,6,3,87520,87520,0,14586.6666666667,29173.3333333333,0,2,0,13117.5,1.17391304347826,0.0106522874796592,0.340594927691409,0.163180610889774,0,"Économique",0.340594927691409,0.163180610889774,1,1,1,0,0.170297463845704,0.0815903054448871,0.333333333333333,0,0.175566330787177,17.5566330787177,0.356559608056614,0.829702536154296,0.824433669212823,0.73296640375817,73.296640375817,"SURVEILLER (FAIBLE VOLUME)"
"GRANDE PHARMACIE DE LA CAPITALE","Pharmacie","HORS-ABIDJAN",12,12,9,198875,197625,1250,16572.9166666667,22097.2222222222,0.00632511068943706,1.33333333333333,0.0833333333333333,13117.5,1.17391304347826,0.0106522874796592,0.373056694592916,0.106324560719142,0.593779570962108,"Économique",0.373056694592916,0.106324560719142,1,1,1,0,0.186528347296458,0.053162280359571,0.333333333333333,0.296889785481054,0.201596166844914,20.1596166844914,0.473053892215569,0.813471652703542,0.798403833155086,0.739360972786565,73.9360972786565,"SURVEILLER (FAIBLE VOLUME)"
"GRANDE PHARMACIE DES ARTS","Pharmacie","ABIDJAN",44,41,31,624013,606670,17343,15219.8292682927,20129.4516129032,0.0285872055648046,1.32258064516129,0.0227272727272727,13117.5,1.17391304347826,0.0106522874796592,0.35154086066335,0.107189023006218,2.68366823739902,"Économique",0.35154086066335,0.107189023006218,1,1,1,0,0.175770430331675,0.0535945115031088,0.333333333333333,1,0.268809482550435,26.8809482550435,0.670114316820904,0.824229569668325,0.731190517449565,0.756190898211337,75.6190898211337,"PRIVILÉGIER"
"GRANDE PHARMACIE DES BANQUES","Pharmacie","ABIDJAN",282,273,197,3714768,3510314,204454,13607.2087912088,18856.69035533,0.0582437924356625,1.38578680203046,0,13117.5,1.17391304347826,0.0106522874796592,0.317724837362225,0.113066768459158,5.46772630262566,"Économique",0.317724837362225,0.113066768459158,1,1,1,0,0.158862418681113,0.0565333842295791,0.333333333333333,1,0.264618740873207,26.4618740873207,0.916167664670659,0.841137581318887,0.735381259126793,0.813841069112404,81.3841069112404,"PRIVILÉGIER"
"GRANDE PHARMACIE DES LACS (EX PHARMACIE ANIEL)","Pharmacie","ABIDJAN",25,24,22,325592,325089,503,13566.3333333333,14799.6363636364,0.00154726859413884,1.09090909090909,0,13117.5,1.17391304347826,0.0106522874796592,0.316770405898369,0.0890076059398769,0.145252237802762,"Économique",0.316770405898369,0.0890076059398769,1,1,1,0,0.158385202949185,0.0445038029699384,0.333333333333333,0.0726261189013809,0.168129313665875,16.8129313665875,0.561241154055525,0.841614797050815,0.831870686334125,0.781642424165081,78.1642424165081,"PRIVILÉGIER"
"GRANDE PHARMACIE DU 16 EME","Pharmacie","ABIDJAN",1,1,1,6280,6280,0,6280,6280,0,1,0,13117.5,1.17391304347826,0.0106522874796592,0.146636390258367,0.0815903054448871,0,"Économique",0.146636390258367,0.0815903054448871,1,1,1,0,0.0733181951291835,0.0407951527224436,0.333333333333333,0,0.134234004355488,13.4234004355488,0.0424605334784975,0.926681804870817,0.865765995644512,0.725471226901831,72.5471226901831,"SURVEILLER (FAIBLE VOLUME)"
"GRANDE PHARMACIE DU COMMERCE","Pharmacie","ABIDJAN",117,112,87,2207085,2188405,18680,19706.1160714286,25368.7931034483,0.00853589714883671,1.28735632183908,0.0341880341880342,13117.5,1.17391304347826,0.0106522874796592,0.452892098556007,0.104038730987541,0.801320576931127,"Économique",0.452892098556007,0.104038730987541,1,1,1,0,0.226446049278003,0.0520193654937705,0.333333333333333,0.400660288465563,0.223605653278089,22.3605653278088,0.866630375612412,0.773553950721997,0.776394346721911,0.793305394100046,79.3305394100046,"PRIVILÉGIER"
"GRANDE PHARMACIE DU JUBILE","Pharmacie","ABIDJAN",115,113,86,1558435,1558435,0,13791.4601769911,18121.3372093023,0,1.31395348837209,0.0347826086956522,13117.5,1.17391304347826,0.0106522874796592,0.317003779160115,0.106431970837045,0,"Économique",0.317003779160115,0.106431970837045,1,1,1,0,0.158501889580057,0.0532159854185226,0.333333333333333,0,0.163515362499574,16.3515362499574,0.820903647250953,0.841498110419943,0.836484637500426,0.835373828618338,83.5373828618338,"PRIVILÉGIER"
"GRANDE PHARMACIE DU SANWI - ABOISSO","Pharmacie","HORS-ABIDJAN",3,3,1,58305,55825,2480,19435,58305,0.0444245409762651,3,0,13117.5,1.17391304347826,0.0106522874796592,0.453802268259771,0.244770916334661,4.17042264969801,"Économique",0.453802268259771,0.244770916334661,1,1,1,0,0.226901134129885,0.122385458167331,0.333333333333333,1,0.304785977689165,30.4785977689165,0.305389221556886,0.773098865870115,0.695214022310835,0.648402999583757,64.8402999583757,"SURVEILLER (FAIBLE VOLUME)"
"GRANDE PHARMACIE GESCO FOURRIERE","Pharmacie","ABIDJAN",5,5,4,45340,39970,5370,9068,11335,0.134350763072304,1.25,0,13117.5,1.17391304347826,0.0106522874796592,0.211735475615107,0.101987881806109,12.6123861498153,"Économique",0.211735475615107,0.101987881806109,1,1,1,0,0.105867737807553,0.0509939409030545,0.333333333333333,1,0.247058503613182,24.7058503613182,0.274360370168753,0.894132262192447,0.752941496386818,0.713701577465456,71.3701577465456,"SURVEILLER (FAIBLE VOLUME)"
"GRANDE PHARMACIE KAVOUDRO","Pharmacie","HORS-ABIDJAN",2,2,2,64155,45705,18450,32077.5,32077.5,0.403675746636035,1,0,13117.5,1.17391304347826,0.0106522874796592,0.749001402629421,0.0815903054448871,37.8956864811305,"Économique",0.749001402629421,0.0815903054448871,1,1,1,0,0.374500701314711,0.0407951527224436,0.333333333333333,1,0.324588756211146,32.4588756211146,0.319542732716385,0.625499298685289,0.675411243788854,0.584272763532934,58.4272763532934,"SURVEILLER (FAIBLE VOLUME)"
"GRANDE PHARMACIE KENEYA","Pharmacie","ABIDJAN",3,3,2,22415,22315,100,7471.66666666667,11207.5,0.00448129061169617,1.5,0,13117.5,1.17391304347826,0.0106522874796592,0.17446150146716,0.122385458167331,0.420688102931254,"Économique",0.17446150146716,0.122385458167331,1,1,1,0,0.08723075073358,0.0611927290836653,0.333333333333333,0.210344051465627,0.165561449091736,16.5561449091736,0.182362547632009,0.91276924926642,0.834438550908264,0.735355629596275,73.5355629596275,"SURVEILLER (FAIBLE VOLUME)"
"GRANDE PHARMACIE MAHANDIANA","Pharmacie","ABIDJAN",2,2,2,25385,25385,0,12692.5,12692.5,0,1,0,13117.5,1.17391304347826,0.0106522874796592,0.296366621553236,0.0815903054448871,0,"Économique",0.296366621553236,0.0815903054448871,1,1,1,0,0.148183310776618,0.0407951527224436,0.333333333333333,0,0.156693539049718,15.6693539049718,0.200870985302123,0.851816689223382,0.843306460950282,0.71822345712989,71.822345712989,"SURVEILLER (FAIBLE VOLUME)"
"GRANDE PHARMACIE MARIE-ESTHER","Pharmacie","ABIDJAN",144,140,82,1672697,1652788,19909,11947.8357142857,20398.743902439,0.0120457070114255,1.70731707317073,0.0138888888888889,13117.5,1.17391304347826,0.0106522874796592,0.277206156226778,0.13859590303179,1.13080941858048,"Économique",0.277206156226778,0.13859590303179,1,1,1,0,0.138603078113389,0.0692979515158951,0.333333333333333,0.565404709290241,0.218910779817809,21.8910779817809,0.831246597713664,0.861396921886611,0.781089220182191,0.823243776370254,82.3243776370254,"PRIVILÉGIER"
"GRANDE PHARMACIE MOROFE","Pharmacie","HORS-ABIDJAN",9,9,8,75374,75370,4,8374.88888888889,9421.75,5.3071513864933e-05,1.125,0,13117.5,1.17391304347826,0.0106522874796592,0.195551508834645,0.091789093625498,0.00498217063389197,"Économique",0.195551508834645,0.091789093625498,1,1,1,0,0.0977757544173226,0.045894546812749,0.333333333333333,0.00249108531694598,0.143350198900716,14.3350198900716,0.340772999455634,0.902224245582677,0.856649801099284,0.771704218563911,77.1704218563911,"SURVEILLER (FAIBLE VOLUME)"
"GRANDE PHARMACIE ROUTE DE DABOU","Pharmacie","HORS-ABIDJAN",40,38,24,664043,661420,2623,17474.8157894737,27668.4583333333,0.0039657101387923,1.58333333333333,0,13117.5,1.17391304347826,0.0106522874796592,0.408032469394639,0.129184650287738,0.37228718680048,"Économique",0.408032469394639,0.129184650287738,1,1,1,0,0.20401623469732,0.064592325143869,0.333333333333333,0.18614359340024,0.199196927292381,19.9196927292381,0.682090364725095,0.79598376530268,0.800803072707619,0.775132808149139,77.5132808149139,"PRIVILÉGIER"
"GRANDE PHARMACIE SAINT AMBROISE DE PORT BOUET","Pharmacie","ABIDJAN",8,8,8,95900,95900,0,11987.5,11987.5,0,1,0,13117.5,1.17391304347826,0.0106522874796592,0.279905052264677,0.0815903054448871,0,"Économique",0.279905052264677,0.0815903054448871,1,1,1,0,0.139952526132339,0.0407951527224436,0.333333333333333,0,0.154224303656435,15.4224303656435,0.370168753402286,0.860047473867661,0.845775696343565,0.756363018764948,75.6363018764948,"SURVEILLER (FAIBLE VOLUME)"
"GRANDE PHARMACIE SAINT GILBERT DES 2 POTEAUX","Pharmacie","ABIDJAN",2,2,2,51295,51295,0,25647.5,25647.5,0,1,0,13117.5,1.17391304347826,0.0106522874796592,0.598862550820297,0.0815903054448871,0,"Économique",0.598862550820297,0.0815903054448871,1,1,1,0,0.299431275410149,0.0407951527224436,0.333333333333333,0,0.202067928439778,20.2067928439778,0.287969515514426,0.700568724589852,0.797932071560222,0.656994221562915,65.6994221562915,"SURVEILLER (FAIBLE VOLUME)"
"GRANDE PLANETE VISION","Optique","ABIDJAN",1,1,1,380000,240000,140000,380000,380000,0.583333333333333,1,0,317347.222222222,1,0.452767755831414,8.8729025952515,0.0815903054448871,1.28837207557363,"Coût Élevé",8.8729025952515,0.0815903054448871,1,1,1,0,1,0.0407951527224436,0.333333333333333,0.644186037786815,0.476657149595415,47.6657149595415,0.584648884050082,0,0.523342850404585,0.32626691697185,32.626691697185,"SURVEILLER (FAIBLE VOLUME)"
"GRDE PHARMACIE DU JUBILE","Pharmacie","ABIDJAN",1,1,1,15185,12980,2205,15185,15185,0.169876733436055,1,0,13117.5,1.17391304347826,0.0106522874796592,0.354565857654984,0.0815903054448871,15.9474416889743,"Économique",0.354565857654984,0.0815903054448871,1,1,1,0,0.177282928827492,0.0407951527224436,0.333333333333333,1,0.265423424464981,26.5423424464981,0.132280892759935,0.822717071172508,0.734576575535019,0.649373637234998,64.9373637234998,"SURVEILLER (FAIBLE VOLUME)"
"GRDE PHCIE DES BANQUES","Pharmacie","ABIDJAN",3,3,3,38240,38240,0,12746.6666666667,12746.6666666667,0,1,0,13117.5,1.17391304347826,0.0106522874796592,0.297631399335454,0.0815903054448871,0,"Économique",0.297631399335454,0.0815903054448871,1,1,1,0,0.148815699667727,0.0407951527224436,0.333333333333333,0,0.156883255717051,15.6883255717051,0.252041371801851,0.851184300332273,0.843116744282949,0.728128692206459,72.8128692206459,"SURVEILLER (FAIBLE VOLUME)"
"GROUP MEDICAL BIO INDENIE","Centre Medical","HORS-ABIDJAN",76,42,22,1342000,1271600,70400,31952.380952381,61000,0.055363321799308,1.90909090909091,0,33841.4752475248,1.23636363636364,0.0589823610679747,0.746079904939067,0.155763310394784,0.938642007489393,"Économique",0.746079904939067,0.155763310394784,1,4.35294117647059,1,1,0.373039952469534,0.0778816551973922,1,0.469321003744696,0.482208582674547,48.2208582674547,0.800762112139358,0.626960047530466,0.517791417325453,0.618053008370239,61.8053008370239,"CONSERVER"
"GROUPE MEDICAL AKADI","Centre Medical","ABIDJAN",28,16,9,1064900,1000100,64800,66556.25,118322.222222222,0.0647935206479352,1.77777777777778,0,33841.4752475248,1.23636363636364,0.0589823610679747,1.55407137725055,0.145049431902022,1.09852368529743,"Coût Élevé",1.55407137725055,0.145049431902022,1,3.7948717948718,1,1,0.777035688625273,0.0725247159510108,1,0.549261842648715,0.609794305637757,60.9794305637757,0.767555797495917,0.222964311374727,0.390205694362243,0.398779161793971,39.8779161793971,"SURVEILLER (FAIBLE VOLUME)"
"GROUPE MEDICAL BOZOUMA","Centre Medical","ABIDJAN",187,110,65,4944018,4668650,275368,44945.6181818182,76061.8153846154,0.0589823610679747,1.69230769230769,0.0160427807486631,33841.4752475248,1.23636363636364,0.0589823610679747,1.04099584764404,0.137634532816418,1,"Standard",1.04099584764404,0.137634532816418,1,3.24561403508772,1,1,0.520497923822021,0.0688172664082088,1,0.5,0.526794557069069,52.6794557069069,0.936853565596081,0.479502076177979,0.473205442930931,0.56845372076278,56.845372076278,"SURVEILLER"
"GROUPE MEDICAL CI TECHNO","Centre Medical","ABIDJAN",14,9,4,328225,310475,17750,36469.4444444444,82056.25,0.0571704646106772,2.25,0,33841.4752475248,1.23636363636364,0.0589823610679747,0.851552179627609,0.183578187250996,0.969280706562266,"Économique",0.851552179627609,0.183578187250996,1,3.08333333333333,1,0,0.425776089813805,0.091789093625498,1,0.484640353281133,0.503733590359904,50.3733590359904,0.56396298312466,0.574223910186195,0.496266409640096,0.540988724555449,54.0988724555449,"SURVEILLER (FAIBLE VOLUME)"
"GROUPE MEDICAL D'URGENCE","Centre Medical","ABIDJAN",2,2,2,32500,32500,0,16250,16250,0,1,0,33841.4752475248,1.23636363636364,0.0589823610679747,0.37943333466536,0.0815903054448871,0,"Économique",0.37943333466536,0.0815903054448871,1,0,1,0,0.18971666733268,0.0407951527224436,0.333333333333333,0,0.169153546016537,16.9153546016537,0.227000544365814,0.81028333266732,0.830846453983463,0.701852023533476,70.1852023533476,"SURVEILLER (FAIBLE VOLUME)"
"GROUPE MEDICAL DE L'AMITIE","Centre Medical","ABIDJAN",35,31,20,2549850,2026800,523050,82253.2258064516,127492.5,0.258066903493191,1.55,0.0285714285714286,33841.4752475248,1.23636363636364,0.0589823610679747,1.89325238219449,0.125160531112517,4.37532338177816,"Coût Élevé",1.89325238219449,0.125160531112517,1,0,1,0,0.946626191097247,0.0625802655562583,0.333333333333333,1,0.502761936996052,50.2761936996052,0.88622754491018,0.0533738089027532,0.497238063003948,0.397490257744717,39.7490257744717,"SURVEILLER"
"GROUPE MEDICAL DU PLATEAU","Centre Medical","ABIDJAN",1,1,1,15870,15870,0,15870,15870,0,1,1,33841.4752475248,1.23636363636364,0.0589823610679747,0.255973247424776,0.067516879219805,0,"Économique",0.255973247424776,0.067516879219805,1,0,1,0,0.127986623712388,0.0337584396099025,0.333333333333333,0,0.148523518996687,14.8523518996687,0.138813282525857,0.872013376287612,0.851476481003313,0.717158599421542,71.7158599421542,"SURVEILLER (FAIBLE VOLUME)"
"GROUPE MEDICAL DU PLATEAU - PHARMACIE FE LA RIVIERA GOLF","Pharmacie","ABIDJAN",1,1,1,18420,18420,0,18420,18420,0,1,0,13117.5,1.17391304347826,0.0106522874796592,0.430102278432981,0.0815903054448871,0,"Économique",0.430102278432981,0.0815903054448871,1,1,1,0,0.21505113921649,0.0407951527224436,0.333333333333333,0,0.17675388758168,17.675388758168,0.16113228089276,0.78494886078351,0.82324611241832,0.675504445459284,67.5504445459284,"SURVEILLER (FAIBLE VOLUME)"
"GROUPE MEDICAL EL RAPHA","Centre Medical","HORS-ABIDJAN",97,83,66,6261760,5389960,871800,75442.891566265,94875.1515151515,0.161745170650617,1.25757575757576,0,33841.4752475248,1.23636363636364,0.0589823610679747,1.76157217992524,0.102605990180691,2.74226341099185,"Coût Élevé",1.76157217992524,0.102605990180691,1,1.14728682170543,1,0,0.88078608996262,0.0513029950903457,0.382428940568475,1,0.494355407686432,49.4355407686432,0.954273271638541,0.11921391003738,0.505644592313568,0.440798055268088,44.0798055268088,"RENÉGOCIER"
"GROUPE MEDICAL HANNIEL","Centre Medical","HORS-ABIDJAN",170,105,53,4440550,4305350,135200,42290.9523809524,83783.962264151,0.0314027895525335,1.9811320754717,0.0117647058823529,33841.4752475248,1.23636363636364,0.0589823610679747,0.983290773576355,0.161007944902796,0.532409842263572,"Standard",0.983290773576355,0.161007944902796,1,2.69791666666667,1,1,0.491645386788177,0.0805039724513982,0.899305555555555,0.266204921131786,0.468056966551718,46.8056966551718,0.928688078388677,0.508354613211823,0.531943033448282,0.601856674341777,60.1856674341777,"CONSERVER"
"GROUPE MEDICAL LES ORTIES","Centre Medical","ABIDJAN",17,10,7,655625,554750,100875,65562.5,93660.7142857143,0.181838666065795,1.42857142857143,0,33841.4752475248,1.23636363636364,0.0589823610679747,1.53086756947678,0.116557579206982,3.08293297815315,"Coût Élevé",1.53086756947678,0.116557579206982,1,3.42592592592593,1,0,0.76543378473839,0.0582787896034908,1,1,0.647113772302564,64.7113772302564,0.678279804028307,0.23456621526161,0.352886227697436,0.37063693798928,37.063693798928,"SURVEILLER (FAIBLE VOLUME)"
"GROUPE MEDICAL PROMETHEE","Centre Medical","ABIDJAN",261,211,148,6534746,6313791,220955,30970.3601895735,44153.6891891892,0.0349956151541918,1.42567567567568,0.00766283524904215,33841.4752475248,1.23636363636364,0.0589823610679747,0.720094498468359,0.115994580498207,0.593323402463677,"Économique",0.720094498468359,0.115994580498207,1,1.23333333333333,1,0,0.36004724923418,0.0579972902491035,0.411111111111111,0.296661701231838,0.278412865301502,27.8412865301502,0.957539466521502,0.63995275076582,0.721587134698498,0.736123847490028,73.6123847490028,"CONSERVER"
"GROUPE MEDICAL SAINT SAUVEUR","Centre Medical","HORS-ABIDJAN",33,17,12,885225,837625,47600,52072.0588235294,73768.75,0.056827339203104,1.41666666666667,0,33841.4752475248,1.23636363636364,0.0589823610679747,1.21586922598785,0.115586266046923,0.963463282482248,"Standard",1.21586922598785,0.115586266046923,1,3.08333333333333,1,1,0.607934612993925,0.0577931330234617,1,0.481731641241124,0.547891487929328,54.7891487929328,0.737615677735438,0.392065387006075,0.452108512070672,0.485192695177786,48.5192695177786,"SURVEILLER (FAIBLE VOLUME)"
"GROUPE MEDICAL SAINTE FAMILLE SARL","Centre Medical","HORS-ABIDJAN",21,15,12,586725,515725,71000,39115,48893.75,0.137670270008241,1.25,0.0476190476190476,33841.4752475248,1.23636363636364,0.0589823610679747,0.886858241942418,0.100246573105213,2.33409221868181,"Économique",0.886858241942418,0.100246573105213,1,2.24242424242424,1,1,0.443429120971209,0.0501232865526064,0.747474747474747,1,0.472308146499569,47.2308146499569,0.658138268916712,0.556570879028791,0.527691853500431,0.565332746795031,56.5332746795031,"SURVEILLER (FAIBLE VOLUME)"
"GROUPE MEDICAL SAINTE JEANNE ELEONORE (EX CL. STE JANE LEORA)","Centre Medical","ABIDJAN",96,52,22,6977029,5899705,1077324,134173.634615385,317137.681818182,0.182606418456516,2.36363636363636,0,33841.4752475248,1.23636363636364,0.0589823610679747,3.13291997577151,0.192849812869733,3.09594962205853,"Coût Élevé",3.13291997577151,0.192849812869733,1,2.17647058823529,1,1,1,0.0964249064348666,0.725490196078431,1,0.646574530753989,64.6574530753989,0.960805661404464,0,0.353425469246011,0.333531319979297,33.3531319979297,"RENÉGOCIER"
"GROUPE MEDICAL SAPHIR","Centre Medical","ABIDJAN",1,1,1,30000,30000,0,30000,30000,0,1,0,33841.4752475248,1.23636363636364,0.0589823610679747,0.700492310151434,0.0815903054448871,0,"Économique",0.700492310151434,0.0815903054448871,1,0,1,0,0.350246155075717,0.0407951527224436,0.333333333333333,0,0.217312392339448,21.7312392339448,0.214480130647795,0.649753844924283,0.782687607660552,0.615872607163493,61.5872607163493,"SURVEILLER (FAIBLE VOLUME)"
"GROUPE MEDICAL ZOE","Centre Medical","ABIDJAN",234,164,82,8421750,7030500,1391250,51352.1341463415,102704.268292683,0.197887774695968,2,0.00854700854700855,33841.4752475248,1.23636363636364,0.0589823610679747,1.19254882753907,0.162355200694383,3.35503311689931,"Standard",1.19254882753907,0.162355200694383,1,2.93069306930693,1,1,0.596274413769536,0.0811776003471914,0.976897689768977,1,0.596304911165711,59.6304911165711,0.970604246053348,0.403725586230464,0.403695088834289,0.517089119236571,51.7089119236571,"SURVEILLER"
"GROUPE MEDICO CHIRURGICAL ARCHE DE ZOHE","Autre","HORS-ABIDJAN",218,129,63,8438870,8231610,207260,65417.5968992248,133950.317460317,0.0251785495182595,2.04761904761905,0,31737.9656862745,1,0.0133114157048418,1.52748411921644,0.167065863530007,1.89150050427027,"Coût Élevé",1.52748411921644,0.167065863530007,1,1,1,0,0.763742059608222,0.0835329317650035,0.333333333333333,0.945750252135135,0.448757522625481,44.8757522625481,0.971148611867175,0.236257940391778,0.551242477374519,0.509229889479954,50.9229889479954,"RENÉGOCIER"
"GUISSI OPTIC","Optique","ABIDJAN",10,10,10,2210000,2080000,130000,221000,221000,0.0624999999999999,1,0.1,317347.222222222,1,0.452767755831414,4.93918908475428,0.0799243379320619,0.138039865240032,"Coût Élevé",4.93918908475428,0.0799243379320619,1,1,1,0,1,0.0399621689660309,0.333333333333333,0.0690199326200158,0.418890643951811,41.8890643951811,0.867174741426238,0,0.581109356048189,0.405878690704523,40.5878690704523,"SURVEILLER (FAIBLE VOLUME)"
"H G GAGNOA","Autre","HORS-ABIDJAN",1,1,1,10000,10000,0,10000,10000,0,1,0,31737.9656862745,1,0.0133114157048418,0.233497436717145,0.0815903054448871,0,"Économique",0.233497436717145,0.0815903054448871,1,1,1,0,0.116748718358572,0.0407951527224436,0.333333333333333,0,0.147263161324305,14.7263161324305,0.0724006532389766,0.883251281641428,0.852736838675695,0.708875378774644,70.8875378774644,"SURVEILLER (FAIBLE VOLUME)"
"H- VISION","Optique","ABIDJAN",18,18,18,5576666.66666667,3930000,1646666.66666667,309814.814814815,309814.814814815,0.418999151823579,1,0.0555555555555556,317347.222222222,1,0.452767755831414,7.05855305363984,0.0806562917868965,0.925417383254632,"Coût Élevé",7.05855305363984,0.0806562917868965,1,1,1,0,1,0.0403281458934483,0.333333333333333,0.462708691627316,0.458369312930766,45.8369312930766,0.946652150244965,0,0.541630687069234,0.405982704876687,40.5982704876686,"SURVEILLER (FAIBLE VOLUME)"
"HG DE TANDA","Autre","HORS-ABIDJAN",2,1,1,12205,12205,0,12205,12205,0,1,0,31737.9656862745,1,0.0133114157048418,0.284983621513275,0.0815903054448871,0,"Économique",0.284983621513275,0.0815903054448871,1,1,1,0,0.142491810756638,0.0407951527224436,0.333333333333333,0,0.154986089043724,15.4986089043724,0.0979858464888405,0.857508189243362,0.845013910956276,0.700606009377623,70.0606009377623,"SURVEILLER (FAIBLE VOLUME)"
"HG Tiassale","Autre","HORS-ABIDJAN",1,1,1,5200,3950,1250,5200,5200,0.316455696202532,1,0,31737.9656862745,1,0.0133114157048418,0.121418667092915,0.0815903054448871,23.7732562200297,"Économique",0.121418667092915,0.0815903054448871,1,1,1,0,0.0607093335464576,0.0407951527224436,0.333333333333333,1,0.23045134588067,23.045134588067,0.0310288513881328,0.939290666453542,0.76954865411933,0.689741498506775,68.9741498506775,"SURVEILLER (FAIBLE VOLUME)"
"HGK","Autre","ABIDJAN",1,1,1,22300,16000,6300,22300,22300,0.39375,1,0,31737.9656862745,1,0.0133114157048418,0.520699283879233,0.0815903054448871,29.5798740517719,"Économique",0.520699283879233,0.0815903054448871,1,1,1,0,0.260349641939616,0.0407951527224436,0.333333333333333,1,0.290343438398618,29.0343438398618,0.181273816004355,0.739650358060383,0.709656561601382,0.615977531065577,61.5977531065577,"SURVEILLER (FAIBLE VOLUME)"
"HOLLYWOOD OPTICAL - COCODY","Optique","ABIDJAN",1,1,1,313333.333333333,240000,73333.3333333333,313333.333333333,313333.333333333,0.305555555555555,1,0,317347.222222222,1,0.452767755831414,7.3162530171372,0.0815903054448871,0.674861563395711,"Coût Élevé",7.3162530171372,0.0815903054448871,1,1,1,0,1,0.0407951527224436,0.333333333333333,0.337430781697855,0.445981623986519,44.5981623986519,0.556341861731083,0,0.554018376013481,0.332875722751609,33.2875722751609,"SURVEILLER (FAIBLE VOLUME)"
"HOLLYWOOD OPTICAL - MARCORY","Optique","ABIDJAN",1,1,1,293333.333333333,230000,63333.3333333333,293333.333333333,293333.333333333,0.27536231884058,1,0,317347.222222222,1,0.452767755831414,6.84925814370291,0.0815903054448871,0.60817563815898,"Coût Élevé",6.84925814370291,0.0815903054448871,1,1,1,0,1,0.0407951527224436,0.333333333333333,0.30408781907949,0.442647327724682,44.2647327724682,0.542732716385411,0,0.557352672275318,0.331487612187209,33.1487612187209,"SURVEILLER (FAIBLE VOLUME)"
"HOLLYWOOD OPTICAL - PLATEAU","Optique","ABIDJAN",8,8,8,4081388.88888889,2590000,1491388.88888889,510173.611111111,510173.611111111,0.575825825825826,1,0,317347.222222222,1,0.452767755831414,11.9124230475174,0.0815903054448871,1.27179071037963,"Coût Élevé",11.9124230475174,0.0815903054448871,1,1,1,0,1,0.0407951527224436,0.333333333333333,0.635895355189816,0.475828081335715,47.5828081335715,0.923788786064235,0,0.524171918664285,0.394426524678561,39.4426524678561,"SURVEILLER (FAIBLE VOLUME)"
"HOLLYWOOD OPTICAL - PORT BOUET","Optique","ABIDJAN",1,1,1,640000,380000,260000,640000,640000,0.68421052631579,1,0,317347.222222222,1,0.452767755831414,14.9438359498973,0.0815903054448871,1.51117326157509,"Coût Élevé",14.9438359498973,0.0815903054448871,1,1,1,0,1,0.0407951527224436,0.333333333333333,0.755586630787543,0.487797208895487,48.7797208895487,0.676102340773,0,0.512202791104513,0.340101584596405,34.0101584596405,"SURVEILLER (FAIBLE VOLUME)"
"HOLY VISION BOUAKE","Optique","HORS-ABIDJAN",8,8,8,3310296,2616688,693608,413787,413787,0.265070959931027,1,0,317347.222222222,1,0.452767755831414,9.66182038468772,0.0815903054448871,0.585445753406798,"Coût Élevé",9.66182038468772,0.0815903054448871,1,1,1,0,1,0.0407951527224436,0.333333333333333,0.292722876703399,0.441510833487073,44.1510833487073,0.908002177463255,0,0.558489166512927,0.404996102097822,40.4996102097822,"SURVEILLER (FAIBLE VOLUME)"
"HOLY VISION YOPOUGON","Optique","ABIDJAN",2,2,2,427000,385000,42000,213500,213500,0.109090909090909,1,0,317347.222222222,1,0.452767755831414,4.98517027391104,0.0815903054448871,0.240942310237146,"Coût Élevé",4.98517027391104,0.0815903054448871,1,1,1,0,1,0.0407951527224436,0.333333333333333,0.120471155118573,0.42428566132859,42.428566132859,0.607512248230811,0,0.57571433867141,0.351788185114726,35.1788185114726,"SURVEILLER (FAIBLE VOLUME)"
"HOME MEDICAL SERVICE","Centre Medical","ABIDJAN",8,8,7,189655,170840,18815,23706.875,27093.5714285714,0.110132287520487,1.14285714285714,0,33841.4752475248,1.23636363636364,0.0589823610679747,0.553549454507376,0.0932460633655853,1.8672071705228,"Économique",0.553549454507376,0.0932460633655853,1,0,1,0,0.276774727253688,0.0466230316827926,0.333333333333333,0.933603585261399,0.290379686207084,29.0379686207084,0.464888405008165,0.723225272746312,0.709620313792916,0.666115915617324,66.6115915617324,"SURVEILLER (FAIBLE VOLUME)"
"HOME MEDICAL SERVICE - II PLATEAU","Centre Medical","ABIDJAN",460,324,163,23246261,19202769,4043492,71747.7191358025,142615.098159509,0.210568173787853,1.98773006134969,0.00217391304347826,33841.4752475248,1.23636363636364,0.0589823610679747,1.67297938729329,0.161972373887919,3.57001940877176,"Coût Élevé",1.67297938729329,0.161972373887919,1,1.58745874587459,1,0,0.836489693646647,0.0809861869439596,0.529152915291529,1,0.533988638764641,53.3988638764641,0.99292324442025,0.163510306353353,0.466011361235359,0.450393315919535,45.0393315919535,"RENÉGOCIER"
"HOPE ROAD HOSPITAL","Hopital","ABIDJAN",20,15,11,326900,303800,23100,21793.3333333333,29718.1818181818,0.076036866359447,1.36363636363636,0,15500,1,0,0.508868747085564,0.111259507424846,0,"Économique",0.508868747085564,0.111259507424846,1,1,1,0,0.254434373542782,0.055629753712423,0.333333333333333,0,0.193019238176562,19.3019238176562,0.562329885683179,0.745565626457218,0.806980761823438,0.733484532448898,73.3484532448898,"SURVEILLER (FAIBLE VOLUME)"
"HOPITAL BAPTISTE DE FERKESSEDOUGOU","Hopital","HORS-ABIDJAN",6,3,3,147500,120000,27500,49166.6666666667,49166.6666666667,0.229166666666667,1,0,15500,1,0,1.1480290638593,0.0815903054448871,0,"Standard",1.1480290638593,0.0815903054448871,1,1,1,0,0.574014531929648,0.0407951527224436,0.333333333333333,0,0.284442905395627,28.4442905395627,0.430593358737071,0.425985468070352,0.715557094604373,0.542735696817304,54.2735696817304,"SURVEILLER (FAIBLE VOLUME)"
"HOPITAL CATHOLIQUE SAINT JOSEPH MOSCATI","Hopital","HORS-ABIDJAN",45,33,22,1745225,1586475,158750,52885.6060606061,79328.4090909091,0.100064608644952,1.5,0,15500,1,0,1.23486534543842,0.122385458167331,0,"Standard",1.23486534543842,0.122385458167331,1,1,1,0,0.617432672719211,0.0611927290836653,0.333333333333333,0,0.303587620540863,30.3587620540863,0.836145890038106,0.382567327280789,0.696412379459137,0.598821060703592,59.8821060703592,"SURVEILLER"
"HOPITAL DE LA POLICE NATIONALE","Hopital","ABIDJAN",3,1,1,75000,75000,0,75000,75000,0,1,0,15500,1,0,1.75123077537859,0.0815903054448871,0,"Coût Élevé",1.75123077537859,0.0815903054448871,1,1,1,0,0.875615387689293,0.0407951527224436,0.333333333333333,0,0.374923162123521,37.4923162123521,0.33968426782798,0.124384612310707,0.625076837876479,0.367721433640471,36.7721433640471,"SURVEILLER (FAIBLE VOLUME)"
"HOPITAL GENERAL","Hopital","ABIDJAN",2,2,2,13600,13600,0,6800,6800,0,1,0,15500,1,0,0.158778256967658,0.0815903054448871,0,"Économique",0.158778256967658,0.0815903054448871,1,1,1,0,0.0793891284838292,0.0407951527224436,0.333333333333333,0,0.136055284361882,13.6055284361882,0.109417528579205,0.920610871516171,0.863944715638118,0.735705740577557,73.5705740577557,"SURVEILLER (FAIBLE VOLUME)"
"HOPITAL GENERAL DE ANYAMA","Hopital","ABIDJAN",54,51,33,894000,646000,248000,17529.4117647059,27090.9090909091,0.38390092879257,1.54545454545455,0,15500,1,0,0.409307271421818,0.126094108414826,0,"Économique",0.409307271421818,0.126094108414826,1,1,1,0,0.204653635710909,0.0630470542074128,0.333333333333333,0,0.180310206975497,18.0310206975497,0.741426238432226,0.795346364289091,0.819689793024503,0.794299710611883,79.4299710611883,"PRIVILÉGIER"
"HOPITAL GENERAL DE BONGOUANOU","Hopital","HORS-ABIDJAN",2,2,1,12500,12500,0,6250,12500,0,2,0,15500,1,0,0.145935897948215,0.163180610889774,0,"Économique",0.145935897948215,0.163180610889774,1,1,1,0,0.0729679489741077,0.0815903054448871,0.333333333333333,0,0.146367476325698,14.6367476325698,0.101252041371802,0.927032051025892,0.853632523674302,0.732516238154438,73.2516238154438,"SURVEILLER (FAIBLE VOLUME)"
"HOPITAL GENERAL DE DANANE","Hopital","HORS-ABIDJAN",6,5,5,31000,31000,0,6200,6200,0,1,0,15500,1,0,0.14476841076463,0.0815903054448871,0,"Économique",0.14476841076463,0.0815903054448871,1,1,1,0,0.0723842053823149,0.0407951527224436,0.333333333333333,0,0.133953807431428,13.3953807431428,0.222101252041372,0.927615794617685,0.866046192568573,0.761885045282777,76.1885045282777,"SURVEILLER (FAIBLE VOLUME)"
"HOPITAL GENERAL DE DAOUKRO","Hopital","HORS-ABIDJAN",1,1,1,12500,12500,0,12500,12500,0,1,0,15500,1,0,0.291871795896431,0.0815903054448871,0,"Économique",0.291871795896431,0.0815903054448871,1,1,1,0,0.145935897948215,0.0407951527224436,0.333333333333333,0,0.156019315201198,15.6019315201198,0.101252041371802,0.854064102051785,0.843980684798802,0.699468323014595,69.9468323014595,"SURVEILLER (FAIBLE VOLUME)"
"HOPITAL GENERAL DE FERKE","Hopital","HORS-ABIDJAN",5,3,3,46500,42500,4000,15500,15500,0.0941176470588235,1,0,15500,1,0,0.361921026911574,0.0815903054448871,0,"Économique",0.361921026911574,0.0815903054448871,1,1,1,0,0.180960513455787,0.0407951527224436,0.333333333333333,0,0.166526699853469,16.6526699853469,0.277082199237888,0.819039486544213,0.833473300146531,0.716421554523875,71.6421554523875,"SURVEILLER (FAIBLE VOLUME)"
"HOPITAL GENERAL DE GAGNOA","Hopital","HORS-ABIDJAN",7,5,5,48950,48950,0,9790,9790,0,1,0.142857142857143,15500,1,0,0.209809611380315,0.0783250428189295,0,"Économique",0.209809611380315,0.0783250428189295,1,1,1,0,0.104904805690158,0.0391625214094648,0.333333333333333,0,0.143220198129887,14.3220198129887,0.280348394120849,0.895095194309842,0.856779801870113,0.756819677296152,75.6819677296152,"SURVEILLER (FAIBLE VOLUME)"
"HOPITAL GENERAL DE KOUMASSI","Hopital","ABIDJAN",46,39,34,287250,250250,37000,7365.38461538462,8448.52941176471,0.147852147852148,1.14705882352941,0.0217391304347826,15500,1,0,0.170028211175738,0.0930186125382112,0,"Économique",0.170028211175738,0.0930186125382112,1,1,1,0,0.0850141055878691,0.0465093062691056,0.333333333333333,0,0.139457023557092,13.9457023557092,0.536200326619488,0.914985894412131,0.860542976442908,0.817451613665913,81.7451613665913,"PRIVILÉGIER"
"HOPITAL GENERAL DE OUANGOLODOUGOU","Hopital","HORS-ABIDJAN",6,6,2,90000,60000,30000,15000,45000,0.5,3,0,15500,1,0,0.350246155075717,0.244770916334661,0,"Économique",0.350246155075717,0.244770916334661,1,1,1,0,0.175123077537859,0.122385458167331,0.333333333333333,0,0.189252560711557,18.9252560711557,0.359825802939575,0.824876922462141,0.810747439288443,0.726214905288149,72.6214905288149,"SURVEILLER (FAIBLE VOLUME)"
"HOPITAL GENERAL DE PORT-BOUET","Hopital","ABIDJAN",6,6,6,26000,26000,0,4333.33333333333,4333.33333333333,0,1,0,15500,1,0,0.101182222577429,0.0815903054448871,0,"Économique",0.101182222577429,0.0815903054448871,1,1,1,0,0.0505911112887147,0.0407951527224436,0.333333333333333,0,0.127415879203347,12.7415879203347,0.204681545998911,0.949408888711285,0.872584120796652,0.769733513002957,76.9733513002957,"SURVEILLER (FAIBLE VOLUME)"
"HOPITAL GENERAL DE SASSANDRA","Hopital","HORS-ABIDJAN",14,14,7,87500,87500,0,6250,12500,0,2,0.0714285714285714,15500,1,0,0.141414150478951,0.158461995693848,0,"Économique",0.141414150478951,0.158461995693848,1,1,1,0,0.0707070752394754,0.079230997846924,0.333333333333333,0,0.14498142192592,14.498142192592,0.356015242242787,0.929292924760525,0.85501857807408,0.7849276495824,78.49276495824,"SURVEILLER (FAIBLE VOLUME)"
"HOPITAL GENERAL DE TANDA","Hopital","HORS-ABIDJAN",1,1,1,10000,10000,0,10000,10000,0,1,0,15500,1,0,0.233497436717145,0.0815903054448871,0,"Économique",0.233497436717145,0.0815903054448871,1,1,1,0,0.116748718358572,0.0407951527224436,0.333333333333333,0,0.147263161324305,14.7263161324305,0.0724006532389766,0.883251281641428,0.852736838675695,0.708875378774644,70.8875378774644,"SURVEILLER (FAIBLE VOLUME)"
"HOPITAL GENERAL DE TEHINI","Hopital","HORS-ABIDJAN",1,1,1,3900,3900,0,3900,3900,0,1,0,15500,1,0,0.0910640003196865,0.0815903054448871,0,"Économique",0.0910640003196865,0.0815903054448871,1,1,1,0,0.0455320001598432,0.0407951527224436,0.333333333333333,0,0.125898145864686,12.5898145864686,0.0163309744148067,0.954467999840157,0.874101854135314,0.73469413647315,73.469413647315,"SURVEILLER (FAIBLE VOLUME)"
"HOPITAL GENERAL DE TIASSALE","Hopital","HORS-ABIDJAN",6,4,4,58600,58600,0,14650,14650,0,1,0,15500,1,0,0.342073744790617,0.0815903054448871,0,"Économique",0.342073744790617,0.0815903054448871,1,1,1,0,0.171036872395309,0.0407951527224436,0.333333333333333,0,0.163549607535326,16.3549607535326,0.305933587370713,0.828963127604691,0.836450392464674,0.727352125501889,72.7352125501889,"SURVEILLER (FAIBLE VOLUME)"
"HOPITAL GENERAL DE ZOUAN-HOUNIEN","Hopital","HORS-ABIDJAN",11,10,9,69000,69000,0,6900,7666.66666666667,0,1.11111111111111,0,15500,1,0,0.16111323133483,0.0906558949387635,0,"Économique",0.16111323133483,0.0906558949387635,1,1,1,0,0.080556615667415,0.0453279474693817,0.333333333333333,0,0.137765368941039,13.7765368941039,0.33097441480675,0.919443384332585,0.862234631058961,0.778866089117969,77.8866089117969,"SURVEILLER (FAIBLE VOLUME)"
"HOPITAL GENERAL OUME","Hopital","HORS-ABIDJAN",5,3,2,61000,60500,500,20333.3333333333,30500,0.00826446280991736,1.5,0,15500,1,0,0.474778121324861,0.122385458167331,0,"Économique",0.474778121324861,0.122385458167331,1,1,1,0,0.237389060662431,0.0611927290836653,0.333333333333333,0,0.189574536923829,18.9574536923829,0.31355470876429,0.76261093933757,0.810425463076171,0.691925502718354,69.1925502718354,"SURVEILLER (FAIBLE VOLUME)"
"HOPITAL GENERAL TIASSALE","Hopital","HORS-ABIDJAN",53,43,32,942300,714800,227500,21913.9534883721,29446.875,0.318270844991606,1.34375,0,15500,1,0,0.511685196787362,0.109636972941567,0,"Économique",0.511685196787362,0.109636972941567,1,1,1,0,0.255842598393681,0.0548184864707835,0.333333333333333,0,0.193198325459339,19.3198325459339,0.747958628198149,0.744157401606319,0.806801674540661,0.769975356098422,76.9975356098422,"PRIVILÉGIER"
"HOPITAL GENERAL YOPOUGON ATTIE","Hopital","ABIDJAN",1,1,1,70000,70000,0,70000,70000,0,1,0,15500,1,0,1.63448205702001,0.0815903054448871,0,"Coût Élevé",1.63448205702001,0.0815903054448871,1,1,1,0,0.817241028510007,0.0407951527224436,0.333333333333333,0,0.357410854369735,35.7410854369735,0.333151878062058,0.182758971489993,0.642589145630265,0.396769622460515,39.6769622460515,"SURVEILLER (FAIBLE VOLUME)"
"HOPITAL GENRAL D'ANYAMA","Hopital","ABIDJAN",2,2,2,5000,5000,0,2500,2500,0,1,0,15500,1,0,0.0583743591792862,0.0815903054448871,0,"Économique",0.0583743591792862,0.0815903054448871,1,1,1,0,0.0291871795896431,0.0407951527224436,0.333333333333333,0,0.120994699693626,12.0994699693626,0.0255851932498639,0.970812820410357,0.879005300306374,0.745044286936665,74.5044286936665,"SURVEILLER (FAIBLE VOLUME)"
"HOPITAL MERE-ENFANT","Hopital","ABIDJAN",801,598,308,31092631.5714286,26827066,4265565.57142857,51994.367176302,100950.102504638,0.159002313985009,1.94155844155844,0.0224719101123595,15500,1,0,1.2023543309794,0.15766543110414,0,"Standard",1.2023543309794,0.15766543110414,1,1,1,0,0.601177165489701,0.0788327155520698,0.333333333333333,0,0.304002964312531,30.4002964312531,0.995645073489385,0.398822834510299,0.695997035687469,0.637056962776984,63.7056962776984,"CONSERVER"
"HOPITAL PRIVE CONFESSIONNEL SAINTE MARIE (EX DISPENSAIRE SM)","Hopital","HORS-ABIDJAN",9,7,3,1e+05,88500,11500,14285.7142857143,33333.3333333333,0.129943502824859,2.33333333333333,0,15500,1,0,0.333567766738778,0.190377379371403,0,"Économique",0.333567766738778,0.190377379371403,1,1,1,0,0.166783883369389,0.0951886896857016,0.333333333333333,0,0.178591771916527,17.8591771916527,0.374523679912901,0.833216116630611,0.821408228083473,0.736754473868214,73.6754473868214,"SURVEILLER (FAIBLE VOLUME)"
"HOPITAL PROTESTANT METHODISTE","Hopital","HORS-ABIDJAN",14,10,7,385220,353800,31420,38522,55031.4285714286,0.0888072357263991,1.42857142857143,0,15500,1,0,0.899478825721785,0.116557579206982,0,"Économique",0.899478825721785,0.116557579206982,1,1,1,0,0.449739412860893,0.0582787896034908,0.333333333333333,0,0.252405460739315,25.2405460739315,0.586826347305389,0.550260587139107,0.747594539260685,0.636507320020995,63.6507320020995,"SURVEILLER (FAIBLE VOLUME)"
"HOPITAL SAINT JEAN-BAPTISTE DE BODO","Hopital","HORS-ABIDJAN",14,12,10,616650,616650,0,51387.5,61665,0,1.2,0,15500,1,0,1.19988495293023,0.0979083665338645,0,"Standard",1.19988495293023,0.0979083665338645,1,1,1,0,0.599942476465114,0.0489541832669323,0.333333333333333,0,0.294668997919614,29.4668997919614,0.667936853565596,0.400057523534886,0.705331002080386,0.575742780959228,57.5742780959228,"SURVEILLER (FAIBLE VOLUME)"
"HOPITAL SPECIALISE PRIVE CONFESSIONNEL DES SOEURS DOROTHEE D'ALEPE","Hopital","HORS-ABIDJAN",1,1,1,15000,15000,0,15000,15000,0,1,0,15500,1,0,0.350246155075717,0.0815903054448871,0,"Économique",0.350246155075717,0.0815903054448871,1,1,1,0,0.175123077537859,0.0407951527224436,0.333333333333333,0,0.164775469078091,16.4775469078091,0.119760479041916,0.824876922462141,0.835224530921909,0.687992677162004,68.7992677162003,"SURVEILLER (FAIBLE VOLUME)"
"HOTEL DE LA SANTE SAINTE HENRIETTE","Centre Medical","ABIDJAN",634,401,201,24866800.3333333,22773750,2093050.33333333,62011.9709060682,123715.424543947,0.0919062663519769,1.99502487562189,0.0157728706624606,33841.4752475248,1.23636363636364,0.0589823610679747,1.43992637685201,0.16210226914765,1.55819917493738,"Coût Élevé",1.43992637685201,0.16210226914765,1,1.95649263721553,1,0,0.719963188426003,0.0810511345738248,0.652164212405176,0.779099587468691,0.51386351936837,51.386351936837,0.993467610234077,0.280036811573997,0.48613648063163,0.505162838929066,50.5162838929066,"RENÉGOCIER"
"HOTEL MEDICAL MARIA","Centre Medical","ABIDJAN",83,67,51,3089225,2889656,199569,46107.8358208955,60573.0392156863,0.0690632379771156,1.31372549019608,0,33841.4752475248,1.23636363636364,0.0589823610679747,1.07660614767541,0.107187264015832,1.17091341761519,"Standard",1.07660614767541,0.107187264015832,1,1,1,0,0.538303073837703,0.053593632007916,0.333333333333333,0.585456708807597,0.336114682634445,33.6114682634445,0.903102885138813,0.461696926162297,0.663885317365555,0.630853474438903,63.0853474438903,"CONSERVER"
"HOTEL MEDICAL MUTUALISTE SAINT NICOLAS","Centre Medical","ABIDJAN",4,2,2,250025,187900,62125,125012.5,125012.5,0.330627993613624,1,0,33841.4752475248,1.23636363636364,0.0589823610679747,2.91900983076021,0.0815903054448871,5.60554015856689,"Coût Élevé",2.91900983076021,0.0815903054448871,1,6.16666666666667,1,0,1,0.0407951527224436,1,1,0.712238545816733,71.2238545816733,0.512792596624932,0,0.287761454183267,0.217663100998293,21.7663100998293,"SURVEILLER (FAIBLE VOLUME)"
"HOTEL MEDICAL NOTRE DAME DE LA PAIX","Centre Medical","HORS-ABIDJAN",8,8,7,219175,194325,24850,27396.875,31310.7142857143,0.127878553968867,1.14285714285714,0,33841.4752475248,1.23636363636364,0.0589823610679747,0.639710008656003,0.0932460633655853,2.16808129843246,"Économique",0.639710008656003,0.0932460633655853,1,0,1,0,0.319855004328001,0.0466230316827926,0.333333333333333,1,0.309943410803238,30.9943410803238,0.491017964071856,0.680144995671999,0.690056589196762,0.646284226761875,64.6284226761875,"SURVEILLER (FAIBLE VOLUME)"
"HUGSLEY OPTICAL","Optique","ABIDJAN",2,2,2,913333.333333333,615000,298333.333333333,456666.666666667,456666.666666667,0.485094850948509,1,0.5,317347.222222222,1,0.452767755831414,8.71287697844089,0.0738894347796492,1.07139884565705,"Coût Élevé",8.71287697844089,0.0738894347796492,1,1,1,0,1,0.0369447173898246,0.333333333333333,0.535699422828524,0.4646533574998,46.46533574998,0.745236799129015,0,0.5353466425002,0.363186016825883,36.3186016825883,"SURVEILLER (FAIBLE VOLUME)"
"Home Medical Service (HMS)","Centre Medical","ABIDJAN",1,1,1,2120008,1135004,985004,2120008,2120008,0.867841875447135,1,0,33841.4752475248,1.23636363636364,0.0589823610679747,49.5016433819841,0.0815903054448871,14.7135831752646,"Coût Élevé",49.5016433819841,0.0815903054448871,1,0,1,0,1,0.0407951527224436,0.333333333333333,1,0.512238545816733,51.2238545816733,0.861186717474143,0,0.487761454183267,0.367341925168135,36.7341925168135,"SURVEILLER (FAIBLE VOLUME)"
"Hopital Edmond Basque du Plateau","Hopital","ABIDJAN",1,1,1,7500,7500,0,7500,7500,0,1,0,15500,1,0,0.175123077537859,0.0815903054448871,0,"Économique",0.175123077537859,0.0815903054448871,1,1,1,0,0.0875615387689293,0.0407951527224436,0.333333333333333,0,0.138507007447412,13.8507007447412,0.0479041916167665,0.912438461231071,0.861492992552588,0.719153419836817,71.9153419836817,"SURVEILLER (FAIBLE VOLUME)"
"Hopital General de Bouna","Hopital","HORS-ABIDJAN",1,1,1,7500,7500,0,7500,7500,0,1,0,15500,1,0,0.175123077537859,0.0815903054448871,0,"Économique",0.175123077537859,0.0815903054448871,1,1,1,0,0.0875615387689293,0.0407951527224436,0.333333333333333,0,0.138507007447412,13.8507007447412,0.0479041916167665,0.912438461231071,0.861492992552588,0.719153419836817,71.9153419836817,"SURVEILLER (FAIBLE VOLUME)"
"Hopital Mere et Enfant de Bingerville","Hopital","ABIDJAN",1,1,1,14000,14000,0,14000,14000,0,1,0,15500,1,0,0.326896411404003,0.0815903054448871,0,"Économique",0.326896411404003,0.0815903054448871,1,1,1,0,0.163448205702001,0.0407951527224436,0.333333333333333,0,0.161273007527333,16.1273007527333,0.111594991834513,0.836551794297999,0.838726992472667,0.692430513075169,69.2430513075169,"SURVEILLER (FAIBLE VOLUME)"
"Hopital Militaire d'Abidjan","Hopital","ABIDJAN",2,2,2,27000,27000,0,13500,13500,0,1,0,15500,1,0,0.315221539568145,0.0815903054448871,0,"Économique",0.315221539568145,0.0815903054448871,1,1,1,0,0.157610769784073,0.0407951527224436,0.333333333333333,0,0.159521776751955,15.9521776751955,0.209036472509526,0.842389230215927,0.840478223248045,0.714954275887494,71.4954275887494,"SURVEILLER (FAIBLE VOLUME)"
"Hopital general Don Orione","Hopital","ABIDJAN",1,1,1,14000,14000,0,14000,14000,0,1,0,15500,1,0,0.326896411404003,0.0815903054448871,0,"Économique",0.326896411404003,0.0815903054448871,1,1,1,0,0.163448205702001,0.0407951527224436,0.333333333333333,0,0.161273007527333,16.1273007527333,0.111594991834513,0.836551794297999,0.838726992472667,0.692430513075169,69.2430513075169,"SURVEILLER (FAIBLE VOLUME)"
"Hopital general d'anyama","Hopital","ABIDJAN",1,1,1,18753,18253,499.999999999999,18753,18753,0.0273927573549553,1,0,15500,1,0,0.437877743075662,0.0815903054448871,0,"Économique",0.437877743075662,0.0815903054448871,1,1,1,0,0.218938871537831,0.0407951527224436,0.333333333333333,0,0.177920207278082,17.7920207278082,0.163309744148068,0.781061128462169,0.822079792721918,0.673918317303248,67.3918317303248,"SURVEILLER (FAIBLE VOLUME)"
"ICA","Autre","ABIDJAN",1,1,1,12000,12000,0,12000,12000,0,1,0,31737.9656862745,1,0.0133114157048418,0.280196924060574,0.0815903054448871,0,"Économique",0.280196924060574,0.0815903054448871,1,1,1,0,0.140098462030287,0.0407951527224436,0.333333333333333,0,0.154268084425819,15.4268084425819,0.0936309199782254,0.859901537969713,0.845731915574181,0.700979565413203,70.0979565413203,"SURVEILLER (FAIBLE VOLUME)"
"IDEAL'OPTIC-FAYA","Optique","ABIDJAN",1,1,1,530000,320000,210000,530000,530000,0.65625,1,0,317347.222222222,1,0.452767755831414,12.3753641460087,0.0815903054448871,1.44941858502033,"Coût Élevé",12.3753641460087,0.0815903054448871,1,1,1,0,1,0.0407951527224436,0.333333333333333,0.724709292510167,0.48470947506775,48.470947506775,0.640174197060425,0,0.51529052493225,0.334151049384985,33.4151049384985,"SURVEILLER (FAIBLE VOLUME)"
"IDEAL'OPTIC-PRIMA","Optique","ABIDJAN",2,2,2,1282666.66666667,808000,474666.666666666,641333.333333333,641333.333333333,0.587458745874587,1,0,317347.222222222,1,0.452767755831414,14.9749689414595,0.0815903054448871,1.2974836178337,"Coût Élevé",14.9749689414595,0.0815903054448871,1,1,1,0,1,0.0407951527224436,0.333333333333333,0.648741808916848,0.477112726708418,47.7112726708418,0.793685356559608,0,0.522887273291582,0.367891980628554,36.7891980628554,"SURVEILLER (FAIBLE VOLUME)"
"IDEAL'OPTIC-VALLON","Optique","ABIDJAN",12,12,11,10116666.6666667,5975000,4141666.66666666,843055.555555555,919696.969696969,0.693165969316595,1.09090909090909,0,317347.222222222,1,0.452767755831414,19.685131123237,0.0890076059398769,1.53095259189502,"Coût Élevé",19.685131123237,0.0890076059398769,1,1,1,0,1,0.0445038029699384,0.333333333333333,0.765476295947511,0.489898770485733,48.9898770485733,0.977681001633097,0,0.510101229514267,0.399576692132326,39.9576692132326,"SURVEILLER (FAIBLE VOLUME)"
"IDYLLOPTIC","Optique","HORS-ABIDJAN",2,2,2,368888.888888889,3e+05,68888.8888888889,184444.444444444,184444.444444444,0.22962962962963,1,0,317347.222222222,1,0.452767755831414,4.30673049944956,0.0815903054448871,0.50716869006708,"Coût Élevé",4.30673049944956,0.0815903054448871,1,1,1,0,1,0.0407951527224436,0.333333333333333,0.25358434503354,0.437596980320087,43.7596980320087,0.578660860097986,0,0.562403019679913,0.340693379891562,34.0693379891562,"SURVEILLER (FAIBLE VOLUME)"
"ILARA OPTIQUE","Optique","ABIDJAN",4,4,4,1248333.33333333,865000,383333.333333333,312083.333333333,312083.333333333,0.443159922928709,1,0,317347.222222222,1,0.452767755831414,7.28706583754756,0.0815903054448871,0.97877977665379,"Coût Élevé",7.28706583754756,0.0815903054448871,1,1,1,0,1,0.0407951527224436,0.333333333333333,0.489389888326895,0.461177534649423,46.1177534649423,0.786608600979859,0,0.538822465350578,0.372850706336203,37.2850706336203,"SURVEILLER (FAIBLE VOLUME)"
"IMMACULEE OPTIQUE","Optique","ABIDJAN",6,6,6,2715555.55555556,1715000,1000555.55555555,452592.592592593,452592.592592593,0.583414318108195,1,0,317347.222222222,1,0.452767755831414,10.5679210247537,0.0815903054448871,1.28855094161217,"Coût Élevé",10.5679210247537,0.0815903054448871,1,1,1,0,1,0.0407951527224436,0.333333333333333,0.644275470806083,0.476666092897341,47.6666092897341,0.888949373979314,0,0.523333907102659,0.387123437636926,38.7123437636926,"SURVEILLER (FAIBLE VOLUME)"
"INDENIE OPTIQUE LUNETTERIE","Optique","HORS-ABIDJAN",1,1,1,209333.333333333,188000,21333.3333333333,209333.333333333,209333.333333333,0.113475177304964,1,0,317347.222222222,1,0.452767755831414,4.8878796752789,0.0815903054448871,0.250625570932256,"Coût Élevé",4.8878796752789,0.0815903054448871,1,1,1,0,1,0.0407951527224436,0.333333333333333,0.125312785466128,0.424769824363346,42.4769824363346,0.482852476864453,0,0.575230175636654,0.326662565627552,32.6662565627552,"SURVEILLER (FAIBLE VOLUME)"
"INFIRMERIE PRIVEE DE GROSSO - GRAND-LAHOU","Autre","HORS-ABIDJAN",1,1,1,6000,6000,0,6000,6000,0,1,0,31737.9656862745,1,0.0133114157048418,0.140098462030287,0.0815903054448871,0,"Économique",0.140098462030287,0.0815903054448871,1,1,1,0,0.0700492310151434,0.0407951527224436,0.333333333333333,0,0.133253315121276,13.3253315121276,0.0391943385955362,0.929950768984857,0.866746684878724,0.72651784926454,72.6517849264539,"SURVEILLER (FAIBLE VOLUME)"
"INOVIE COTE D'IVOIRE","Autre","ABIDJAN",4,4,4,299430,299430,0,74857.5,74857.5,0,1,0.25,31737.9656862745,1,0.0133114157048418,1.57197825315571,0.0775491590623363,0,"Coût Élevé",1.57197825315571,0.0775491590623363,1,1,1,0,0.785989126577854,0.0387745795311681,0.333333333333333,0,0.347429111832707,34.7429111832707,0.546543277082199,0.214010873422146,0.652570888167293,0.455941360052215,45.5941360052215,"SURVEILLER (FAIBLE VOLUME)"
"INSTITUT CARDIOLOGIE D'ABIDJAN","Institut","ABIDJAN",1,1,1,15000,15000,0,15000,15000,0,1,1,34500,1,0,0.241940687547047,0.067516879219805,0,"Économique",0.241940687547047,0.067516879219805,1,1,1,0,0.120970343773524,0.0337584396099025,0.333333333333333,0,0.146418635015028,14.6418635015028,0.119760479041916,0.879029656226476,0.853581364984972,0.716996504292963,71.6996504292963,"SURVEILLER (FAIBLE VOLUME)"
"INSTITUT COEUR D'ESPERANCE","Institut","ABIDJAN",5,4,3,534400,489600,44800,133600,178133.333333333,0.0915032679738562,1.33333333333333,0,34500,1,0,3.11952575454105,0.108787073926516,0,"Coût Élevé",3.11952575454105,0.108787073926516,1,1,1,0,1,0.0543935369632581,0.333333333333333,0,0.416318061088977,41.6318061088977,0.643984757757213,0,0.583681938911023,0.362269727115852,36.2269727115852,"SURVEILLER (FAIBLE VOLUME)"
"INSTITUT COEUR DE GRACES (CARDIOLOGIE)","Institut","ABIDJAN",217,155,78,13840045,12272140,1567905,89290.6129032258,177436.474358974,0.127761335838737,1.98717948717949,0.0368663594470046,34500,1,0,2.06110237898709,0.160845079650855,0,"Coût Élevé",2.06110237898709,0.160845079650855,1,1,1,0,1,0.0804225398254275,0.333333333333333,0,0.424126761947628,42.4126761947628,0.985846488840501,0,0.575873238052372,0.427518592989049,42.7518592989049,"RENÉGOCIER"
"INSTITUT DE CARDIOLOGIE D'ABIDJAN","Institut","ABIDJAN",13,12,8,596205,523600,72605,49683.75,74525.625,0.138665011459129,1.5,0.461538461538462,34500,1,0,0.97773387900343,0.113512613635307,0,"Standard",0.97773387900343,0.113512613635307,1,1,1,0,0.488866939501715,0.0567563068176533,0.333333333333333,0,0.26368697389581,26.368697389581,0.66031573217202,0.511133060498285,0.73631302610419,0.631041581075394,63.1041581075394,"SURVEILLER (FAIBLE VOLUME)"
"INSTITUT EUROPEEN DE CANCEROLOGIE","Institut","ABIDJAN",1,1,1,2230000,2230000,0,2230000,2230000,0,1,0,34500,1,0,52.0699283879233,0.0815903054448871,0,"Coût Élevé",52.0699283879233,0.0815903054448871,1,1,1,0,1,0.0407951527224436,0.333333333333333,0,0.412238545816733,41.2238545816733,0.869352204681546,0,0.587761454183267,0.408975022609616,40.8975022609616,"SURVEILLER (FAIBLE VOLUME)"
"INSTITUT NATIONAL D'HYGIENE PUBLIQUE","Institut","ABIDJAN",9,9,6,171600,156100,15500,19066.6666666667,28600,0.0992953235105701,1.5,0,34500,1,0,0.445201779340689,0.122385458167331,0,"Économique",0.445201779340689,0.122385458167331,1,1,1,0,0.222600889670345,0.0611927290836653,0.333333333333333,0,0.185138085626203,18.5138085626203,0.450190528034839,0.777399110329655,0.814861914373797,0.726942515488349,72.6942515488349,"SURVEILLER (FAIBLE VOLUME)"
"INSTITUT PASTEUR DE COTE D'IVOIRE","Institut","ABIDJAN",2,1,1,14500,14500,0,14500,14500,0,1,0,34500,1,0,0.33857128323986,0.0815903054448871,0,"Économique",0.33857128323986,0.0815903054448871,1,1,1,0,0.16928564161993,0.0407951527224436,0.333333333333333,0,0.163024238302712,16.3024238302712,0.116494284158955,0.83071435838007,0.836975761697288,0.690374904862734,69.0374904862734,"SURVEILLER (FAIBLE VOLUME)"
"IRIS OPTIQUE","Optique","ABIDJAN",33,33,32,14386047.5555556,9430000,4956047.55555555,435940.835016835,449563.986111111,0.525561776835159,1.03125,0.0303030303030303,317347.222222222,1,0.452767755831414,10.0428727589631,0.0835954744236664,1.16077562959419,"Coût Élevé",10.0428727589631,0.0835954744236664,1,1,1,0,1,0.0417977372118332,0.333333333333333,0.580387814797097,0.47057810264326,47.057810264326,0.986935220468155,0,0.52942189735674,0.409155803036327,40.9155803036327,"RENÉGOCIER"
"IVOIRE LUNETTES","Autre","ABIDJAN",4,4,4,1824420,1230960,593460,456105,456105,0.482111522713979,1,0,31737.9656862745,1,0.0133114157048418,10.6499348373873,0.0815903054448871,36.2178999893016,"Coût Élevé",10.6499348373873,0.0815903054448871,1,1,1,0,1,0.0407951527224436,0.333333333333333,1,0.512238545816733,51.2238545816733,0.842678279804028,0,0.487761454183267,0.363640237634112,36.3640237634112,"SURVEILLER (FAIBLE VOLUME)"
"Institut d'hygiene publique","Institut","ABIDJAN",1,1,1,34500,34500,0,34500,34500,0,1,0,34500,1,0,0.80556615667415,0.0815903054448871,0,"Économique",0.80556615667415,0.0815903054448871,1,1,1,0,0.402783078337075,0.0407951527224436,0.333333333333333,0,0.233073469317855,23.3073469317855,0.237343494828525,0.597216921662925,0.766926530682144,0.593126079903733,59.3126079903733,"SURVEILLER (FAIBLE VOLUME)"
"Institut de Cardiologie d'Abidjan (ICA) - CHU de Treichville","Hopital","ABIDJAN",1,1,1,15000,15000,0,15000,15000,0,1,1,15500,1,0,0.241940687547047,0.067516879219805,0,"Économique",0.241940687547047,0.067516879219805,1,1,1,0,0.120970343773524,0.0337584396099025,0.333333333333333,0,0.146418635015028,14.6418635015028,0.119760479041916,0.879029656226476,0.853581364984972,0.716996504292963,71.6996504292963,"SURVEILLER (FAIBLE VOLUME)"
"JAYME OPTIC","Optique","ABIDJAN",1,1,1,350000,3e+05,50000,350000,350000,0.166666666666667,1,0,317347.222222222,1,0.452767755831414,8.17241028510007,0.0815903054448871,0.368106307306752,"Coût Élevé",8.17241028510007,0.0815903054448871,1,1,1,0,1,0.0407951527224436,0.333333333333333,0.184053153653376,0.430643861182071,43.0643861182071,0.572128470332063,0,0.569356138817929,0.342168149593584,34.2168149593584,"SURVEILLER (FAIBLE VOLUME)"
"JUST' UN REGARD","Autre","ABIDJAN",6,6,6,2374166.66666667,1565000,809166.666666666,395694.444444444,395694.444444444,0.517039403620873,1,0,31737.9656862745,1,0.0133114157048418,9.23936385009924,0.0815903054448871,38.8418042892919,"Coût Élevé",9.23936385009924,0.0815903054448871,1,1,1,0,1,0.0407951527224436,0.333333333333333,1,0.512238545816733,51.2238545816733,0.875340228633642,0,0.487761454183267,0.370172627400035,37.0172627400035,"SURVEILLER (FAIBLE VOLUME)"
"K. OPTIQUE","Optique","ABIDJAN",13,13,13,3738888.88888889,2795000,943888.888888888,287606.837606838,287606.837606838,0.337706221427151,1,0,317347.222222222,1,0.452767755831414,6.71554593635207,0.0815903054448871,0.745870740744389,"Coût Élevé",6.71554593635207,0.0815903054448871,1,1,1,0,1,0.0407951527224436,0.333333333333333,0.372935370372194,0.449532082853952,44.9532082853952,0.917800762112139,0,0.550467917146048,0.403747319280847,40.3747319280847,"SURVEILLER (FAIBLE VOLUME)"
"KARA'OPTIQUE","Optique","ABIDJAN",14,14,14,5002000,3216000,1786000,357285.714285714,357285.714285714,0.555348258706467,1,0.0714285714285714,317347.222222222,1,0.452767755831414,8.0840409222367,0.0803933456913216,1.22656318069003,"Coût Élevé",8.0840409222367,0.0803933456913216,1,1,1,0,1,0.0401966728456608,0.333333333333333,0.613281590345017,0.4733871608882,47.33871608882,0.939575394665215,0,0.5266128391118,0.398560214577763,39.8560214577763,"SURVEILLER (FAIBLE VOLUME)"
"KARIS - OPTICAL","Optique","ABIDJAN",2,2,2,1256666.66666667,795000,461666.666666666,628333.333333333,628333.333333333,0.580712788259957,1,0,317347.222222222,1,0.452767755831414,14.6714222737273,0.0815903054448871,1.28258424055308,"Coût Élevé",14.6714222737273,0.0815903054448871,1,1,1,0,1,0.0407951527224436,0.333333333333333,0.641292120276541,0.476367757844387,47.6367757844387,0.790419161676647,0,0.523632242155613,0.367536729197575,36.7536729197574,"SURVEILLER (FAIBLE VOLUME)"
"KESSE OPTIQUE","Optique","ABIDJAN",3,3,3,1303949.33333333,837808,466141.333333333,434649.777777778,434649.777777778,0.556382050939276,1,0,317347.222222222,1,0.452767755831414,10.1489608980788,0.0815903054448871,1.22884645333808,"Coût Élevé",10.1489608980788,0.0815903054448871,1,1,1,0,1,0.0407951527224436,0.333333333333333,0.614423226669042,0.473680868483637,47.3680868483637,0.795862819814916,0,0.526319131516363,0.369700216569528,36.9700216569528,"SURVEILLER (FAIBLE VOLUME)"
"KINE PLUS - II PLATEAUX","Autre","ABIDJAN",8,8,8,1436500,1230000,206500,179562.5,179562.5,0.167886178861789,1,0,31737.9656862745,1,0.0133114157048418,4.19273834805223,0.0815903054448871,12.6121956209904,"Coût Élevé",4.19273834805223,0.0815903054448871,1,1,1,0,1,0.0407951527224436,0.333333333333333,1,0.512238545816733,51.2238545816733,0.812738160043549,0,0.487761454183267,0.357652213682017,35.7652213682017,"SURVEILLER (FAIBLE VOLUME)"
"KRYS","Autre","ABIDJAN",1,1,1,111111,111111,-9.09494701772928e-12,111111,111111,-8.18546050141685e-17,1,0,31737.9656862745,1,0.0133114157048418,2.59441336910787,0.0815903054448871,-6.14920357302005e-15,"Coût Élevé",2.59441336910787,0.0815903054448871,1,1,1,0,1,0.0407951527224436,0.333333333333333,-3.07460178651002e-15,0.412238545816733,41.2238545816733,0.391943385955362,0,0.587761454183267,0.313493258864379,31.3493258864379,"SURVEILLER (FAIBLE VOLUME)"
"KYRIEL OPTIC","Optique","ABIDJAN",2,2,1,730000,440000,290000,365000,730000,0.659090909090909,2,0,317347.222222222,1,0.452767755831414,8.52265644017579,0.163180610889774,1.45569312434943,"Coût Élevé",8.52265644017579,0.163180610889774,1,1,1,0,1,0.0815903054448871,0.333333333333333,0.727846562174713,0.497261747850937,49.7261747850937,0.70059880239521,0,0.502738252149063,0.341215061338667,34.1215061338667,"SURVEILLER (FAIBLE VOLUME)"
"L'ORIS VISION","Optique","ABIDJAN",1,1,1,393333.333333333,280000,113333.333333333,393333.333333333,393333.333333333,0.404761904761904,1,0,317347.222222222,1,0.452767755831414,9.18423251087435,0.0815903054448871,0.893972460602108,"Coût Élevé",9.18423251087435,0.0815903054448871,1,1,1,0,1,0.0407951527224436,0.333333333333333,0.446986230301054,0.456937168846838,45.6937168846838,0.592814371257485,0,0.543062831153162,0.335788006712762,33.5788006712762,"SURVEILLER (FAIBLE VOLUME)"
"LA GRANDE CLINIQUE SAINTE PAULINE D'OUME","Clinique","HORS-ABIDJAN",4,1,1,67750,67750,0,67750,67750,0,1,0,42616.7291666667,1.45454545454545,0.0745173990347981,1.58194513375866,0.0815903054448871,0,"Coût Élevé",1.58194513375866,0.0815903054448871,1,4.5,20.1,0,0.790972566879328,0.0407951527224436,1,0,0.549530315880531,54.9530315880531,0.327708219923789,0.209027433120672,0.450469684119469,0.329340490880814,32.9340490880814,"SURVEILLER (FAIBLE VOLUME)"
"LA GRANDE PHARMACIE CHRIST ROI","Pharmacie","ABIDJAN",11,11,9,93945,93945,0,8540.45454545455,10438.3333333333,0,1.22222222222222,0,13117.5,1.17391304347826,0.0106522874796592,0.199417424476292,0.0997214844326398,0,"Économique",0.199417424476292,0.0997214844326398,1,1,1,0,0.0997087122381462,0.0498607422163199,0.333333333333333,0,0.14487083633634,14.487083633634,0.369080021774633,0.900291287761854,0.85512916366366,0.775984184925132,77.5984184925132,"SURVEILLER (FAIBLE VOLUME)"
"LA GRANDE PHARMACIE DE GBAGBA","Pharmacie","ABIDJAN",36,30,24,476456,437188,39268,15881.8666666667,19852.3333333333,0.089819482693944,1.25,0,13117.5,1.17391304347826,0.0106522874796592,0.370837515695013,0.101987881806109,8.43194317328149,"Économique",0.370837515695013,0.101987881806109,1,1,1,0,0.185418757847507,0.0509939409030545,0.333333333333333,1,0.270923809625168,27.0923809625168,0.627653783342406,0.814581242152493,0.729076190374832,0.742993729679411,74.2993729679411,"CONSERVER"
"LA GRANDE PHARMACIE DES II PLATEAUX","Pharmacie","ABIDJAN",194,185,105,3179188,3105482,73706,17184.8,30277.980952381,0.0237341578537567,1.76190476190476,0.0412371134020619,13117.5,1.17391304347826,0.0106522874796592,0.393640593701228,0.142903284809719,2.22808086047975,"Économique",0.393640593701228,0.142903284809719,1,1,1,0,0.196820296850614,0.0714516424048593,0.333333333333333,1,0.280481581776642,28.0481581776642,0.905824714207948,0.803179703149386,0.719518418223358,0.790244191390687,79.0244191390687,"PRIVILÉGIER"
"LA GRANDE PHARMACIE DU BIEN-ETRE","Pharmacie","ABIDJAN",32,31,17,356115,350845,5270,11487.5806451613,20947.9411764706,0.0150208781655717,1.82352941176471,0,13117.5,1.17391304347826,0.0106522874796592,0.268232063472665,0.148782321693618,1.41010822269437,"Économique",0.268232063472665,0.148782321693618,1,1,1,0,0.134116031736332,0.0743911608468088,0.333333333333333,0.705054111347185,0.233057568909661,23.3057568909661,0.573761567773544,0.865883968263668,0.766942431090339,0.767882873296312,76.7882873296312,"PRIVILÉGIER"
"LA GRANDE VISION","Optique","ABIDJAN",3,3,3,922500,580000,342500,307500,307500,0.59051724137931,1,0,317347.222222222,1,0.452767755831414,7.1800461790522,0.0815903054448871,1.30423872675065,"Coût Élevé",7.1800461790522,0.0815903054448871,1,1,1,0,1,0.0407951527224436,0.333333333333333,0.652119363375323,0.477450482154265,47.7450482154265,0.746325530756669,0,0.522549517845735,0.358284913289628,35.8284913289628,"SURVEILLER (FAIBLE VOLUME)"
"LA MAISON NEURO DIABETIQUE","Autre","ABIDJAN",17,15,9,1306525,1265000,41525,87101.6666666667,145169.444444444,0.0328260869565217,1.66666666666667,0,31737.9656862745,1,0.0133114157048418,2.03380159004578,0.135983842408145,2.46601020390204,"Coût Élevé",2.03380159004578,0.135983842408145,1,1,1,0,1,0.0679919212040726,0.333333333333333,1,0.520397576361222,52.0397576361222,0.796407185628742,0,0.479602423638778,0.35112240658126,35.112240658126,"SURVEILLER (FAIBLE VOLUME)"
"LA NOUVELLE CLINIQUE MEDICO CHIRURGICALE LA ROSE DES SAVANES","Clinique","ABIDJAN",55,50,33,3949807,3394042,555765,78996.14,119691.121212121,0.163747237070136,1.51515151515152,0,42616.7291666667,1.45454545454545,0.0745173990347981,1.84453962005487,0.123621674916496,2.19743629261228,"Coût Élevé",1.84453962005487,0.123621674916496,1,0.25,0.402,0,0.922269810027435,0.0618108374582478,0.333333333333333,1,0.495224194245705,49.5224194245705,0.921066956995101,0.0777301899725645,0.504775805754295,0.417215789689764,41.7215789689764,"RENÉGOCIER"
"LA PHARMACIE DE LA CATHEDRALE NOUVELLE","Pharmacie","ABIDJAN",1,1,1,8955,8955,0,8955,8955,0,1,0,13117.5,1.17391304347826,0.0106522874796592,0.209096954580203,0.0815903054448871,0,"Économique",0.209096954580203,0.0815903054448871,1,1,1,0,0.104548477290102,0.0407951527224436,0.333333333333333,0,0.143603089003764,14.3603089003764,0.0631464344039194,0.895451522709898,0.856396910996236,0.713368660363238,71.3368660363238,"SURVEILLER (FAIBLE VOLUME)"
"LA RETINE OPTICIEN","Optique","ABIDJAN",3,3,3,755833.333333333,630000,125833.333333333,251944.444444444,251944.444444444,0.19973544973545,1,0,317347.222222222,1,0.452767755831414,5.88283819729029,0.0815903054448871,0.441143273042218,"Coût Élevé",5.88283819729029,0.0815903054448871,1,1,1,0,1,0.0407951527224436,0.333333333333333,0.220571636521109,0.434295709468844,43.4295709468844,0.705498094719652,0,0.565704290531156,0.367381335156393,36.7381335156393,"SURVEILLER (FAIBLE VOLUME)"
"LA ROSETTE - ABIDJAN","Autre","ABIDJAN",17,12,9,1405175,1245175,160000,117097.916666667,156130.555555556,0.12849599453892,1.33333333333333,0,31737.9656862745,1,0.0133114157048418,2.73420633865845,0.108787073926516,9.65306751649126,"Coût Élevé",2.73420633865845,0.108787073926516,1,1,1,0,1,0.0543935369632581,0.333333333333333,1,0.516318061088977,51.6318061088977,0.808383233532934,0,0.483681938911023,0.355149422270996,35.5149422270996,"SURVEILLER (FAIBLE VOLUME)"
"LA ROSETTE - SAN - PEDRO","Autre","HORS-ABIDJAN",1,1,1,90000,90000,0,90000,90000,0,1,0,31737.9656862745,1,0.0133114157048418,2.1014769304543,0.0815903054448871,0,"Coût Élevé",2.1014769304543,0.0815903054448871,1,1,1,0,1,0.0407951527224436,0.333333333333333,0,0.412238545816733,41.2238545816733,0.359825802939575,0,0.587761454183267,0.307069742261222,30.7069742261222,"SURVEILLER (FAIBLE VOLUME)"
"LABEL AVE OPTIC SARLU","Optique","ABIDJAN",1,1,1,454000,327000,127000,454000,454000,0.388379204892966,1,0,317347.222222222,1,0.452767755831414,10.6007836269584,0.0815903054448871,0.857789009687293,"Coût Élevé",10.6007836269584,0.0815903054448871,1,1,1,0,1,0.0407951527224436,0.333333333333333,0.428894504843646,0.455127996301098,45.5127996301098,0.62003266194883,0,0.544872003698902,0.341955333869327,34.1955333869327,"SURVEILLER (FAIBLE VOLUME)"
"LABORATOIRE BIODIAGNOSTIC","Laboratoire","ABIDJAN",6,6,6,1018585,650805,367780,169764.166666667,169764.166666667,0.565115510790483,1,0.166666666666667,70466.6666666667,1,0.18717005734016,3.68873740036942,0.0788509818642148,3.01926236931932,"Coût Élevé",3.68873740036942,0.0788509818642148,1,1,1,0,1,0.0394254909321074,0.333333333333333,1,0.511827647279632,51.1827647279632,0.757757212847033,0,0.488172352720368,0.346820383657554,34.6820383657554,"SURVEILLER (FAIBLE VOLUME)"
"LABORATOIRE CENTRAL","Laboratoire","ABIDJAN",5,4,4,716420,561995,154425,179105,179105,0.274780024733316,1,0.2,70466.6666666667,1,0.18717005734016,3.76113502363094,0.0775491590623363,1.46807683150909,"Coût Élevé",3.76113502363094,0.0775491590623363,1,1,1,0,1,0.0387745795311681,0.333333333333333,0.734038415754545,0.485036215434805,48.5036215434805,0.696788241698421,0,0.514963784565195,0.345343162165762,34.5343162165762,"SURVEILLER (FAIBLE VOLUME)"
"LABORATOIRE CENTRE MEDICAL DES CITESS","Laboratoire","ABIDJAN",1,1,1,15600,14000,1600,15600,15600,0.114285714285714,1,0,70466.6666666667,1,0.18717005734016,0.364256001278746,0.0815903054448871,0.610598275759533,"Économique",0.364256001278746,0.0815903054448871,1,1,1,0,0.182128000639373,0.0407951527224436,0.333333333333333,0.305299137879766,0.197406859796522,19.7406859796522,0.13663581927055,0.817871999360627,0.802593140203478,0.675513219679752,67.5513219679752,"SURVEILLER (FAIBLE VOLUME)"
"LABORATOIRE CESAM LA DIAGNOSE","Laboratoire","ABIDJAN",6,6,6,956470,785005,171465,159411.666666667,159411.666666667,0.218425360348023,1,0.333333333333333,70466.6666666667,1,0.18717005734016,3.23891782599392,0.0762896240534938,1.16698879859325,"Coût Élevé",3.23891782599392,0.0762896240534938,1,1,1,0,1,0.0381448120267469,0.333333333333333,0.583494399296627,0.469792883537687,46.9792883537687,0.74959172563963,0,0.530207116462313,0.362001191712851,36.2001191712851,"SURVEILLER (FAIBLE VOLUME)"
"LABORATOIRE D'ANALYSES ET DE BIOLOGIE MEDICALE DU LONGCHAMP","Laboratoire","ABIDJAN",1,1,1,75600,75600,0,75600,75600,0,1,0,70466.6666666667,1,0.18717005734016,1.76524062158161,0.0815903054448871,0,"Coût Élevé",1.76524062158161,0.0815903054448871,1,1,1,0,0.882620310790807,0.0407951527224436,0.333333333333333,0,0.377024639053975,37.7024639053975,0.341861731083288,0.117379689209193,0.622975360946025,0.364514366278745,36.4514366278745,"SURVEILLER (FAIBLE VOLUME)"
"LABORATOIRE DE BIOLOGIE MEDICALE LA MAISON BLANCHE","Laboratoire","ABIDJAN",1,1,1,30000,30000,0,30000,30000,0,1,0,70466.6666666667,1,0.18717005734016,0.700492310151434,0.0815903054448871,0,"Économique",0.700492310151434,0.0815903054448871,1,1,1,0,0.350246155075717,0.0407951527224436,0.333333333333333,0,0.217312392339448,21.7312392339448,0.214480130647795,0.649753844924283,0.782687607660552,0.615872607163493,61.5872607163493,"SURVEILLER (FAIBLE VOLUME)"
"LABORATOIRE DE LA PHCIE NOUVEAU QUARTIER","Pharmacie","ABIDJAN",1,1,1,72080,46165,25915,72080,72080,0.561356005631972,1,0,13117.5,1.17391304347826,0.0106522874796592,1.68304952385718,0.0815903054448871,52.6981652254407,"Coût Élevé",1.68304952385718,0.0815903054448871,1,1,1,0,0.84152476192859,0.0407951527224436,0.333333333333333,1,0.46469597439531,46.469597439531,0.335329341317365,0.15847523807141,0.53530402560469,0.344577573733913,34.4577573733913,"SURVEILLER (FAIBLE VOLUME)"
"LABORATOIRE DR PIERRE MONTAGNIER","Laboratoire","ABIDJAN",29,28,22,2504520,2021620,482900,89447.1428571429,113841.818181818,0.238867838664042,1.27272727272727,0,70466.6666666667,1,0.18717005734016,2.08856785788151,0.103842206929856,1.27620754119836,"Coût Élevé",2.08856785788151,0.103842206929856,1,1,1,0,1,0.0519211034649282,0.333333333333333,0.638103770599182,0.479386708099397,47.9386708099397,0.881872618399565,0,0.520613291900603,0.384619840440154,38.4619840440154,"SURVEILLER"
"LABORATOIRE EL MARWANI","Laboratoire","ABIDJAN",1,1,1,142368,108808,33560,142368,142368,0.308433203440923,1,0,70466.6666666667,1,0.18717005734016,3.32425630705465,0.0815903054448871,1.64787684432015,"Coût Élevé",3.32425630705465,0.0815903054448871,1,1,1,0,1,0.0407951527224436,0.333333333333333,0.823938422160075,0.49463238803274,49.463238803274,0.426782798040283,0,0.505367611967259,0.28750360439496,28.750360439496,"SURVEILLER (FAIBLE VOLUME)"
"LABORATOIRE LONGCHAMP","Laboratoire","ABIDJAN",138,135,105,12960463,11212300,1748163,96003.4296296296,123432.980952381,0.155914754332296,1.28571428571429,0.0144927536231884,70466.6666666667,1,0.18717005734016,2.22688699083512,0.104486972024949,0.833011201406746,"Coût Élevé",2.22688699083512,0.104486972024949,1,1,1,0,1,0.0522434860124747,0.333333333333333,0.416505600703373,0.45732360587408,45.732360587408,0.98421339139902,0,0.54267639412592,0.413913235930172,41.3913235930172,"RENÉGOCIER"
"LABORATOIRE LONGCHAMP SODEXAM","Laboratoire","ABIDJAN",8,8,8,445900,349300,96600,55737.5,55737.5,0.276553106212425,1,0,70466.6666666667,1,0.18717005734016,1.30145633790219,0.0815903054448871,1.47754993583093,"Coût Élevé",1.30145633790219,0.0815903054448871,1,1,1,0,0.650728168951093,0.0407951527224436,0.333333333333333,0.738774967915467,0.381334493293608,38.1334493293608,0.615133369624388,0.349271831048907,0.618665506706392,0.510201609026997,51.0201609026997,"SURVEILLER (FAIBLE VOLUME)"
"LABORATOIRE PLACE DE LA REPUBLIQUE","Laboratoire","ABIDJAN",6,6,3,392000,317000,75000,65333.3333333333,130666.666666667,0.236593059936909,2,0,70466.6666666667,1,0.18717005734016,1.52551658655201,0.163180610889774,1.2640540014738,"Coût Élevé",1.52551658655201,0.163180610889774,1,1,1,0,0.762758293276006,0.0815903054448871,0.333333333333333,0.632027000736898,0.416507279689958,41.6507279689958,0.591725639629831,0.237241706723994,0.583492720310042,0.446638898739581,44.6638898739581,"SURVEILLER (FAIBLE VOLUME)"
"LAMCA","Autre","ABIDJAN",1,1,1,90000,60000,30000,90000,90000,0.5,1,0,31737.9656862745,1,0.0133114157048418,2.1014769304543,0.0815903054448871,37.5617448276469,"Coût Élevé",2.1014769304543,0.0815903054448871,1,1,1,0,1,0.0407951527224436,0.333333333333333,1,0.512238545816733,51.2238545816733,0.359825802939575,0,0.487761454183267,0.267069742261222,26.7069742261222,"SURVEILLER (FAIBLE VOLUME)"
"LAPAIRE GLASSES","Optique","ABIDJAN",42,42,42,3977016.88888889,3340002,637014.888888889,94690.8783068783,94690.8783068783,0.190722906420083,1,0,317347.222222222,1,0.452767755831414,2.21100773651512,0.0815903054448871,0.421237828806646,"Coût Élevé",2.21100773651512,0.0815903054448871,1,1,1,0,1,0.0407951527224436,0.333333333333333,0.210618914403323,0.433300437257065,43.3300437257065,0.922155688622755,0,0.566699562742935,0.411110962821725,41.1110962821725,"RENÉGOCIER"
"LAVUE OPTICIEN","Optique","ABIDJAN",1,1,1,105000,90000,15000,105000,105000,0.166666666666667,1,0,317347.222222222,1,0.452767755831414,2.45172308553002,0.0815903054448871,0.368106307306752,"Coût Élevé",2.45172308553002,0.0815903054448871,1,1,1,0,1,0.0407951527224436,0.333333333333333,0.184053153653376,0.430643861182071,43.0643861182071,0.382144801306478,0,0.569356138817929,0.304171415788467,30.4171415788467,"SURVEILLER (FAIBLE VOLUME)"
"LCOM`LUNETTE","Autre","ABIDJAN",6,6,6,3889472.22222222,2540000,1349472.22222222,648245.37037037,648245.37037037,0.531288276465442,1,0,31737.9656862745,1,0.0133114157048418,15.1363632345238,0.0815903054448871,39.9122293410305,"Coût Élevé",15.1363632345238,0.0815903054448871,1,1,1,0,1,0.0407951527224436,0.333333333333333,1,0.512238545816733,51.2238545816733,0.919978225367447,0,0.487761454183267,0.379100226746796,37.9100226746796,"SURVEILLER (FAIBLE VOLUME)"
"LE DELAI ENTRE 02 PRESTATIONS CONSULTATION PEDIATRIE EST DE 15 JOUR. LA DERNIERE PRESTATION EST EN DATE DU 28-04-2025 A POLYCLINIQUE SACRE COEUR","Clinique","ABIDJAN",1,1,1,25575,25575,0,25575,25575,0,1,0,42616.7291666667,1.45454545454545,0.0745173990347981,0.597169694404098,0.0815903054448871,0,"Économique",0.597169694404098,0.0815903054448871,1,0,0,0,0.298584847202049,0.0407951527224436,0.333333333333333,0,0.201813999977348,20.1813999977348,0.201959716929777,0.701415152797951,0.798186000022652,0.640232404514197,64.0232404514197,"SURVEILLER (FAIBLE VOLUME)"
"LE LABELLE OPTIQUE","Optique","HORS-ABIDJAN",4,4,4,1343333.33333333,1110000,233333.333333333,335833.333333333,335833.333333333,0.21021021021021,1,0,317347.222222222,1,0.452767755831414,7.84162224975078,0.0815903054448871,0.464278225431938,"Coût Élevé",7.84162224975078,0.0815903054448871,1,1,1,0,1,0.0407951527224436,0.333333333333333,0.232139112715969,0.43545245708833,43.545245708833,0.801306477953185,0,0.56454754291167,0.386080312755305,38.6080312755305,"SURVEILLER (FAIBLE VOLUME)"
"LEADERS OPTIQUE","Optique","HORS-ABIDJAN",2,2,2,288888.888888889,250000,38888.8888888888,144444.444444444,144444.444444444,0.155555555555555,1,0,317347.222222222,1,0.452767755831414,3.37274075258098,0.0815903054448871,0.343565886819634,"Coût Élevé",3.37274075258098,0.0815903054448871,1,1,1,0,1,0.0407951527224436,0.333333333333333,0.171782943409817,0.429416840157715,42.9416840157715,0.538922155688623,0,0.570583159842285,0.336017695074639,33.6017695074639,"SURVEILLER (FAIBLE VOLUME)"
"LECLAIRE","Autre","ABIDJAN",2,2,2,633333.333333333,460000,173333.333333333,316666.666666667,316666.666666667,0.376811594202899,1,0,31737.9656862745,1,0.0133114157048418,7.39408549604292,0.0815903054448871,28.3074018990962,"Coût Élevé",7.39408549604292,0.0815903054448871,1,1,1,0,1,0.0407951527224436,0.333333333333333,1,0.512238545816733,51.2238545816733,0.672836145890038,0,0.487761454183267,0.329671810851314,32.9671810851315,"SURVEILLER (FAIBLE VOLUME)"
"LES PARACLINIQUES DES OLIVIERS","Clinique","HORS-ABIDJAN",38,33,17,1411433,1351334,60099,42770.696969697,83025.4705882353,0.0444738310439906,1.94117647058824,0.0263157894736842,42616.7291666667,1.45454545454545,0.0745173990347981,0.985318724414164,0.156462735602356,0.596824790183864,"Standard",0.985318724414164,0.156462735602356,1,0.642857142857143,0,0,0.492659362207082,0.078231367801178,0.333333333333333,0.298412395091932,0.301108458511671,30.1108458511671,0.809471965160588,0.507340637792918,0.698891541488329,0.644387264744616,64.4387264744616,"CONSERVER"
"LU VISION PLUS","Optique","HORS-ABIDJAN",1,1,1,275000,175000,1e+05,275000,275000,0.571428571428571,1,0,317347.222222222,1,0.452767755831414,6.42117950972148,0.0815903054448871,1.26207876790886,"Coût Élevé",6.42117950972148,0.0815903054448871,1,1,1,0,1,0.0407951527224436,0.333333333333333,0.631039383954431,0.475342484212176,47.5342484212176,0.525857376156777,0,0.524657515787824,0.315034481546485,31.5034481546485,"SURVEILLER (FAIBLE VOLUME)"
"LUNETTES DE PARIS (GROUPE ASSISTANCE OPTIQUE)","Optique","ABIDJAN",20,20,20,7261944.44444444,4995000,2266944.44444444,363097.222222222,363097.222222222,0.453842731620509,1,0,317347.222222222,1,0.452767755831414,8.47822706680044,0.0815903054448871,1.00237423220901,"Coût Élevé",8.47822706680044,0.0815903054448871,1,1,1,0,1,0.0407951527224436,0.333333333333333,0.501187116104504,0.462357257427183,46.2357257427183,0.962438758845944,0,0.537642742572817,0.407544848798316,40.7544848798316,"RENÉGOCIER"
"LUX'VISION","Optique","ABIDJAN",4,4,4,1325000,980000,345000,331250,331250,0.352040816326531,1,0,317347.222222222,1,0.452767755831414,7.73460259125542,0.0815903054448871,0.777530669515281,"Coût Élevé",7.73460259125542,0.0815903054448871,1,1,1,0,1,0.0407951527224436,0.333333333333333,0.388765334757641,0.451115079292497,45.1115079292497,0.798040283070223,0,0.548884920707503,0.379162024897046,37.9162024897046,"SURVEILLER (FAIBLE VOLUME)"
"LYNX OPTIQUE","Optique","ABIDJAN",2,2,2,1546666.66666667,940000,606666.666666666,773333.333333333,773333.333333333,0.645390070921985,1,0,317347.222222222,1,0.452767755831414,18.0571351061259,0.0815903054448871,1.42543293467721,"Coût Élevé",18.0571351061259,0.0815903054448871,1,1,1,0,1,0.0407951527224436,0.333333333333333,0.712716467338603,0.483510192550593,48.3510192550593,0.819814915623299,0,0.516489807449407,0.370558906104422,37.0558906104422,"SURVEILLER (FAIBLE VOLUME)"
"LYSANGE OPTIC","Optique","ABIDJAN",1,1,1,180000,180000,0,180000,180000,0,1,0,317347.222222222,1,0.452767755831414,4.20295386090861,0.0815903054448871,0,"Coût Élevé",4.20295386090861,0.0815903054448871,1,1,1,0,1,0.0407951527224436,0.333333333333333,0,0.412238545816733,41.2238545816733,0.456722917800762,0,0.587761454183267,0.326449165233459,32.6449165233459,"SURVEILLER (FAIBLE VOLUME)"
"La Feuille blanche-Centre Paramedical","Centre Medical","ABIDJAN",1,1,1,50000,50000,0,50000,50000,0,1,1,33841.4752475248,1.23636363636364,0.0589823610679747,0.806468958490157,0.067516879219805,0,"Économique",0.806468958490157,0.067516879219805,1,0,1,0,0.403234479245079,0.0337584396099025,0.333333333333333,0,0.231097875656494,23.1097875656494,0.284158954817637,0.596765520754921,0.768902124343506,0.603098849002898,60.3098849002898,"SURVEILLER (FAIBLE VOLUME)"
"MAGIC VISION CENTER","Optique","ABIDJAN",3,3,2,977500,620000,357500,325833.333333333,488750,0.576612903225806,1.5,0,317347.222222222,1,0.452767755831414,7.60812481303363,0.122385458167331,1.27352907931126,"Coût Élevé",7.60812481303363,0.122385458167331,1,1,1,0,1,0.0611927290836653,0.333333333333333,0.636764539655631,0.482034272690663,48.2034272690663,0.754491017964072,0,0.517965727309337,0.358084494516549,35.8084494516549,"SURVEILLER (FAIBLE VOLUME)"
"MAHANAIM OPTIQUE","Optique","ABIDJAN",2,2,2,389000,312000,77000,194500,194500,0.246794871794872,1,0,317347.222222222,1,0.452767755831414,4.54152514414847,0.0815903054448871,0.545080493511921,"Coût Élevé",4.54152514414847,0.0815903054448871,1,1,1,0,1,0.0407951527224436,0.333333333333333,0.27254024675596,0.439492570492329,43.9492570492329,0.589548176374524,0,0.560507429507671,0.342112607077973,34.2112607077973,"SURVEILLER (FAIBLE VOLUME)"
"MAISON BONNET","Autre","ABIDJAN",1,1,1,752994,476497,276497,752994,752994,0.580270180085079,1,0,31737.9656862745,1,0.0133114157048418,17.582216886339,0.0815903054448871,43.5919208708969,"Coût Élevé",17.582216886339,0.0815903054448871,1,1,1,0,1,0.0407951527224436,0.333333333333333,1,0.512238545816733,51.2238545816733,0.704953728905825,0,0.487761454183267,0.336095327454472,33.6095327454472,"SURVEILLER (FAIBLE VOLUME)"
"MAISON DES LUNETTES","Autre","ABIDJAN",5,5,5,2428333.33333333,1480000,948333.333333333,485666.666666667,485666.666666667,0.640765765765766,1,0,31737.9656862745,1,0.0133114157048418,11.3401921765627,0.0815903054448871,48.1365603759709,"Coût Élevé",11.3401921765627,0.0815903054448871,1,1,1,0,1,0.0407951527224436,0.333333333333333,1,0.512238545816733,51.2238545816733,0.876973326075122,0,0.487761454183267,0.370499246888331,37.0499246888331,"SURVEILLER (FAIBLE VOLUME)"
"MAISON ESTHETIQUE DENTAIRE","Autre","ABIDJAN",1,1,1,10000,10000,0,10000,10000,0,1,0,31737.9656862745,1,0.0133114157048418,0.233497436717145,0.0815903054448871,0,"Économique",0.233497436717145,0.0815903054448871,1,1,1,0,0.116748718358572,0.0407951527224436,0.333333333333333,0,0.147263161324305,14.7263161324305,0.0724006532389766,0.883251281641428,0.852736838675695,0.708875378774644,70.8875378774644,"SURVEILLER (FAIBLE VOLUME)"
"MAITRE OPTIC","Optique","ABIDJAN",6,6,6,2752341.26984127,1690000,1062341.26984127,458723.544973545,458723.544973545,0.628604301681224,1,0,317347.222222222,1,0.452767755831414,10.7110771913125,0.0815903054448871,1.38835924949409,"Coût Élevé",10.7110771913125,0.0815903054448871,1,1,1,0,1,0.0407951527224436,0.333333333333333,0.694179624747044,0.481656508291437,48.1656508291437,0.890038105606968,0,0.518343491708563,0.385345017804819,38.5345017804819,"SURVEILLER (FAIBLE VOLUME)"
"MAJ OPTICIEN","Optique","HORS-ABIDJAN",4,4,4,1237500,840000,397500,309375,309375,0.473214285714286,1,0,317347.222222222,1,0.452767755831414,7.22382694843667,0.0815903054448871,1.04515897967453,"Coût Élevé",7.22382694843667,0.0815903054448871,1,1,1,0,1,0.0407951527224436,0.333333333333333,0.522579489837263,0.464496494800459,46.4496494800459,0.786064235166032,0,0.535503505199541,0.371414249113023,37.1414249113023,"SURVEILLER (FAIBLE VOLUME)"
"MARANATHA VISION","Optique","ABIDJAN",6,6,6,2541111.11111111,1630000,911111.11111111,423518.518518518,423518.518518518,0.558963871847307,1,0,317347.222222222,1,0.452767755831414,9.88904884763167,0.0815903054448871,1.23454876070158,"Coût Élevé",9.88904884763167,0.0815903054448871,1,1,1,0,1,0.0407951527224436,0.333333333333333,0.617274380350789,0.473965983851812,47.3965983851812,0.885683179096353,0,0.526034016148188,0.387550242278546,38.7550242278546,"SURVEILLER (FAIBLE VOLUME)"
"MEDICALIS CENTRE MEDICAL","Centre Medical","ABIDJAN",39,27,23,1368000,1360000,8000,50666.6666666667,59478.2608695652,0.00588235294117647,1.17391304347826,0.0256410256410256,33841.4752475248,1.23636363636364,0.0589823610679747,1.16375886043631,0.0949196910565106,0.099730713295748,"Standard",1.16375886043631,0.0949196910565106,1,0,1,0,0.581879430218154,0.0474598455282553,0.333333333333333,0.049865356647874,0.29378831838871,29.378831838871,0.802395209580838,0.418120569781846,0.70621168161129,0.610211942473422,61.0211942473422,"CONSERVER"
"METHODIC VISION","Optique","HORS-ABIDJAN",1,1,1,90000,90000,0,90000,90000,0,1,0,317347.222222222,1,0.452767755831414,2.1014769304543,0.0815903054448871,0,"Coût Élevé",2.1014769304543,0.0815903054448871,1,1,1,0,1,0.0407951527224436,0.333333333333333,0,0.412238545816733,41.2238545816733,0.359825802939575,0,0.587761454183267,0.307069742261222,30.7069742261222,"SURVEILLER (FAIBLE VOLUME)"
"MIKADE (OPHTALMOLOGIE)","Autre","ABIDJAN",52,46,40,1370625,1338875,31750,29796.1956521739,34265.625,0.0237139389412753,1.15,0.0576923076923077,31737.9656862745,1,0.0133114157048418,0.675997934124436,0.0928610392125123,1.78147384674117,"Économique",0.675997934124436,0.0928610392125123,1,1,1,0,0.337998967062218,0.0464305196062562,0.333333333333333,0.890736923370583,0.3044025383376,30.44025383376,0.802939575394665,0.662001032937782,0.6955974616624,0.703627312919006,70.3627312919006,"CONSERVER"
"MODERN OPTIQUE","Optique","HORS-ABIDJAN",2,2,2,1045619.04761905,649000,396619.047619047,522809.523809524,522809.523809524,0.611123339936898,1,0,317347.222222222,1,0.452767755831414,12.2074683700835,0.0815903054448871,1.34975013583884,"Coût Élevé",12.2074683700835,0.0815903054448871,1,1,1,0,1,0.0407951527224436,0.333333333333333,0.674875067919421,0.479726052608675,47.9726052608675,0.762112139357648,0,0.520273947391325,0.36053200682806,36.053200682806,"SURVEILLER (FAIBLE VOLUME)"
"MODERN OPTIQUE DJIBI","Optique","ABIDJAN",1,1,1,318888.888888889,215000,103888.888888889,318888.888888889,318888.888888889,0.483204134366926,1,0,317347.222222222,1,0.452767755831414,7.4459738153134,0.0815903054448871,1.06722293746299,"Coût Élevé",7.4459738153134,0.0815903054448871,1,1,1,0,1,0.0407951527224436,0.333333333333333,0.533611468731493,0.465599692689882,46.5599692689882,0.557974959172564,0,0.534400307310118,0.32535511475856,32.535511475856,"SURVEILLER (FAIBLE VOLUME)"
"MODERN'OPTIQUE","Optique","ABIDJAN",9,9,8,7310888.88888889,4266000,3044888.88888889,812320.987654321,913861.111111111,0.713757357920508,1.125,0.111111111111111,317347.222222222,1,0.452767755831414,18.0687607913027,0.0894582251334436,1.57643151202285,"Coût Élevé",18.0687607913027,0.0894582251334436,1,1,1,0,1,0.0447291125667218,0.333333333333333,0.788215756011425,0.492240309371159,49.2240309371159,0.963527490473598,0,0.507759690628841,0.395809374346256,39.5809374346256,"SURVEILLER (FAIBLE VOLUME)"
"MODERN'OPTIQUE VALLON","Optique","ABIDJAN",5,5,5,4469833.33333333,2587000,1882833.33333333,893966.666666667,893966.666666667,0.727805695142378,1,0,317347.222222222,1,0.452767755831414,20.8738925177237,0.0815903054448871,1.60745920125411,"Coût Élevé",20.8738925177237,0.0815903054448871,1,1,1,0,1,0.0407951527224436,0.333333333333333,0.803729600627053,0.492611505879438,49.2611505879438,0.929232444202504,0,0.507388494120562,0.388801886488725,38.8801886488725,"SURVEILLER (FAIBLE VOLUME)"
"MONDIAL OPTIC","Optique","ABIDJAN",3,3,3,653888.888888889,480000,173888.888888889,217962.962962963,217962.962962963,0.362268518518518,1,0,317347.222222222,1,0.452767755831414,5.08937931511258,0.0815903054448871,0.800119959632036,"Coût Élevé",5.08937931511258,0.0815903054448871,1,1,1,0,1,0.0407951527224436,0.333333333333333,0.400059979816018,0.452244543798335,45.2244543798335,0.677191072400653,0,0.547755456201665,0.354540396960797,35.4540396960797,"SURVEILLER (FAIBLE VOLUME)"
"NET VISION DALOA","Optique","HORS-ABIDJAN",3,3,3,590000,420000,170000,196666.666666667,196666.666666667,0.404761904761905,1,0,317347.222222222,1,0.452767755831414,4.59211625543718,0.0815903054448871,0.893972460602111,"Coût Élevé",4.59211625543718,0.0815903054448871,1,1,1,0,1,0.0407951527224436,0.333333333333333,0.446986230301055,0.456937168846839,45.6937168846839,0.659227000544366,0,0.543062831153161,0.349070532570138,34.9070532570138,"SURVEILLER (FAIBLE VOLUME)"
"NEW CABINET MEDICAL KAHYDARA","Cabinet","ABIDJAN",14,11,9,243000,243000,0,22090.9090909091,27000,0,1.22222222222222,0,35500,1.25,0,0.515817064747874,0.0997214844326398,0,"Économique",0.515817064747874,0.0997214844326398,1,1,1,0,0.257908532373937,0.0498607422163199,0.333333333333333,0,0.192330782377077,19.2330782377077,0.507348938486663,0.742091467626063,0.807669217622923,0.721374061796927,72.1374061796927,"SURVEILLER (FAIBLE VOLUME)"
"NEW OPTICAL","Optique","ABIDJAN",1,1,1,193333.333333333,180000,13333.3333333333,193333.333333333,193333.333333333,0.0740740740740739,1,0,317347.222222222,1,0.452767755831414,4.51428377653147,0.0815903054448871,0.163602803247445,"Coût Élevé",4.51428377653147,0.0815903054448871,1,1,1,0,1,0.0407951527224436,0.333333333333333,0.0818014016237224,0.420418685979105,42.0418685979105,0.468154599891127,0,0.579581314020895,0.325463445586583,32.5463445586583,"SURVEILLER (FAIBLE VOLUME)"
"NOHAM VISION OPTIQUE","Optique","ABIDJAN",4,4,4,840277.777777778,750000,90277.7777777776,210069.444444444,210069.444444444,0.12037037037037,1,0,317347.222222222,1,0.452767755831414,4.90506768103724,0.0815903054448871,0.265854555277098,"Coût Élevé",4.90506768103724,0.0815903054448871,1,1,1,0,1,0.0407951527224436,0.333333333333333,0.132927277638549,0.425531273580588,42.5531273580588,0.72509526401742,0,0.574468726419412,0.374806543371249,37.4806543371249,"SURVEILLER (FAIBLE VOLUME)"
"NOUVELLE CLINIQUE DES ROCHERS","Clinique","HORS-ABIDJAN",63,57,35,1189233,1179623,9610,20863.7368421053,33978.0857142857,0.00814667058882372,1.62857142857143,0,42616.7291666667,1.45454545454545,0.0745173990347981,0.487162907297264,0.132875640295959,0.109325750688365,"Économique",0.487162907297264,0.132875640295959,1,0.473684210526316,0.352631578947368,0,0.243581453648632,0.0664378201479795,0.333333333333333,0.0546628753441823,0.198472069673402,19.8472069673402,0.783886771910724,0.756418546351368,0.801527930326598,0.779955945053331,77.9955945053331,"PRIVILÉGIER"
"NOUVELLE CLINIQUE DES ROGERS","Clinique","HORS-ABIDJAN",1,1,1,10000,10000,0,10000,10000,0,1,0,42616.7291666667,1.45454545454545,0.0745173990347981,0.233497436717145,0.0815903054448871,0,"Économique",0.233497436717145,0.0815903054448871,1,0,0,0,0.116748718358572,0.0407951527224436,0.333333333333333,0,0.147263161324305,14.7263161324305,0.0724006532389766,0.883251281641428,0.852736838675695,0.708875378774644,70.8875378774644,"SURVEILLER (FAIBLE VOLUME)"
"NOUVELLE CLINIQUE IROKO","Clinique","ABIDJAN",17,15,14,524900,509700,15200,34993.3333333333,37492.8571428571,0.0298214636060428,1.07142857142857,0.0588235294117647,42616.7291666667,1.45454545454545,0.0745173990347981,0.793407288245047,0.086135727526416,0.400194639001245,"Économique",0.793407288245047,0.086135727526416,1,0.5625,0,0,0.396703644122523,0.043067863763208,0.333333333333333,0.200097319500623,0.251941184315782,25.1941184315782,0.639629831246598,0.603296355877477,0.748058815684218,0.668468034873998,66.8468034873998,"SURVEILLER (FAIBLE VOLUME)"
"NOUVELLE CLINIQUE MARIE-ELIANA","Clinique","ABIDJAN",2,1,1,37025,37025,0,37025,37025,0,1,0,42616.7291666667,1.45454545454545,0.0745173990347981,0.864524259445229,0.0815903054448871,0,"Économique",0.864524259445229,0.0815903054448871,1,4.5,0,0,0.432262129722614,0.0407951527224436,1,0,0.441917184733517,44.1917184733517,0.247142079477409,0.567737870277386,0.558082815266483,0.499756690113029,49.9756690113029,"SURVEILLER (FAIBLE VOLUME)"
"NOUVELLE CLINIQUE MEDICALE GRANDE ETOILE AZITO","Clinique","ABIDJAN",3,3,3,50000,50000,0,16666.6666666667,16666.6666666667,0,1,0,42616.7291666667,1.45454545454545,0.0745173990347981,0.389162394528575,0.0815903054448871,0,"Économique",0.389162394528575,0.0815903054448871,1,0,0,0,0.194581197264287,0.0407951527224436,0.333333333333333,0,0.170612904996019,17.0612904996019,0.284158954817637,0.805418802735713,0.829387095003981,0.710754150059405,71.0754150059405,"SURVEILLER (FAIBLE VOLUME)"
"NOUVELLE CLINIQUE MEDICALE SAINT JOSEPH LE BATISSEUR D'ADZOPE","Clinique","HORS-ABIDJAN",7,4,2,172225,165125,7100,43056.25,86112.5,0.042997728993187,2,0,42616.7291666667,1.45454545454545,0.0745173990347981,1.00535240096526,0.163180610889774,0.577015966071332,"Standard",1.00535240096526,0.163180610889774,1,4.5,0,0,0.502676200482628,0.0815903054448871,1,0.288507983035666,0.504130750081821,50.4130750081821,0.450734893848666,0.497323799517372,0.495869249918179,0.487424198543954,48.7424198543954,"SURVEILLER (FAIBLE VOLUME)"
"NOUVELLE CLINIQUE RHEMA","Clinique","ABIDJAN",59,40,26,3720593,3163026,557567,93014.825,143099.730769231,0.176276451726922,1.53846153846154,0.101694915254237,42616.7291666667,1.45454545454545,0.0745173990347981,2.07881361249018,0.122575468965992,2.36557440289354,"Coût Élevé",2.07881361249018,0.122575468965992,1,1.28571428571429,2.5125,1,1,0.0612877344829962,0.428571428571429,1,0.546957748916327,54.6957748916327,0.916712030484486,0,0.453042251083673,0.364559306530366,36.4559306530366,"RENÉGOCIER"
"NOUVELLE CLINIQUE SAINT AUGUSTIN","Clinique","HORS-ABIDJAN",15,11,5,217500,217500,0,19772.7272727273,43500,0,2.2,0,42616.7291666667,1.45454545454545,0.0745173990347981,0.4616881135089,0.179498671978752,0,"Économique",0.4616881135089,0.179498671978752,1,0.818181818181818,1.82727272727273,0,0.23084405675445,0.0897493359893758,0.333333333333333,0,0.196178017823148,19.6178017823148,0.490473598258029,0.76915594324555,0.803821982176852,0.727285889820567,72.7285889820567,"SURVEILLER (FAIBLE VOLUME)"
"NOUVELLE CLINIQUE SAINT SAUVEUR","Clinique","ABIDJAN",40,23,9,1079680,1028485,51195,46942.6086956522,119964.444444444,0.0497770993257072,2.55555555555556,0,42616.7291666667,1.45454545454545,0.0745173990347981,1.09609788032507,0.208508558359156,0.667992978424574,"Standard",1.09609788032507,0.208508558359156,1,2.35714285714286,2.62173913043478,1,0.548048940162537,0.104254279179578,0.785714285714286,0.333996489212287,0.464804900438149,46.4804900438149,0.770277626565052,0.451951059837463,0.535195099561851,0.548913989072736,54.8913989072736,"SURVEILLER"
"NOUVELLE CLINIQUE STE DIANE","Clinique","ABIDJAN",22,16,8,772896,702251,70645,48306,96612,0.100597934356804,2,0,42616.7291666667,1.45454545454545,0.0745173990347981,1.12793271780584,0.163180610889774,1.34999256092966,"Standard",1.12793271780584,0.163180610889774,1,1.125,1.25625,0,0.56396635890292,0.0815903054448871,0.375,0.674996280464828,0.373666627350825,37.3666627350825,0.711486118671747,0.43603364109708,0.626333372649175,0.567244029232852,56.7244029232852,"SURVEILLER (FAIBLE VOLUME)"
"NOUVELLE PHARMACIE 220 LOGEMENTS ADJAME","Pharmacie","ABIDJAN",17,16,14,244540,238300,6240,15283.75,17467.1428571429,0.0261854804867814,1.14285714285714,0,13117.5,1.17391304347826,0.0106522874796592,0.356871644842566,0.0932460633655853,2.45820257261957,"Économique",0.356871644842566,0.0932460633655853,1,1,1,0,0.178435822421283,0.0466230316827926,0.333333333333333,1,0.267517656231223,26.7517656231223,0.510070767555797,0.821564177578717,0.732482343768777,0.723632762050157,72.3632762050157,"SURVEILLER (FAIBLE VOLUME)"
"NOUVELLE PHARMACIE AVENUE NOGUES","Pharmacie","ABIDJAN",79,76,58,1378670,1328805,49865,18140.3947368421,23770.1724137931,0.0375261983511501,1.31034482758621,0.0253164556962025,13117.5,1.17391304347826,0.0106522874796592,0.418641823629169,0.106148472154552,3.52283004216769,"Économique",0.418641823629169,0.106148472154552,1,1,1,0,0.209320911814585,0.0530742360772761,0.333333333333333,1,0.278718544367558,27.8718544367558,0.804028307022319,0.790679088185416,0.721281455632442,0.765589878931607,76.5589878931607,"PRIVILÉGIER"
"NOUVELLE PHARMACIE AWALE","Pharmacie","ABIDJAN",9,9,9,142676,131126,11550,15852.8888888889,15852.8888888889,0.088083217668502,1,0,13117.5,1.17391304347826,0.0106522874796592,0.370160892011726,0.0815903054448871,8.26894860251371,"Économique",0.370160892011726,0.0815903054448871,1,1,1,0,0.185080446005863,0.0407951527224436,0.333333333333333,1,0.267762679618492,26.7762679618492,0.42732716385411,0.814919553994137,0.732237320381508,0.70432818252108,70.432818252108,"SURVEILLER (FAIBLE VOLUME)"
"NOUVELLE PHARMACIE BETHESDA SARL","Pharmacie","ABIDJAN",3,3,3,38135,38135,0,12711.6666666667,12711.6666666667,0,1,0,13117.5,1.17391304347826,0.0106522874796592,0.296814158306944,0.0815903054448871,0,"Économique",0.296814158306944,0.0815903054448871,1,1,1,0,0.148407079153472,0.0407951527224436,0.333333333333333,0,0.156760669562775,15.6760669562775,0.251497005988024,0.851592920846528,0.843239330437225,0.728232301711106,72.8232301711106,"SURVEILLER (FAIBLE VOLUME)"
"NOUVELLE PHARMACIE CARREFOUR","Pharmacie","HORS-ABIDJAN",1,1,1,3365,3365,0,3365,3365,0,1,0,13117.5,1.17391304347826,0.0106522874796592,0.0785718874553192,0.0815903054448871,0,"Économique",0.0785718874553192,0.0815903054448871,1,1,1,0,0.0392859437276596,0.0407951527224436,0.333333333333333,0,0.124024328935031,12.4024328935031,0.0130647795318454,0.96071405627234,0.875975671064969,0.737288846841293,73.7288846841293,"SURVEILLER (FAIBLE VOLUME)"
"NOUVELLE PHARMACIE CHRIST ROI","Pharmacie","ABIDJAN",4,4,3,56660,56660,0,14165,18886.6666666667,0,1.33333333333333,0,13117.5,1.17391304347826,0.0106522874796592,0.330749119109836,0.108787073926516,0,"Économique",0.330749119109836,0.108787073926516,1,1,1,0,0.165374559554918,0.0543935369632581,0.333333333333333,0,0.165930428955453,16.5930428955453,0.303211758301579,0.834625440445082,0.834069571044547,0.728120356256168,72.8120356256168,"SURVEILLER (FAIBLE VOLUME)"
"NOUVELLE PHARMACIE D'ANYAMA","Pharmacie","ABIDJAN",27,25,23,369132,311112,58020,14765.28,16049.2173913043,0.186492324307645,1.08695652173913,0,13117.5,1.17391304347826,0.0106522874796592,0.344765503241092,0.0886851146140077,17.5072560390204,"Économique",0.344765503241092,0.0886851146140077,1,1,1,0,0.172382751620546,0.0443425573070039,0.333333333333333,1,0.265017592678265,26.5017592678265,0.579205225911813,0.827617248379454,0.734982407321735,0.740880907462838,74.0880907462838,"CONSERVER"
"NOUVELLE PHARMACIE DE BONOUA","Pharmacie","HORS-ABIDJAN",1,1,1,9630,9630,0,9630,9630,0,1,0,13117.5,1.17391304347826,0.0106522874796592,0.22485803155861,0.0815903054448871,0,"Économique",0.22485803155861,0.0815903054448871,1,1,1,0,0.112429015779305,0.0407951527224436,0.333333333333333,0,0.145967250550525,14.5967250550525,0.0713119216113228,0.887570984220695,0.854032749449475,0.710903877790333,71.0903877790333,"SURVEILLER (FAIBLE VOLUME)"
"NOUVELLE PHARMACIE DE BOUNA","Pharmacie","HORS-ABIDJAN",2,2,1,33810,23930,9880,16905,33810,0.412870873380694,2,0,13117.5,1.17391304347826,0.0106522874796592,0.394727416770333,0.163180610889774,38.7588932582867,"Économique",0.394727416770333,0.163180610889774,1,1,1,0,0.197363708385167,0.0815903054448871,0.333333333333333,1,0.283686204149016,28.3686204149016,0.23462166575939,0.802636291614833,0.716313795850984,0.654504368138205,65.4504368138205,"SURVEILLER (FAIBLE VOLUME)"
"NOUVELLE PHARMACIE DE L'ESPOIR","Pharmacie","HORS-ABIDJAN",1,1,1,14295,14295,0,14295,14295,0,1,0,13117.5,1.17391304347826,0.0106522874796592,0.333784585787158,0.0815903054448871,0,"Économique",0.333784585787158,0.0815903054448871,1,1,1,0,0.166892292893579,0.0407951527224436,0.333333333333333,0,0.162306233684807,16.2306233684807,0.11377245508982,0.833107707106421,0.837693766315193,0.69107508038661,69.107508038661,"SURVEILLER (FAIBLE VOLUME)"
"NOUVELLE PHARMACIE DE LA CITE","Pharmacie","HORS-ABIDJAN",48,45,23,762040,757080,4960,16934.2222222222,33132.1739130435,0.00655148729328473,1.95652173913043,0,13117.5,1.17391304347826,0.0106522874796592,0.39540974816874,0.159633206305214,0.615031025570326,"Économique",0.39540974816874,0.159633206305214,1,1,1,0,0.19770487408437,0.079816603152607,0.333333333333333,0.307515512785163,0.214007994449609,21.4007994449609,0.708219923788786,0.80229512591563,0.785992005550391,0.776958837344165,77.6958837344166,"PRIVILÉGIER"
"NOUVELLE PHARMACIE DE LA CITE SIR","Pharmacie","ABIDJAN",2,2,2,12820,12820,0,6410,6410,0,1,0,13117.5,1.17391304347826,0.0106522874796592,0.14967185693569,0.0815903054448871,0,"Économique",0.14967185693569,0.0815903054448871,1,1,1,0,0.0748359284678449,0.0407951527224436,0.333333333333333,0,0.134689324357087,13.4689324357087,0.10506260206859,0.925164071532155,0.865310675642913,0.737202419283746,73.7202419283745,"SURVEILLER (FAIBLE VOLUME)"
"NOUVELLE PHARMACIE DE LA VIE","Pharmacie","ABIDJAN",12,12,10,128390,123805,4585,10699.1666666667,12839,0.0370340454747385,1.2,0,13117.5,1.17391304347826,0.0106522874796592,0.249822799167618,0.0979083665338645,3.47662842797437,"Économique",0.249822799167618,0.0979083665338645,1,1,1,0,0.124911399583809,0.0489541832669323,0.333333333333333,1,0.252159674855222,25.2159674855222,0.410996189439303,0.875088600416191,0.747840325144778,0.731370808112248,73.1370808112248,"SURVEILLER (FAIBLE VOLUME)"
"NOUVELLE PHARMACIE DE LESPOIR","Pharmacie","HORS-ABIDJAN",1,1,1,2730,2730,0,2730,2730,0,1,0,13117.5,1.17391304347826,0.0106522874796592,0.0637448002237805,0.0815903054448871,0,"Économique",0.0637448002237805,0.0815903054448871,1,1,1,0,0.0318724001118903,0.0407951527224436,0.333333333333333,0,0.1218002658503,12.18002658503,0.00870985302123027,0.96812759988811,0.8781997341497,0.74027290421937,74.027290421937,"SURVEILLER (FAIBLE VOLUME)"
"NOUVELLE PHARMACIE DE TABOU","Pharmacie","HORS-ABIDJAN",2,2,2,31985,31985,0,15992.5,15992.5,0,1,0,13117.5,1.17391304347826,0.0106522874796592,0.373420775669894,0.0815903054448871,0,"Économique",0.373420775669894,0.0815903054448871,1,1,1,0,0.186710387834947,0.0407951527224436,0.333333333333333,0,0.168251662167217,16.8251662167217,0.225367446924333,0.813289612165053,0.831748337832783,0.703088669384001,70.3088669384001,"SURVEILLER (FAIBLE VOLUME)"
"NOUVELLE PHARMACIE DE TOUBA","Pharmacie","HORS-ABIDJAN",7,7,5,100325,96250,4075,14332.1428571429,20065,0.0423376623376623,1.4,0,13117.5,1.17391304347826,0.0106522874796592,0.334651861980679,0.114226427622842,3.97451368248437,"Économique",0.334651861980679,0.114226427622842,1,1,1,0,0.16732593099034,0.057113213811421,0.333333333333333,1,0.267331743440528,26.7331743440528,0.376701143168209,0.83267406900966,0.732668256559472,0.701477158861295,70.1477158861295,"SURVEILLER (FAIBLE VOLUME)"
"NOUVELLE PHARMACIE DES HIBISCUS","Pharmacie","ABIDJAN",109,106,64,2060491,2045274,15217,19438.5943396226,32195.171875,0.00744007893318939,1.65625,0.018348623853211,13117.5,1.17391304347826,0.0106522874796592,0.450084653054772,0.134695251315239,0.698448943233688,"Économique",0.450084653054772,0.134695251315239,1,1,1,0,0.225042326527386,0.0673476256576197,0.333333333333333,0.349224471616844,0.222639432817186,22.2639432817186,0.856831790963527,0.774957673472614,0.777360567182814,0.792293654454877,79.2293654454877,"PRIVILÉGIER"
"NOUVELLE PHARMACIE DES SAVANES","Pharmacie","HORS-ABIDJAN",3,3,3,42570,42540,30,14190,14190,0.000705218617771509,1,0.333333333333333,13117.5,1.17391304347826,0.0106522874796592,0.28831167073209,0.0762896240534938,0.066203490951417,"Économique",0.28831167073209,0.0762896240534938,1,1,1,0,0.144155835366045,0.0381448120267469,0.333333333333333,0.0331017454757085,0.158000368765408,15.8000368765408,0.263473053892216,0.855844164633955,0.841999631234592,0.731832129125862,73.1832129125862,"SURVEILLER (FAIBLE VOLUME)"
"NOUVELLE PHARMACIE DU MARCHE","Pharmacie","ABIDJAN",8,8,8,175021,155361,19660,21877.625,21877.625,0.126543984655094,1,0.125,13117.5,1.17391304347826,0.0106522874796592,0.48376697069724,0.0795184223408387,11.8795127240729,"Économique",0.48376697069724,0.0795184223408387,1,1,1,0,0.24188348534862,0.0397592111704194,0.333333333333333,1,0.284492808955712,28.4492808955712,0.455089820359281,0.75811651465138,0.715507191044288,0.680467446350124,68.0467446350124,"SURVEILLER (FAIBLE VOLUME)"
"NOUVELLE PHARMACIE DUNIA","Pharmacie","ABIDJAN",53,52,37,874502,848982,25520,16817.3461538462,23635.1891891892,0.0300595301196021,1.40540540540541,0,13117.5,1.17391304347826,0.0106522874796592,0.392680721930801,0.114667456300922,2.82188498733268,"Économique",0.392680721930801,0.114667456300922,1,1,1,0,0.196340360965401,0.0573337281504612,0.333333333333333,1,0.276102226734758,27.6102226734758,0.735982580293958,0.8036596390346,0.723897773265242,0.758219480978728,75.8219480978728,"PRIVILÉGIER"
"NOUVELLE PHARMACIE GABRIEL GARE","Pharmacie","ABIDJAN",8,8,5,40409,40385,24,5051.125,8081.8,0.000594280054475672,1.6,0,13117.5,1.17391304347826,0.0106522874796592,0.117942474003789,0.130544488711819,0.0557889613484864,"Économique",0.117942474003789,0.130544488711819,1,1,1,0,0.0589712370018944,0.0652722443559097,0.333333333333333,0.0278944806742432,0.140062492474766,14.0062492474766,0.258029395753947,0.941028762998106,0.859937507525234,0.771992387360125,77.1992387360125,"SURVEILLER (FAIBLE VOLUME)"
"NOUVELLE PHARMACIE LES HARMONIES","Pharmacie","ABIDJAN",20,19,7,297941,266330,31611,15681.1052631579,42563,0.118691097510607,2.71428571428571,0,13117.5,1.17391304347826,0.0106522874796592,0.36614978838391,0.221459400493265,11.1423107700812,"Économique",0.36614978838391,0.221459400493265,1,1,1,0,0.183074894191955,0.110729700246633,0.333333333333333,1,0.288141378331576,28.8141378331576,0.544910179640719,0.816925105808045,0.711858621668424,0.720495526918731,72.0495526918731,"SURVEILLER (FAIBLE VOLUME)"
"NOUVELLE PHARMACIE M'POUTO","Pharmacie","ABIDJAN",1,1,1,43831,40655,3176,43831,43831,0.0781207723527241,1,0,13117.5,1.17391304347826,0.0106522874796592,1.02344261487492,0.0815903054448871,7.33370860502008,"Standard",1.02344261487492,0.0815903054448871,1,1,1,0,0.511721307437459,0.0407951527224436,0.333333333333333,1,0.365754938047971,36.5754938047971,0.268372346216658,0.488278692562541,0.634245061952029,0.50268397104916,50.268397104916,"SURVEILLER (FAIBLE VOLUME)"
"NOUVELLE PHARMACIE MARLODIE","Pharmacie","HORS-ABIDJAN",4,4,3,54450,54450,0,13612.5,18150,0,1.33333333333333,0,13117.5,1.17391304347826,0.0106522874796592,0.317848385731213,0.108787073926516,0,"Économique",0.317848385731213,0.108787073926516,1,1,1,0,0.158924192865607,0.0543935369632581,0.333333333333333,0,0.163995318948659,16.3995318948659,0.296679368535656,0.841075807134393,0.836004681051341,0.730168068981425,73.0168068981425,"SURVEILLER (FAIBLE VOLUME)"
"NOUVELLE PHARMACIE MATENE","Pharmacie","ABIDJAN",3,3,2,42049,38685,3364,14016.3333333333,21024.5,0.0869587695489208,1.5,0,13117.5,1.17391304347826,0.0106522874796592,0.327277790550641,0.122385458167331,8.16338929220328,"Économique",0.327277790550641,0.122385458167331,1,1,1,0,0.16363889527532,0.0611927290836653,0.333333333333333,1,0.267449487307696,26.7449487307696,0.262384322264562,0.83636110472468,0.732550512692304,0.680041511419706,68.0041511419706,"SURVEILLER (FAIBLE VOLUME)"
"NOUVELLE PHARMACIE MODERNE DE DANANE","Pharmacie","HORS-ABIDJAN",1,1,1,20970,20970,0,20970,20970,0,1,0,13117.5,1.17391304347826,0.0106522874796592,0.489644124795853,0.0815903054448871,0,"Économique",0.489644124795853,0.0815903054448871,1,1,1,0,0.244822062397926,0.0407951527224436,0.333333333333333,0,0.185685164536111,18.5685164536111,0.175285792052259,0.755177937602074,0.814314835463889,0.662854267636837,66.2854267636837,"SURVEILLER (FAIBLE VOLUME)"
"NOUVELLE PHARMACIE NOTRE DAME","Pharmacie","ABIDJAN",11,11,11,92401,90513,1888,8400.09090909091,8400.09090909091,0.0208588821495255,1,0,13117.5,1.17391304347826,0.0106522874796592,0.196139969546372,0.0815903054448871,1.95815989658147,"Économique",0.196139969546372,0.0815903054448871,1,1,1,0,0.0980699847731859,0.0407951527224436,0.333333333333333,0.979079948290734,0.239567536077762,23.9567536077762,0.365813826891671,0.901930015226814,0.760432463922238,0.738107757037955,73.8107757037955,"SURVEILLER (FAIBLE VOLUME)"
"NOUVELLE PHARMACIE NOTRE DAME DU REFUGE","Pharmacie","ABIDJAN",8,8,8,100530,93890,6640,12566.25,12566.25,0.0707210565555437,1,0,13117.5,1.17391304347826,0.0106522874796592,0.293418716414682,0.0815903054448871,6.63904881374892,"Économique",0.293418716414682,0.0815903054448871,1,1,1,0,0.146709358207341,0.0407951527224436,0.333333333333333,1,0.256251353278935,25.6251353278935,0.377789874795863,0.853290641792659,0.743748646721065,0.714373690364662,71.4373690364662,"SURVEILLER (FAIBLE VOLUME)"
"NOUVELLE PHARMACIE PHENIX","Pharmacie","ABIDJAN",4,4,4,28460,28460,0,7115,7115,0,1,0,13117.5,1.17391304347826,0.0106522874796592,0.166133426224249,0.0815903054448871,0,"Économique",0.166133426224249,0.0815903054448871,1,1,1,0,0.0830667131121243,0.0407951527224436,0.333333333333333,0,0.13715855975037,13.715855975037,0.210669569951007,0.916933286887876,0.86284144024963,0.754043804845204,75.4043804845204,"SURVEILLER (FAIBLE VOLUME)"
"NOUVELLE PHARMACIE PRINCIPALE","Pharmacie","ABIDJAN",4,2,1,32580,27480,5100,16290,32580,0.185589519650655,2,0,13117.5,1.17391304347826,0.0106522874796592,0.380367324412229,0.163180610889774,17.4225038523456,"Économique",0.380367324412229,0.163180610889774,1,1,1,0,0.190183662206114,0.0815903054448871,0.333333333333333,1,0.2815321902953,28.15321902953,0.229722373434948,0.809816337793886,0.7184678097047,0.657258133686424,65.7258133686424,"SURVEILLER (FAIBLE VOLUME)"
"NOUVELLE PHARMACIE PRINCIPALE YOPOUGON","Pharmacie","ABIDJAN",29,29,21,324285,320690,3595,11182.2413793103,15442.1428571429,0.0112102029997817,1.38095238095238,0,13117.5,1.17391304347826,0.0106522874796592,0.261102469882136,0.112672326566749,1.05237518431491,"Économique",0.261102469882136,0.112672326566749,1,1,1,0,0.130551234941068,0.0563361632833744,0.333333333333333,0.526187592157454,0.208684978683078,20.8684978683078,0.560696788241698,0.869448765058932,0.791315021316922,0.776444872198681,77.6444872198681,"PRIVILÉGIER"
"NOUVELLE PHARMACIE RUE MINISTRE","Pharmacie","ABIDJAN",81,78,55,1064090,1055497,8593,13642.1794871795,19347.0909090909,0.0081411884638232,1.41818181818182,0,13117.5,1.17391304347826,0.0106522874796592,0.318541394149162,0.11570988772184,0.764266687260273,"Économique",0.318541394149162,0.11570988772184,1,1,1,0,0.159270697074581,0.05785494386092,0.333333333333333,0.382133343630137,0.203351026643664,20.3351026643664,0.76701143168209,0.840729302925419,0.796648973356336,0.80835359684912,80.835359684912,"PRIVILÉGIER"
"NOUVELLE PHARMACIE SAINT JOSEPH","Pharmacie","ABIDJAN",1,1,1,18950,13945,5005,18950,18950,0.358910003585515,1,0,13117.5,1.17391304347826,0.0106522874796592,0.442477642578989,0.0815903054448871,33.6932329577908,"Économique",0.442477642578989,0.0815903054448871,1,1,1,0,0.221238821289495,0.0407951527224436,0.333333333333333,1,0.278610192203582,27.8610192203582,0.164942841589548,0.778761178710505,0.721389807796418,0.633048962920679,63.3048962920679,"SURVEILLER (FAIBLE VOLUME)"
"NOUVELLE PHARMACIE SAINT JOSEPH ARTISAN","Pharmacie","ABIDJAN",28,27,19,309545,301640,7905,11464.6296296296,16291.8421052632,0.0262067365070945,1.42105263157895,0.0357142857142857,13117.5,1.17391304347826,0.0106522874796592,0.263330216705963,0.114685934611699,2.46019801447689,"Économique",0.263330216705963,0.114685934611699,1,1,1,0,0.131665108352981,0.0573429673058497,0.333333333333333,1,0.256702422697649,25.6702422697649,0.552531301034295,0.868334891647019,0.743297577302351,0.755159247786607,75.5159247786607,"PRIVILÉGIER"
"NOUVELLE PHARMACIE SAINT PAUL YOP","Pharmacie","ABIDJAN",5,5,3,82095,78410,3685,16419,27365,0.046996556561663,1.66666666666667,0,13117.5,1.17391304347826,0.0106522874796592,0.38337944134588,0.135983842408145,4.41187459983635,"Économique",0.38337944134588,0.135983842408145,1,1,1,0,0.19168972067294,0.0679919212040726,0.333333333333333,1,0.277904492563104,27.7904492563104,0.348938486663038,0.80831027932706,0.722095507436896,0.68195001203819,68.195001203819,"SURVEILLER (FAIBLE VOLUME)"
"NOUVELLE PHARMACIE SAINT PIERRE NIMBO","Pharmacie","HORS-ABIDJAN",6,5,5,54785,45195,9590,10957,10957,0.212191614116606,1,0,13117.5,1.17391304347826,0.0106522874796592,0.255843141410976,0.0815903054448871,19.9198167080818,"Économique",0.255843141410976,0.0815903054448871,1,1,1,0,0.127921570705488,0.0407951527224436,0.333333333333333,1,0.250615017028379,25.0615017028379,0.29776810016331,0.872078429294512,0.749384982971621,0.708138984939115,70.8138984939115,"SURVEILLER (FAIBLE VOLUME)"
"NOUVELLE PHARMACIE SAINTE MARIE","Pharmacie","ABIDJAN",1,1,1,11306,11306,5.6843418860808e-14,11306,11306,5.0277214630115e-18,1,0,13117.5,1.17391304347826,0.0106522874796592,0.263992201952404,0.0815903054448871,4.71985146158707e-16,"Économique",0.263992201952404,0.0815903054448871,1,1,1,0,0.131996100976202,0.0407951527224436,0.333333333333333,2.35992573079353e-16,0.151837376109594,15.1837376109594,0.0876428960261296,0.868003899023798,0.848162623890406,0.703995188370908,70.3995188370908,"SURVEILLER (FAIBLE VOLUME)"
"NOUVELLE PHARMACIE SAINTE ODILE","Pharmacie","ABIDJAN",64,62,46,887505,859874,27631,14314.5967741935,19293.5869565217,0.0321337777395293,1.34782608695652,0,13117.5,1.17391304347826,0.0106522874796592,0.33424216544137,0.10996954212137,3.01660819808793,"Économique",0.33424216544137,0.10996954212137,1,1,1,0,0.167121082720685,0.0549847710606848,0.333333333333333,1,0.266631756134411,26.6631756134411,0.739793140990746,0.832878917279315,0.733368243865589,0.774457492656111,77.4457492656111,"PRIVILÉGIER"
"NOUVELLE PHARMACIE TOIT ROUGE","Pharmacie","ABIDJAN",3,3,3,28888,28888,4.54747350886464e-13,9629.33333333333,9629.33333333333,1.57417388149565e-17,1,0,13117.5,1.17391304347826,0.0106522874796592,0.224842465062829,0.0815903054448871,1.47778013361128e-15,"Économique",0.224842465062829,0.0815903054448871,1,1,1,0,0.112421232531415,0.0407951527224436,0.333333333333333,7.38890066805641e-16,0.145964915576158,14.5964915576158,0.212302667392488,0.887578767468585,0.854035084423842,0.739106074235469,73.9106074235469,"SURVEILLER (FAIBLE VOLUME)"
"NOUVELLE PHARMACIE WAKOUBOUE","Pharmacie","ABIDJAN",19,18,14,260855,260855,0,14491.9444444444,18632.5,0,1.28571428571429,0,13117.5,1.17391304347826,0.0106522874796592,0.338383188082504,0.104901821286283,0,"Économique",0.338383188082504,0.104901821286283,1,1,1,0,0.169191594041252,0.0524509106431417,0.333333333333333,0,0.166492751405318,16.6492751405318,0.518780620577028,0.830808405958748,0.833507248594682,0.769482385936778,76.9482385936778,"SURVEILLER (FAIBLE VOLUME)"
"NOUVELLE POLYCLINIQUE LES GRACES","Clinique","ABIDJAN",14,10,5,418035,418035,0,41803.5,83607,0,2,0,42616.7291666667,1.45454545454545,0.0745173990347981,0.976101009580516,0.163180610889774,0,"Standard",0.976101009580516,0.163180610889774,1,0.9,2.01,0,0.488050504790258,0.0815903054448871,0.333333333333333,0,0.270892243070544,27.0892243070544,0.604790419161677,0.511949495209742,0.729107756929456,0.617380984688015,61.7380984688015,"SURVEILLER (FAIBLE VOLUME)"
"NOVA CARDIOLOGIE","Autre","ABIDJAN",75,58,45,11126698,8181505,2945193,191839.620689655,247259.955555556,0.359981812637162,1.28888888888889,0.0266666666666667,31737.9656862745,1,0.0133114157048418,4.44509801518537,0.104675971863888,27.0430899777417,"Coût Élevé",4.44509801518537,0.104675971863888,1,1,1,0,1,0.052337985931944,0.333333333333333,1,0.515701395779583,51.5701395779583,0.980402830702232,0,0.484298604220417,0.389800007828613,38.9800007828613,"RENÉGOCIER"
"NVELLE PHCE ANYMA","Autre","ABIDJAN",1,1,1,22920,20570,2350,22920,22920,0.114244044725328,1,0,31737.9656862745,1,0.0133114157048418,0.535176124955696,0.0815903054448871,8.58241131210211,"Économique",0.535176124955696,0.0815903054448871,1,1,1,0,0.267588062477848,0.0407951527224436,0.333333333333333,1,0.292514964560087,29.2514964560087,0.18562874251497,0.732411937522152,0.707485035439913,0.61308453768782,61.308453768782,"SURVEILLER (FAIBLE VOLUME)"
"NVELLE PHCE D ANYAMA","Autre","ABIDJAN",1,1,1,5915,5915,0,5915,5915,0,1,0,31737.9656862745,1,0.0133114157048418,0.138113733818191,0.0815903054448871,0,"Économique",0.138113733818191,0.0815903054448871,1,1,1,0,0.0690568669090956,0.0407951527224436,0.333333333333333,0,0.132955605889462,13.2955605889462,0.0375612411540555,0.930943133090904,0.867044394110538,0.726707259111388,72.6707259111388,"SURVEILLER (FAIBLE VOLUME)"
"NVELLE PHCIE DE BEOUMI","Pharmacie","ABIDJAN",1,1,1,11320,11320,0,11320,11320,0,1,0,13117.5,1.17391304347826,0.0106522874796592,0.264319098363808,0.0815903054448871,0,"Économique",0.264319098363808,0.0815903054448871,1,1,1,0,0.132159549181904,0.0407951527224436,0.333333333333333,0,0.151886410571304,15.1886410571304,0.0881872618399565,0.867840450818096,0.848113589428696,0.704019068466708,70.4019068466708,"SURVEILLER (FAIBLE VOLUME)"
"NVELLE PHCIE DE NDOUCI","Pharmacie","ABIDJAN",1,1,1,3090,3090,0,3090,3090,0,1,0,13117.5,1.17391304347826,0.0106522874796592,0.0721507079455977,0.0815903054448871,0,"Économique",0.0721507079455977,0.0815903054448871,1,1,1,0,0.0360753539727989,0.0407951527224436,0.333333333333333,0,0.123061152008573,12.3061152008573,0.0125204137180185,0.963924646027201,0.876938847991427,0.738849480351055,73.8849480351055,"SURVEILLER (FAIBLE VOLUME)"
"NVELLE PHCIE DJIGUI","Pharmacie","ABIDJAN",2,2,2,12815,10675,2140,6407.5,6407.5,0.200468384074941,1,0,13117.5,1.17391304347826,0.0106522874796592,0.149613482576511,0.0815903054448871,18.8192803149315,"Économique",0.149613482576511,0.0815903054448871,1,1,1,0,0.0748067412882553,0.0407951527224436,0.333333333333333,1,0.23468056820321,23.468056820321,0.104518236254763,0.925193258711745,0.76531943179679,0.697108723454367,69.7108723454367,"SURVEILLER (FAIBLE VOLUME)"
"NVELLE PHCIE HIBISCUS","Pharmacie","ABIDJAN",1,1,1,13415,8430,4985,13415,13415,0.591340450771056,1,0,13117.5,1.17391304347826,0.0106522874796592,0.31323681135605,0.0815903054448871,55.5130014938328,"Économique",0.31323681135605,0.0815903054448871,1,1,1,0,0.156618405678025,0.0407951527224436,0.333333333333333,1,0.25922406752014,25.922406752014,0.108873162765378,0.843381594321975,0.74077593247986,0.65543764327381,65.543764327381,"SURVEILLER (FAIBLE VOLUME)"
"NVELLE PHCIE PPLE ABOBOTE","Pharmacie","ABIDJAN",2,2,1,14725,11955,2770,7362.5,14725,0.231702216645755,2,0,13117.5,1.17391304347826,0.0106522874796592,0.171912487782998,0.163180610889774,21.7514047652391,"Économique",0.171912487782998,0.163180610889774,1,1,1,0,0.0859562438914989,0.0815903054448871,0.333333333333333,1,0.250263964800916,25.0263964800916,0.117583015786609,0.914043756108501,0.749736035199084,0.689028519680356,68.9028519680356,"SURVEILLER (FAIBLE VOLUME)"
"NVELLE PHCIE RUE DU COMMERCE","Pharmacie","ABIDJAN",1,1,1,91190,56345,34845,91190,91190,0.618422220250244,1,0,13117.5,1.17391304347826,0.0106522874796592,2.12926312542364,0.0815903054448871,58.055344585014,"Coût Élevé",2.12926312542364,0.0815903054448871,1,1,1,0,1,0.0407951527224436,0.333333333333333,1,0.512238545816733,51.2238545816733,0.363091997822537,0,0.487761454183267,0.267722981237814,26.7722981237814,"SURVEILLER (FAIBLE VOLUME)"
"NVELLE PHCIE ST ETIENNE","Pharmacie","ABIDJAN",3,3,3,37115,37115,0,12371.6666666667,12371.6666666667,0,1,0,13117.5,1.17391304347826,0.0106522874796592,0.288875245458561,0.0815903054448871,0,"Économique",0.288875245458561,0.0815903054448871,1,1,1,0,0.14443762272928,0.0407951527224436,0.333333333333333,0,0.155569832635517,15.5569832635517,0.248230811105063,0.85556237727072,0.844430167364483,0.729643180075093,72.9643180075093,"SURVEILLER (FAIBLE VOLUME)"
"NVLLE PHCIECDE LA ME","Pharmacie","ABIDJAN",1,1,1,1380,1380,0,1380,1380,0,1,0,13117.5,1.17391304347826,0.0106522874796592,0.032222646266966,0.0815903054448871,0,"Économique",0.032222646266966,0.0815903054448871,1,1,1,0,0.016111323133483,0.0407951527224436,0.333333333333333,0,0.117071942756778,11.7071942756778,0.00217746325530757,0.983888676866517,0.882928057243222,0.747162186294957,74.7162186294957,"SURVEILLER (FAIBLE VOLUME)"
"Nouvelle Pharmacie ELITE","Pharmacie","ABIDJAN",1,1,1,16975,16975,0,16975,16975,0,1,0,13117.5,1.17391304347826,0.0106522874796592,0.396361898827353,0.0815903054448871,0,"Économique",0.396361898827353,0.0815903054448871,1,1,1,0,0.198180949413677,0.0407951527224436,0.333333333333333,0,0.171692830640836,17.1692830640836,0.142623843222646,0.801819050586323,0.828307169359164,0.680575256622724,68.0575256622724,"SURVEILLER (FAIBLE VOLUME)"
"Nouvelle Pharmacie Saint Joseph Palmeraie","Pharmacie","ABIDJAN",1,1,1,11815,11815,0,11815,11815,0,1,0,13117.5,1.17391304347826,0.0106522874796592,0.275877221481307,0.0815903054448871,0,"Économique",0.275877221481307,0.0815903054448871,1,1,1,0,0.137938610740653,0.0407951527224436,0.333333333333333,0,0.153620129038929,15.3620129038929,0.0919978225367447,0.862061389259347,0.846379870961071,0.701776068595516,70.1776068595516,"SURVEILLER (FAIBLE VOLUME)"
"OCEAN VISION","Optique","ABIDJAN",8,8,8,1985656.56565657,1420000,565656.565656565,248207.070707071,248207.070707071,0.398349694124342,1,0,317347.222222222,1,0.452767755831414,5.79557147851721,0.0815903054448871,0.879810209525313,"Coût Élevé",5.79557147851721,0.0815903054448871,1,1,1,0,1,0.0407951527224436,0.333333333333333,0.439905104762656,0.456229056292999,45.6229056292999,0.852476864452912,0,0.543770943707001,0.388003750373383,38.8003750373383,"SURVEILLER (FAIBLE VOLUME)"
"ODE OPTIC","Optique","HORS-ABIDJAN",1,1,1,173333.333333333,170000,3333.33333333333,173333.333333333,173333.333333333,0.0196078431372549,1,0,317347.222222222,1,0.452767755831414,4.04728890309718,0.0815903054448871,0.0433066243890295,"Coût Élevé",4.04728890309718,0.0815903054448871,1,1,1,0,1,0.0407951527224436,0.333333333333333,0.0216533121945148,0.414403877036185,41.4403877036185,0.452912357103974,0,0.585596122963815,0.324820920606321,32.4820920606321,"SURVEILLER (FAIBLE VOLUME)"
"ODG VISION BOUAKE","Optique","ABIDJAN",2,2,2,475000,4e+05,75000,237500,237500,0.1875,1,0,317347.222222222,1,0.452767755831414,5.54556412203219,0.0815903054448871,0.414119595720095,"Coût Élevé",5.54556412203219,0.0815903054448871,1,1,1,0,1,0.0407951527224436,0.333333333333333,0.207059797860048,0.432944525602738,43.2944525602738,0.627109417528579,0,0.567055474397262,0.352244073264621,35.2244073264621,"SURVEILLER (FAIBLE VOLUME)"
"OEIL ET VISION","Optique","ABIDJAN",1,1,1,320000,220000,1e+05,320000,320000,0.454545454545455,1,0,317347.222222222,1,0.452767755831414,7.47191797494863,0.0815903054448871,1.00392629265478,"Coût Élevé",7.47191797494863,0.0815903054448871,1,1,1,0,1,0.0407951527224436,0.333333333333333,0.501963146327388,0.462434860449472,46.2434860449472,0.558519324986391,0,0.537565139550528,0.326729920817489,32.6729920817489,"SURVEILLER (FAIBLE VOLUME)"
"OFOSUCOA DE WASSAKARA","Autre","ABIDJAN",1,1,1,10000,10000,0,10000,10000,0,1,0,31737.9656862745,1,0.0133114157048418,0.233497436717145,0.0815903054448871,0,"Économique",0.233497436717145,0.0815903054448871,1,1,1,0,0.116748718358572,0.0407951527224436,0.333333333333333,0,0.147263161324305,14.7263161324305,0.0724006532389766,0.883251281641428,0.852736838675695,0.708875378774644,70.8875378774644,"SURVEILLER (FAIBLE VOLUME)"
"ONDE OPTIC SARL","Optique","ABIDJAN",1,1,1,537500,3e+05,237500,537500,537500,0.791666666666667,1,0,317347.222222222,1,0.452767755831414,12.5504872235465,0.0815903054448871,1.74850495970707,"Coût Élevé",12.5504872235465,0.0815903054448871,1,1,1,0,1,0.0407951527224436,0.333333333333333,0.874252479853535,0.499663793802087,49.9663793802087,0.64452912357104,0,0.500336206197914,0.329040307193373,32.9040307193373,"SURVEILLER (FAIBLE VOLUME)"
"ONO OPTIQUE COMMUNITY","Optique","ABIDJAN",7,7,7,2478888.88888889,1670000,808888.888888888,354126.984126984,354126.984126984,0.484364604125083,1,0,317347.222222222,1,0.452767755831414,8.26877430660238,0.0815903054448871,1.06978599488748,"Coût Élevé",8.26877430660238,0.0815903054448871,1,1,1,0,1,0.0407951527224436,0.333333333333333,0.534892997443742,0.465727845561107,46.5727845561107,0.880783886771911,0,0.534272154438893,0.389865639129939,38.9865639129939,"SURVEILLER (FAIBLE VOLUME)"
"OPTIC 2000","Optique","ABIDJAN",5,5,5,1781071.11111111,1167015,614056.111111109,356214.222222222,356214.222222222,0.526176708192362,1,0,317347.222222222,1,0.452767755831414,8.31751078110802,0.0815903054448871,1.16213379026108,"Coût Élevé",8.31751078110802,0.0815903054448871,1,1,1,0,1,0.0407951527224436,0.333333333333333,0.581066895130538,0.470345235329787,47.0345235329787,0.83886771910724,0,0.529654764670213,0.379635449689533,37.9635449689533,"SURVEILLER (FAIBLE VOLUME)"
"OPTIC ARC-EN-CIEL","Optique","ABIDJAN",5,5,5,2136388.88888889,1305000,831388.888888889,427277.777777778,427277.777777778,0.637079608343976,1,0.2,317347.222222222,1,0.452767755831414,9.15699535311545,0.0783250428189295,1.4070781325276,"Coût Élevé",9.15699535311545,0.0783250428189295,1,1,1,0,1,0.0391625214094648,0.333333333333333,0.703539066263798,0.482102663049219,48.2102663049219,0.862275449101796,0,0.517897336950781,0.379614024600672,37.9614024600672,"SURVEILLER (FAIBLE VOLUME)"
"OPTIC AZHARI","Optique","ABIDJAN",2,2,2,360399.333333333,330948,29451.3333333333,180199.666666667,180199.666666667,0.0889908182957241,1,0,317347.222222222,1,0.452767755831414,4.20761602639506,0.0815903054448871,0.196548489042271,"Coût Élevé",4.20761602639506,0.0815903054448871,1,1,1,0,1,0.0407951527224436,0.333333333333333,0.0982742445211353,0.422065970268847,42.2065970268847,0.575939031028851,0,0.577934029731153,0.346361418098232,34.6361418098232,"SURVEILLER (FAIBLE VOLUME)"
"OPTIC BEL VUE - COCODY","Optique","ABIDJAN",6,6,5,4887173.33333333,2819020,2068153.33333333,814528.888888889,977434.666666667,0.73364266068823,1.2,0,317347.222222222,1,0.452767755831414,19.019040768762,0.0979083665338645,1.62035094425187,"Coût Élevé",19.019040768762,0.0979083665338645,1,1,1,0,1,0.0489541832669323,0.333333333333333,0.810175472125933,0.495703802192673,49.5703802192673,0.935764833968427,0,0.504296197807327,0.388871445916616,38.8871445916616,"SURVEILLER (FAIBLE VOLUME)"
"OPTIC C","Optique","ABIDJAN",8,8,7,1987500,1450000,537500,248437.5,283928.571428571,0.370689655172414,1.14285714285714,0,317347.222222222,1,0.452767755831414,5.80095194344156,0.0932460633655853,0.818719200733981,"Coût Élevé",5.80095194344156,0.0932460633655853,1,1,1,0,1,0.0466230316827926,0.333333333333333,0.409359600366991,0.454922869541537,45.4922869541537,0.853021230266739,0,0.545077130458463,0.388635098236733,38.8635098236733,"SURVEILLER (FAIBLE VOLUME)"
"OPTIC CENTER","Optique","ABIDJAN",43,43,42,13404888.8888889,9471000,3933888.88888889,311741.602067184,319164.021164021,0.415361512922489,1.02380952380952,0.0232558139534884,317347.222222222,1,0.452767755831414,7.20408809456293,0.0831204109452526,0.917383156315457,"Coût Élevé",7.20408809456293,0.0831204109452526,1,1,1,0,1,0.0415602054726263,0.333333333333333,0.458691578157728,0.458337219457561,45.8337219457561,0.985302123026674,0,0.541662780542439,0.41372553682231,41.372553682231,"RENÉGOCIER"
"OPTIC HOUPHOUET BOIGNY","Optique","ABIDJAN",4,4,4,1565000,1e+06,565000,391250,391250,0.565,1,0,317347.222222222,1,0.452767755831414,9.13558721155829,0.0815903054448871,1.24788038176989,"Coût Élevé",9.13558721155829,0.0815903054448871,1,1,1,0,1,0.0407951527224436,0.333333333333333,0.623940190884944,0.474632564905227,47.4632564905227,0.821992378878606,0,0.525367435094773,0.37454544981363,37.454544981363,"SURVEILLER (FAIBLE VOLUME)"
"OPTIC PLURIEL RIVIERA","Optique","ABIDJAN",1,1,1,450000,285000,165000,450000,450000,0.578947368421053,1,0,317347.222222222,1,0.452767755831414,10.5073846522715,0.0815903054448871,1.27868506748661,"Coût Élevé",10.5073846522715,0.0815903054448871,1,1,1,0,1,0.0407951527224436,0.333333333333333,0.639342533743305,0.476172799191064,47.6172799191064,0.616766467065868,0,0.523827200808936,0.332884173736748,33.2884173736748,"SURVEILLER (FAIBLE VOLUME)"
"OPTIC ROC","Optique","ABIDJAN",1,1,1,292500,190000,102500,292500,292500,0.539473684210526,1,0,317347.222222222,1,0.452767755831414,6.82980002397649,0.0815903054448871,1.19150199470343,"Coût Élevé",6.82980002397649,0.0815903054448871,1,1,1,0,1,0.0407951527224436,0.333333333333333,0.595750997351716,0.471813645551905,47.1813645551905,0.542188350571584,0,0.528186354448095,0.319712211893555,31.9712211893555,"SURVEILLER (FAIBLE VOLUME)"
"OPTIC STAR","Optique","ABIDJAN",6,6,6,1530595.23809524,1065000,465595.238095238,255099.206349206,255099.206349206,0.437178627319472,1,0,317347.222222222,1,0.452767755831414,5.95650107911177,0.0815903054448871,0.965569260816032,"Coût Élevé",5.95650107911177,0.0815903054448871,1,1,1,0,1,0.0407951527224436,0.333333333333333,0.482784630408016,0.460517008857535,46.0517008857535,0.817637452367991,0,0.539482991142465,0.379320686930584,37.9320686930584,"SURVEILLER (FAIBLE VOLUME)"
"OPTIC UNION","Optique","ABIDJAN",1,1,1,1128888.88888889,620000,508888.888888888,1128888.88888889,1128888.88888889,0.820788530465948,1,1,317347.222222222,1,0.452767755831414,18.2082769294666,0.067516879219805,1.81282461017733,"Coût Élevé",18.2082769294666,0.067516879219805,1,1,1,0,1,0.0337584396099025,0.333333333333333,0.906412305088666,0.500768762391837,50.0768762391837,0.776810016330974,0,0.499231237608163,0.35505449830946,35.505449830946,"SURVEILLER (FAIBLE VOLUME)"
"OPTIC VIE INTERNATIONAL","Optique","ABIDJAN",1,1,1,285000,180000,105000,285000,285000,0.583333333333333,1,0,317347.222222222,1,0.452767755831414,6.65467694643863,0.0815903054448871,1.28837207557363,"Coût Élevé",6.65467694643863,0.0815903054448871,1,1,1,0,1,0.0407951527224436,0.333333333333333,0.644186037786815,0.476657149595415,47.6657149595415,0.533478497550354,0,0.523342850404585,0.316032839671905,31.6032839671905,"SURVEILLER (FAIBLE VOLUME)"
"OPTIC ZONE","Optique","ABIDJAN",10,10,10,3248888.88888889,2430000,818888.888888887,324888.888888889,324888.888888889,0.336991312299954,1,0,317347.222222222,1,0.452767755831414,7.58607227734368,0.0815903054448871,0.744291765391153,"Coût Élevé",7.58607227734368,0.0815903054448871,1,1,1,0,1,0.0407951527224436,0.333333333333333,0.372145882695577,0.449453134086291,44.9453134086291,0.907457811649428,0,0.550546865913709,0.401710308695369,40.1710308695369,"SURVEILLER (FAIBLE VOLUME)"
"OPTICA","Optique","ABIDJAN",13,13,12,7746111.11111111,4530000,3216111.11111111,595854.700854701,645509.259259259,0.709958302673534,1.08333333333333,0,317347.222222222,1,0.452767755831414,13.9130545305434,0.0883894975652944,1.56804077483354,"Coût Élevé",13.9130545305434,0.0883894975652944,1,1,1,0,1,0.0441947487826472,0.333333333333333,0.784020387416771,0.491660463376471,49.1660463376471,0.967882416984213,0,0.508339536623529,0.396912298046254,39.6912298046254,"SURVEILLER (FAIBLE VOLUME)"
"OPTICAL LENSES INTERNATIONAL","Optique","ABIDJAN",1,1,1,345000,210000,135000,345000,345000,0.642857142857143,1,0,317347.222222222,1,0.452767755831414,8.0556615667415,0.0815903054448871,1.41983861389747,"Coût Élevé",8.0556615667415,0.0815903054448871,1,1,1,0,1,0.0407951527224436,0.333333333333333,0.709919306948735,0.483230476511607,48.3230476511607,0.570495372890582,0,0.516769523488393,0.320806883973474,32.0806883973474,"SURVEILLER (FAIBLE VOLUME)"
"OPTICAL STORE PLATEAU","Optique","ABIDJAN",3,3,3,1033111.11111111,711000,322111.111111111,344370.37037037,344370.37037037,0.453039537427723,1,0,317347.222222222,1,0.452767755831414,8.04095987628153,0.0815903054448871,1.00060026711887,"Coût Élevé",8.04095987628153,0.0815903054448871,1,1,1,0,1,0.0407951527224436,0.333333333333333,0.500300133559434,0.462268559172676,46.2268559172676,0.760479041916168,0,0.537731440827323,0.367188384714163,36.7188384714163,"SURVEILLER (FAIBLE VOLUME)"
"OPTICAL STORE RIVIERA II","Optique","ABIDJAN",3,3,3,1171888.88888889,769000,402888.888888888,390629.629629629,390629.629629629,0.523912729374367,1,0,317347.222222222,1,0.452767755831414,9.12110172242861,0.0815903054448871,1.157133480966,"Coût Élevé",9.12110172242861,0.0815903054448871,1,1,1,0,1,0.0407951527224436,0.333333333333333,0.578566740482999,0.470095219865033,47.0095219865033,0.780620577027763,0,0.529904780134967,0.368086027459539,36.8086027459539,"SURVEILLER (FAIBLE VOLUME)"
"OPTICIEN REGARD…. - TREICHVILLE","Optique","ABIDJAN",7,7,7,2550555.88888889,1705000,845555.888888888,364365.126984127,364365.126984127,0.495927207559465,1,0,317347.222222222,1,0.452767755831414,8.50783231799106,0.0815903054448871,1.09532359840598,"Coût Élevé",8.50783231799106,0.0815903054448871,1,1,1,0,1,0.0407951527224436,0.333333333333333,0.547661799202991,0.467004725737032,46.7004725737032,0.886771910724007,0,0.532995274262968,0.390552491849988,39.0552491849988,"SURVEILLER (FAIBLE VOLUME)"
"OPTICIENS VISAGISTES 2 PLATEAUX","Optique","ABIDJAN",8,8,8,2216388.88888889,1600000,616388.888888889,277048.611111111,277048.611111111,0.385243055555555,1,0,317347.222222222,1,0.452767755831414,6.46901405404895,0.0815903054448871,0.850862391576751,"Coût Élevé",6.46901405404895,0.0815903054448871,1,1,1,0,1,0.0407951527224436,0.333333333333333,0.425431195788376,0.454781665395571,45.4781665395571,0.868807838867719,0,0.54521833460443,0.391848901615316,39.1848901615316,"SURVEILLER (FAIBLE VOLUME)"
"OPTICIENS VISAGISTES PLATEAU DOKUI","Optique","ABIDJAN",1,1,1,462333.333333333,314500,147833.333333333,462333.333333333,462333.333333333,0.470058293587704,1,1,317347.222222222,1,0.452767755831414,7.45714963617232,0.067516879219805,1.0381885360289,"Coût Élevé",7.45714963617232,0.067516879219805,1,1,1,0,1,0.0337584396099025,0.333333333333333,0.519094268014448,0.462036958684416,46.2036958684415,0.622754491017964,0,0.537963041315584,0.339736114729827,33.9736114729827,"SURVEILLER (FAIBLE VOLUME)"
"OPTICIENS VISAGISTES SAN-PEDRO","Optique","HORS-ABIDJAN",4,4,4,1108888.88888889,860000,248888.888888888,277222.222222222,277222.222222222,0.289405684754521,1,0,317347.222222222,1,0.452767755831414,6.47306782899196,0.0815903054448871,0.639192347571413,"Coût Élevé",6.47306782899196,0.0815903054448871,1,1,1,0,1,0.0407951527224436,0.333333333333333,0.319596173785706,0.444198163195304,44.4198163195304,0.775721284703321,0,0.555801836804696,0.377464991662543,37.7464991662543,"SURVEILLER (FAIBLE VOLUME)"
"OPTICIENS VISAGISTES YOPOUGON MAROC","Optique","ABIDJAN",1,1,1,312500,250000,62500,312500,312500,0.25,1,0,317347.222222222,1,0.452767755831414,7.29679489741077,0.0815903054448871,0.552159460960127,"Coût Élevé",7.29679489741077,0.0815903054448871,1,1,1,0,1,0.0407951527224436,0.333333333333333,0.276079730480064,0.439846518864739,43.9846518864739,0.554708764289603,0,0.560153481135261,0.335003145312025,33.5003145312025,"SURVEILLER (FAIBLE VOLUME)"
"OPTICOOL","Optique","HORS-ABIDJAN",1,1,1,180000,150000,30000,180000,180000,0.2,1,0,317347.222222222,1,0.452767755831414,4.20295386090861,0.0815903054448871,0.441727568768102,"Coût Élevé",4.20295386090861,0.0815903054448871,1,1,1,0,1,0.0407951527224436,0.333333333333333,0.220863784384051,0.434324924255138,43.4324924255138,0.456722917800762,0,0.565675075744862,0.317614613858097,31.7614613858097,"SURVEILLER (FAIBLE VOLUME)"
"OPTICOOL-YOPOUGON","Optique","ABIDJAN",1,1,1,285000,180000,105000,285000,285000,0.583333333333333,1,0,317347.222222222,1,0.452767755831414,6.65467694643863,0.0815903054448871,1.28837207557363,"Coût Élevé",6.65467694643863,0.0815903054448871,1,1,1,0,1,0.0407951527224436,0.333333333333333,0.644186037786815,0.476657149595415,47.6657149595415,0.533478497550354,0,0.523342850404585,0.316032839671905,31.6032839671905,"SURVEILLER (FAIBLE VOLUME)"
"OPTIKRISMA","Autre","ABIDJAN",2,2,2,1010333.33333333,626000,384333.333333333,505166.666666667,505166.666666667,0.61395101171459,1,0,31737.9656862745,1,0.0133114157048418,11.7955121781611,0.0815903054448871,46.1221424773981,"Coût Élevé",11.7955121781611,0.0815903054448871,1,1,1,0,1,0.0407951527224436,0.333333333333333,1,0.512238545816733,51.2238545816733,0.757212847033206,0,0.487761454183267,0.346547151079948,34.6547151079948,"SURVEILLER (FAIBLE VOLUME)"
"OPTIQUE HD","Optique","ABIDJAN",7,7,7,3130000,2e+06,1130000,447142.857142857,447142.857142857,0.565,1,0,317347.222222222,1,0.452767755831414,10.4406710989238,0.0815903054448871,1.24788038176989,"Coût Élevé",10.4406710989238,0.0815903054448871,1,1,1,0,1,0.0407951527224436,0.333333333333333,0.623940190884943,0.474632564905227,47.4632564905227,0.904191616766467,0,0.525367435094773,0.390985297391202,39.0985297391202,"SURVEILLER (FAIBLE VOLUME)"
"OPTIQUE MOONS","Optique","ABIDJAN",3,3,3,946579.111111111,648984,297595.111111111,315526.37037037,315526.37037037,0.458555389826423,1,0,317347.222222222,1,0.452767755831414,7.3674598698146,0.0815903054448871,1.01278278746767,"Coût Élevé",7.3674598698146,0.0815903054448871,1,1,1,0,1,0.0407951527224436,0.333333333333333,0.506391393733837,0.462877685190117,46.2877685190117,0.748502994011976,0,0.537122314809883,0.364549524726349,36.4549524726349,"SURVEILLER (FAIBLE VOLUME)"
"OPTIQUE NUCLEAIRE","Optique","ABIDJAN",3,3,3,1058333.33333333,7e+05,358333.333333333,352777.777777778,352777.777777778,0.511904761904762,1,0,317347.222222222,1,0.452767755831414,8.23727068418816,0.0815903054448871,1.13061222958502,"Coût Élevé",8.23727068418816,0.0815903054448871,1,1,1,0,1,0.0407951527224436,0.333333333333333,0.565306114792511,0.468769157295984,46.8769157295984,0.765922700054437,0,0.531230842704016,0.365676877092494,36.5676877092494,"SURVEILLER (FAIBLE VOLUME)"
"OPTIQUE PLUS","Optique","ABIDJAN",2,2,2,1250000,820000,430000,625000,625000,0.524390243902439,1,0,317347.222222222,1,0.452767755831414,14.5935897948215,0.0815903054448871,1.15818813762368,"Coût Élevé",14.5935897948215,0.0815903054448871,1,1,1,0,1,0.0407951527224436,0.333333333333333,0.579094068811841,0.470147952697917,47.0147952697917,0.787152966793685,0,0.529852047302083,0.36937141227957,36.937141227957,"SURVEILLER (FAIBLE VOLUME)"
"ORCHIDEE VISION","Optique","ABIDJAN",23,23,23,7590833.33333333,5430000,2160833.33333333,330036.231884058,330036.231884058,0.397943523634131,1,0.0434782608695652,317347.222222222,1,0.452767755831414,7.55913663551112,0.0808575146036942,0.878913126009583,"Coût Élevé",7.55913663551112,0.0808575146036942,1,1,1,0,1,0.0404287573018471,0.333333333333333,0.439456563004791,0.456074283491033,45.6074283491033,0.966249319542733,0,0.543925716508967,0.410820150512133,41.0820150512133,"RENÉGOCIER"
"ORIO","Autre","ABIDJAN",1,1,1,15000,15000,0,15000,15000,0,1,0,31737.9656862745,1,0.0133114157048418,0.350246155075717,0.0815903054448871,0,"Économique",0.350246155075717,0.0815903054448871,1,1,1,0,0.175123077537859,0.0407951527224436,0.333333333333333,0,0.164775469078091,16.4775469078091,0.119760479041916,0.824876922462141,0.835224530921909,0.687992677162004,68.7992677162003,"SURVEILLER (FAIBLE VOLUME)"
"PASCAL L'OPTICIEN","Optique","HORS-ABIDJAN",1,1,1,150000,1e+05,50000,150000,150000,0.5,1,0,317347.222222222,1,0.452767755831414,3.50246155075717,0.0815903054448871,1.10431892192025,"Coût Élevé",3.50246155075717,0.0815903054448871,1,1,1,0,1,0.0407951527224436,0.333333333333333,0.552159460960127,0.467454491912746,46.7454491912746,0.431682090364725,0,0.532545508087254,0.299354621307847,29.9354621307847,"SURVEILLER (FAIBLE VOLUME)"
"PENIEL OPTIQUE SHALOM","Optique","ABIDJAN",5,5,5,2169166.66666667,1370000,799166.666666666,433833.333333333,433833.333333333,0.583333333333333,1,0,317347.222222222,1,0.452767755831414,10.1298971295788,0.0815903054448871,1.28837207557363,"Coût Élevé",10.1298971295788,0.0815903054448871,1,1,1,0,1,0.0407951527224436,0.333333333333333,0.644186037786815,0.476657149595414,47.6657149595414,0.864997278170931,0,0.523342850404586,0.38233659579602,38.233659579602,"SURVEILLER (FAIBLE VOLUME)"
"PERUSIA","Autre","ABIDJAN",1,1,1,22950,22950,0,22950,22950,0,1,0,31737.9656862745,1,0.0133114157048418,0.535876617265847,0.0815903054448871,0,"Économique",0.535876617265847,0.0815903054448871,1,1,1,0,0.267938308632924,0.0407951527224436,0.333333333333333,0,0.19262003840661,19.262003840661,0.186173108328797,0.732061691367076,0.80737996159339,0.653011282849946,65.3011282849946,"SURVEILLER (FAIBLE VOLUME)"
"PETRO SANTE (CID) (SCANNER)","Autre","ABIDJAN",28,28,22,1052150,1045500,6650,37576.7857142857,47825,0.00636059301769488,1.27272727272727,0,31737.9656862745,1,0.0133114157048418,0.877408314435514,0.103842206929856,0.477829943766335,"Économique",0.877408314435514,0.103842206929856,1,1,1,0,0.438704157217757,0.0519211034649282,0.333333333333333,0.238914971883168,0.271079075393122,27.1079075393122,0.762656505171475,0.561295842782243,0.728920924606878,0.668618007989943,66.8618007989943,"CONSERVER"
"PHACE CITE SIR","Autre","ABIDJAN",1,1,1,1960,1960,0,1960,1960,0,1,0,31737.9656862745,1,0.0133114157048418,0.0457654975965604,0.0815903054448871,0,"Économique",0.0457654975965604,0.0815903054448871,1,1,1,0,0.0228827487982802,0.0407951527224436,0.333333333333333,0,0.119103370456217,11.9103370456217,0.00435492651061513,0.97711725120172,0.880896629543783,0.744076537600324,74.4076537600324,"SURVEILLER (FAIBLE VOLUME)"
"PHACE ZANON PIERRE","Autre","ABIDJAN",1,1,1,5815,5815,0,5815,5815,0,1,1,31737.9656862745,1,0.0133114157048418,0.0937923398724053,0.067516879219805,0,"Économique",0.0937923398724053,0.067516879219805,1,1,1,0,0.0468961699362026,0.0337584396099025,0.333333333333333,0,0.124196382863832,12.4196382863832,0.0364725095264017,0.953103830063797,0.875803617136168,0.738857480785267,73.8857480785267,"SURVEILLER (FAIBLE VOLUME)"
"PHARMACIE","Pharmacie","ABIDJAN",5,5,5,44788,44788,-1.13686837721616e-13,8957.6,8957.6,-2.53833253821595e-18,1,0,13117.5,1.17391304347826,0.0106522874796592,0.20915766391375,0.0815903054448871,-2.38289901869712e-16,"Économique",0.20915766391375,0.0815903054448871,1,1,1,0,0.104578831956875,0.0407951527224436,0.333333333333333,-1.19144950934856e-16,0.143612195403795,14.3612195403795,0.272182906913446,0.895421168043125,0.856387804596205,0.755160170438421,75.5160170438421,"SURVEILLER (FAIBLE VOLUME)"
"PHARMACIE 4 ETAGES","Pharmacie","ABIDJAN",38,37,27,493620,488220,5400,13341.0810810811,18282.2222222222,0.0110605874400885,1.37037037037037,0,13117.5,1.17391304347826,0.0106522874796592,0.311510823546803,0.111808937091142,1.03832979171929,"Économique",0.311510823546803,0.111808937091142,1,1,1,0,0.155755411773401,0.0559044685455708,0.333333333333333,0.519164895859644,0.215414453681656,21.5414453681656,0.633097441480675,0.844244588226599,0.784585546318344,0.778151542114112,77.8151542114112,"PRIVILÉGIER"
"PHARMACIE 8 EME TRANCHE","Pharmacie","ABIDJAN",247,241,169,2982841,2933323,49518,12376.9336099585,17649.9467455621,0.0168811958314853,1.42603550295858,0.0161943319838057,13117.5,1.17391304347826,0.0106522874796592,0.286866828265295,0.115779466850588,1.58474842738899,"Économique",0.286866828265295,0.115779466850588,1,1,1,0,0.143433414132648,0.057889733425294,0.333333333333333,0.792374213694495,0.239634365636832,23.9634365636832,0.899292324442025,0.856566585867352,0.760365634363168,0.826631352980613,82.6631352980613,"PRIVILÉGIER"
"PHARMACIE ABATTA VILLAGE","Pharmacie","ABIDJAN",33,29,26,376745,371785,4960,12991.2068965517,14490.1923076923,0.0133410438828893,1.11538461538462,0,13117.5,1.17391304347826,0.0106522874796592,0.303341351020692,0.0910045714577587,1.25241117538035,"Économique",0.303341351020692,0.0910045714577587,1,1,1,0,0.151670675510346,0.0455022857288794,0.333333333333333,0.626205587690174,0.221772447140785,22.1772447140785,0.584104518236255,0.848329324489654,0.778227552859215,0.767443654586799,76.7443654586799,"PRIVILÉGIER"
"PHARMACIE ABOBO BAOULE","Pharmacie","ABIDJAN",2,2,2,18075,13995,4080,9037.5,9037.5,0.291532690246517,1,0,13117.5,1.17391304347826,0.0106522874796592,0.21102330843312,0.0815903054448871,27.3680832218625,"Économique",0.21102330843312,0.0815903054448871,1,1,1,0,0.10551165421656,0.0407951527224436,0.333333333333333,1,0.243892042081701,24.3892042081701,0.157866086009799,0.89448834578344,0.756107957918299,0.691811738682655,69.1811738682655,"SURVEILLER (FAIBLE VOLUME)"
"PHARMACIE ABOBO GRAND MARCHE","Pharmacie","ABIDJAN",9,9,8,132400,123555,8845,14711.1111111111,16550,0.0715875521023026,1.125,0,13117.5,1.17391304347826,0.0106522874796592,0.343500673570555,0.091789093625498,6.72039242641554,"Économique",0.343500673570555,0.091789093625498,1,1,1,0,0.171750336785278,0.045894546812749,0.333333333333333,1,0.265293465079408,26.5293465079408,0.415351115949918,0.828249663214722,0.734706534920592,0.70825270244411,70.825270244411,"SURVEILLER (FAIBLE VOLUME)"
"PHARMACIE ABOBO SANTE","Pharmacie","ABIDJAN",2,1,1,24430,21540,2890,24430,24430,0.134168987929434,1,0,13117.5,1.17391304347826,0.0106522874796592,0.570434237899985,0.0815903054448871,12.5953217264961,"Économique",0.570434237899985,0.0815903054448871,1,1,1,0,0.285217118949992,0.0407951527224436,0.333333333333333,1,0.297803681501731,29.7803681501731,0.193794229722373,0.714782881050008,0.702196318498269,0.605550525763785,60.5550525763785,"SURVEILLER (FAIBLE VOLUME)"
"PHARMACIE ABOBO SOGEFIHA","Pharmacie","ABIDJAN",5,4,4,44320,44320,0,11080,11080,0,1,0,13117.5,1.17391304347826,0.0106522874796592,0.258715159882596,0.0815903054448871,0,"Économique",0.258715159882596,0.0815903054448871,1,1,1,0,0.129357579941298,0.0407951527224436,0.333333333333333,0,0.151045819799123,15.1045819799123,0.269461077844311,0.870642420058702,0.848954180200878,0.741730855672694,74.1730855672694,"SURVEILLER (FAIBLE VOLUME)"
"PHARMACIE ABOBO-BELLEVILLE","Pharmacie","ABIDJAN",46,45,24,733715,719495,14220,16304.7777777778,30571.4583333333,0.0197638621533159,1.875,0,13117.5,1.17391304347826,0.0106522874796592,0.380712381735378,0.152981822709163,1.85536319697112,"Économique",0.380712381735378,0.152981822709163,1,1,1,0,0.190356190867689,0.0764909113545817,0.333333333333333,0.927681598485559,0.272822290515237,27.2822290515237,0.701687534022863,0.809643809132311,0.727177709484763,0.755066114251402,75.5066114251402,"PRIVILÉGIER"
"PHARMACIE ABOBODOUME","Pharmacie","ABIDJAN",1,1,1,16250,16250,0,16250,16250,0,1,0,13117.5,1.17391304347826,0.0106522874796592,0.37943333466536,0.0815903054448871,0,"Économique",0.37943333466536,0.0815903054448871,1,1,1,0,0.18971666733268,0.0407951527224436,0.333333333333333,0,0.169153546016537,16.9153546016537,0.140446379967338,0.81028333266732,0.830846453983463,0.684541190653781,68.4541190653781,"SURVEILLER (FAIBLE VOLUME)"
"PHARMACIE ABOH","Pharmacie","HORS-ABIDJAN",5,5,4,52185,49100,3085,10437,13046.25,0.0628309572301426,1.25,0,13117.5,1.17391304347826,0.0106522874796592,0.243701274701684,0.101987881806109,5.89835350858864,"Économique",0.243701274701684,0.101987881806109,1,1,1,0,0.121850637350842,0.0509939409030545,0.333333333333333,1,0.251853373476169,25.1853373476169,0.29069134458356,0.878149362649158,0.748146626523831,0.708656664585908,70.8656664585908,"SURVEILLER (FAIBLE VOLUME)"
"PHARMACIE ABRAHAM","Pharmacie","HORS-ABIDJAN",4,4,4,65065,65065,0,16266.25,16266.25,0,1,0,13117.5,1.17391304347826,0.0106522874796592,0.379812768000026,0.0815903054448871,0,"Économique",0.379812768000026,0.0815903054448871,1,1,1,0,0.189906384000013,0.0407951527224436,0.333333333333333,0,0.169210461016737,16.9210461016737,0.32226456178552,0.810093615999987,0.830789538983263,0.720806174350404,72.0806174350404,"SURVEILLER (FAIBLE VOLUME)"
"PHARMACIE ABYA","Pharmacie","ABIDJAN",7,7,3,55963.4285714286,51300,4663.42857142857,7994.77551020408,18654.4761904762,0.0909050403787246,2.33333333333333,0.142857142857143,13117.5,1.17391304347826,0.0106522874796592,0.175455504876919,0.178009122791486,8.53385158373825,"Économique",0.175455504876919,0.178009122791486,1,1,1,0,0.0877277524384597,0.0890045613957428,0.333333333333333,1,0.253019694150261,25.3019694150261,0.301578660860098,0.91227224756154,0.746980305849739,0.724016753536531,72.4016753536531,"SURVEILLER (FAIBLE VOLUME)"
"PHARMACIE ACTUELLE","Pharmacie","ABIDJAN",97,90,58,1187420,1172400,15020,13193.5555555556,20472.7586206897,0.0128113271920846,1.55172413793103,0.0309278350515464,13117.5,1.17391304347826,0.0106522874796592,0.303536834812758,0.12615227450778,1.20268319988061,"Économique",0.303536834812758,0.12615227450778,1,1,1,0,0.151768417406379,0.0630761372538901,0.333333333333333,0.601341599940303,0.224587526392111,22.4587526392111,0.783342406096897,0.848231582593621,0.775412473607889,0.806126103699984,80.6126103699984,"PRIVILÉGIER"
"PHARMACIE ADJAME LATIN","Pharmacie","ABIDJAN",1,1,1,4520,4520,0,4520,4520,0,1,0,13117.5,1.17391304347826,0.0106522874796592,0.105540841396149,0.0815903054448871,0,"Économique",0.105540841396149,0.0815903054448871,1,1,1,0,0.0527704206980747,0.0407951527224436,0.333333333333333,0,0.128069672026155,12.8069672026155,0.0228633641807294,0.947229579301925,0.871930327973845,0.732236635746454,73.2236635746454,"SURVEILLER (FAIBLE VOLUME)"
"PHARMACIE ADJAME SANTE NOUVELLE","Pharmacie","ABIDJAN",41,40,22,714195,707475,6720,17854.875,32463.4090909091,0.00949856885402311,1.81818181818182,0,13117.5,1.17391304347826,0.0106522874796592,0.416906754540503,0.148346009899795,0.89169287555944,"Économique",0.416906754540503,0.148346009899795,1,1,1,0,0.208453377270252,0.0741730049498974,0.333333333333333,0.44584643777972,0.229372558444017,22.9372558444017,0.695699510070768,0.791546622729749,0.770627441555983,0.764009527728446,76.4009527728446,"PRIVILÉGIER"
"PHARMACIE ADONAI D'ORLY","Pharmacie","HORS-ABIDJAN",2,2,2,21470,21470,0,10735,10735,0,1,0,13117.5,1.17391304347826,0.0106522874796592,0.250659498315855,0.0815903054448871,0,"Économique",0.250659498315855,0.0815903054448871,1,1,1,0,0.125329749157927,0.0407951527224436,0.333333333333333,0,0.149837470564111,14.9837470564111,0.17691888949374,0.874670250842073,0.850162529435889,0.725316890009932,72.5316890009933,"SURVEILLER (FAIBLE VOLUME)"
"PHARMACIE AFIA","Pharmacie","ABIDJAN",7,7,7,109035,98135,10900,15576.4285714286,15576.4285714286,0.111071483160952,1,0,13117.5,1.17391304347826,0.0106522874796592,0.363705614463627,0.0815903054448871,10.4270076613165,"Économique",0.363705614463627,0.0815903054448871,1,1,1,0,0.181852807231813,0.0407951527224436,0.333333333333333,1,0.266794387986277,26.6794387986277,0.389765922700054,0.818147192768186,0.733205612013723,0.698494306452775,69.8494306452775,"SURVEILLER (FAIBLE VOLUME)"
"PHARMACIE AGNITIO","Pharmacie","ABIDJAN",1,1,1,12590,10360,2230,12590,12590,0.215250965250965,1,0,13117.5,1.17391304347826,0.0106522874796592,0.293973272826885,0.0815903054448871,20.2070180383315,"Économique",0.293973272826885,0.0815903054448871,1,1,1,0,0.146986636413443,0.0407951527224436,0.333333333333333,1,0.256334536740766,25.6334536740766,0.102885138813283,0.853013363586557,0.743665463259234,0.659248558500973,65.9248558500973,"SURVEILLER (FAIBLE VOLUME)"
"PHARMACIE AHOUKOUA","Pharmacie","HORS-ABIDJAN",20,17,12,229625,226025,3600,13507.3529411765,19135.4166666667,0.0159274416546842,1.41666666666667,0,13117.5,1.17391304347826,0.0106522874796592,0.315393228859849,0.115586266046923,1.49521327556153,"Économique",0.315393228859849,0.115586266046923,1,1,1,0,0.157696614429925,0.0577931330234617,0.333333333333333,0.747606637780763,0.239407588014092,23.9407588014092,0.498639085465433,0.842303385570075,0.760592411985908,0.74088613611548,74.088613611548,"SURVEILLER (FAIBLE VOLUME)"
"PHARMACIE AHOUNE","Pharmacie","ABIDJAN",1,1,1,9465,9465,-5.6843418860808e-13,9465,9465,-6.00564383104152e-17,1,0,13117.5,1.17391304347826,0.0106522874796592,0.221005323852778,0.0815903054448871,-5.63789124402572e-15,"Économique",0.221005323852778,0.0815903054448871,1,1,1,0,0.110502661926389,0.0407951527224436,0.333333333333333,-2.81894562201286e-15,0.145389344394649,14.5389344394649,0.0680457267283615,0.889497338073611,0.85461065560535,0.711252342817257,71.1252342817257,"SURVEILLER (FAIBLE VOLUME)"
"PHARMACIE AKADJOBA","Pharmacie","ABIDJAN",40,39,25,561086,556760,4326,14386.8205128205,22443.44,0.00776995473812774,1.56,0,13117.5,1.17391304347826,0.0106522874796592,0.335928571225323,0.127280876494024,0.729416545785558,"Économique",0.335928571225323,0.127280876494024,1,1,1,0,0.167964285612661,0.063640438247012,0.333333333333333,0.364708272892779,0.20595224444718,20.595224444718,0.651605879150789,0.832035714387339,0.79404775555282,0.780754563806221,78.0754563806221,"PRIVILÉGIER"
"PHARMACIE AKANDJE","Pharmacie","ABIDJAN",36,34,18,1295447,1246805,48642,38101.3823529412,71969.2777777778,0.0390133180409126,1.88888888888889,0.25,13117.5,1.17391304347826,0.0106522874796592,0.80487946796398,0.152350773375249,3.66243570833115,"Économique",0.80487946796398,0.152350773375249,1,1,1,0,0.40243973398199,0.0761753866876245,0.333333333333333,1,0.343584536200884,34.3584536200884,0.794774088187262,0.59756026601801,0.656415463799116,0.660545109564303,66.0545109564303,"CONSERVER"
"PHARMACIE AKRE ALBERT ASSAMOI","Pharmacie","ABIDJAN",59,58,47,610533,591457,19076,10526.4310344828,12990.0638297872,0.0322525559761741,1.23404255319149,0,13117.5,1.17391304347826,0.0106522874796592,0.245789466433153,0.100685908846882,3.02775868917932,"Économique",0.245789466433153,0.100685908846882,1,1,1,0,0.122894733216576,0.050342954423441,0.333333333333333,1,0.251971306292005,25.1971306292005,0.666303756124115,0.877105266783424,0.748028693707995,0.78331433542139,78.331433542139,"PRIVILÉGIER"
"PHARMACIE AKWABA","Pharmacie","ABIDJAN",35,34,26,768395,744000,24395,22599.8529411765,29553.6538461538,0.0327889784946237,1.30769230769231,0.0285714285714286,13117.5,1.17391304347826,0.0106522874796592,0.520843214016798,0.105846439512176,3.07811618464439,"Économique",0.520843214016798,0.105846439512176,1,1,1,0,0.260421607008399,0.0529232197560878,0.333333333333333,1,0.294003448029346,29.4003448029346,0.710397387044094,0.739578392991601,0.705996551970654,0.720309455393721,72.0309455393721,"CONSERVER"
"PHARMACIE AL MADINA","Pharmacie","ABIDJAN",1,1,1,17048,17048,0,17048,17048,0,1,1,13117.5,1.17391304347826,0.0106522874796592,0.274973656086804,0.067516879219805,0,"Économique",0.274973656086804,0.067516879219805,1,1,1,0,0.137486828043402,0.0337584396099025,0.333333333333333,0,0.151373580295991,15.1373580295991,0.143712574850299,0.862513171956598,0.848626419704009,0.713198351634303,71.3198351634303,"SURVEILLER (FAIBLE VOLUME)"
"PHARMACIE AL-FATIH","Pharmacie","ABIDJAN",12,12,10,128025,122365,5660,10668.75,12802.5,0.04625505659298,1.2,0.0833333333333333,13117.5,1.17391304347826,0.0106522874796592,0.240153781648061,0.0959092055184742,4.34226514082588,"Économique",0.240153781648061,0.0959092055184742,1,1,1,0,0.12007689082403,0.0479546027592371,0.333333333333333,1,0.25040944807498,25.040944807498,0.410451823625476,0.87992310917597,0.74959055192502,0.733895829165491,73.3895829165491,"SURVEILLER (FAIBLE VOLUME)"
"PHARMACIE ALICIA","Pharmacie","ABIDJAN",58,58,44,608125,607375,750,10484.9137931034,13821.0227272727,0.00123482197983124,1.31818181818182,0.0172413793103448,13117.5,1.17391304347826,0.0106522874796592,0.242944962691052,0.107043754227894,0.115920827539546,"Économique",0.242944962691052,0.107043754227894,1,1,1,0,0.121472481345526,0.053521877113947,0.333333333333333,0.0579604137697732,0.158294348914819,15.8294348914819,0.664670658682635,0.878527518654474,0.841705651085181,0.821027399632389,82.1027399632389,"PRIVILÉGIER"
"PHARMACIE AMARYLLIS","Pharmacie","ABIDJAN",38,38,26,454289,428573,25716,11954.9736842105,17472.6538461538,0.06000377998614,1.46153846153846,0.0263157894736842,13117.5,1.17391304347826,0.0106522874796592,0.275895428804096,0.118298961807726,5.63294786220508,"Économique",0.275895428804096,0.118298961807726,1,1,1,0,0.137947714402048,0.0591494809038628,0.333333333333333,1,0.259129158591773,25.9129158591773,0.620577027762657,0.862052285597952,0.740870841408227,0.765284656355003,76.5284656355003,"PRIVILÉGIER"
"PHARMACIE AMIRA","Pharmacie","HORS-ABIDJAN",2,2,2,22185,17185,5000,11092.5,11092.5,0.290951411114344,1,0,13117.5,1.17391304347826,0.0106522874796592,0.259007031678493,0.0815903054448871,27.3135147422489,"Économique",0.259007031678493,0.0815903054448871,1,1,1,0,0.129503515839246,0.0407951527224436,0.333333333333333,1,0.251089600568507,25.1089600568507,0.179096352749047,0.870496484160754,0.748910399431493,0.683582023986708,68.3582023986708,"SURVEILLER (FAIBLE VOLUME)"
"PHARMACIE ANALYA","Pharmacie","ABIDJAN",24,24,22,257925,245675,12250,10746.875,11723.8636363636,0.0498626233845528,1.09090909090909,0,13117.5,1.17391304347826,0.0106522874796592,0.250936776521957,0.0890076059398769,4.68093106572337,"Économique",0.250936776521957,0.0890076059398769,1,1,1,0,0.125468388260978,0.0445038029699384,0.333333333333333,1,0.250991657369275,25.0991657369275,0.517147523135547,0.874531611739022,0.749008342630725,0.752845486375008,75.2845486375008,"PRIVILÉGIER"
"PHARMACIE ANDY","Pharmacie","ABIDJAN",50,49,35,734242,711780,22462,14984.5306122449,20978.3428571429,0.0315575037230605,1.4,0.02,13117.5,1.17391304347826,0.0106522874796592,0.346717416560585,0.113550177659614,2.96250958146974,"Économique",0.346717416560585,0.113550177659614,1,1,1,0,0.173358708280292,0.0567750888298071,0.333333333333333,1,0.26904013913303,26.904013913303,0.70223189983669,0.826641291719708,0.73095986086697,0.763486841002009,76.3486841002009,"PRIVILÉGIER"
"PHARMACIE ANGRE","Pharmacie","ABIDJAN",332,319,180,6101892,6057253,44639,19128.1880877743,33899.4,0.00736951221948299,1.77222222222222,0.0933734939759036,13117.5,1.17391304347826,0.0106522874796592,0.429172791037664,0.143268889823057,0.691824383594159,"Économique",0.429172791037664,0.143268889823057,1,1,1,0,0.214586395518832,0.0716344449115284,0.333333333333333,0.34591219179708,0.220457471308816,22.0457471308816,0.95264017419706,0.785413604481168,0.779542528691184,0.816510488108353,81.6510488108353,"PRIVILÉGIER"
"PHARMACIE ANIAMAN","Pharmacie","ABIDJAN",109,102,76,1252770,1248330,4440,12282.0588235294,16483.8157894737,0.0035567518204321,1.34210526315789,0.0091743119266055,13117.5,1.17391304347826,0.0106522874796592,0.285529805040649,0.109203269599579,0.333895590709865,"Économique",0.285529805040649,0.109203269599579,1,1,1,0,0.142764902520324,0.0546016347997895,0.333333333333333,0.166947795354932,0.175904740731527,17.5904740731527,0.788786064235166,0.857235097479676,0.824095259268473,0.830289355546293,83.0289355546293,"PRIVILÉGIER"
"PHARMACIE APPAUL - ABIDJAN","Pharmacie","ABIDJAN",7,7,5,81590,64640,16950,11655.7142857143,16318,0.262221534653465,1.4,0,13117.5,1.17391304347826,0.0106522874796592,0.272157940882169,0.114226427622842,24.6164530533169,"Économique",0.272157940882169,0.114226427622842,1,1,1,0,0.136078970441085,0.057113213811421,0.333333333333333,1,0.257957655275752,25.7957655275752,0.347849755035384,0.863921029558915,0.742042344724248,0.711955300720342,71.1955300720342,"SURVEILLER (FAIBLE VOLUME)"
"PHARMACIE APPAUL - DALOA","Pharmacie","HORS-ABIDJAN",130,123,71,1995691,1989021,6670,16225.1300813008,28108.323943662,0.00335340853615925,1.73239436619718,0.0153846153846154,13117.5,1.17391304347826,0.0106522874796592,0.376114921738368,0.140932832340011,0.314806424682273,"Économique",0.376114921738368,0.140932832340011,1,1,1,0,0.188057460869184,0.0704664161700053,0.333333333333333,0.157403212341137,0.19329748434587,19.329748434587,0.853565596080566,0.811942539130816,0.80670251565413,0.818171141130091,81.8171141130092,"PRIVILÉGIER"
"PHARMACIE ARBRE DE VIE","Pharmacie","ABIDJAN",9,9,8,95985,95985,0,10665,11998.125,0,1.125,0,13117.5,1.17391304347826,0.0106522874796592,0.249025016258835,0.091789093625498,0,"Économique",0.249025016258835,0.091789093625498,1,1,1,0,0.124512508129417,0.045894546812749,0.333333333333333,0,0.15112211648265,15.112211648265,0.37125748502994,0.875487491870583,0.84887788351735,0.763997647161161,76.3997647161161,"SURVEILLER (FAIBLE VOLUME)"
"PHARMACIE ARC-EN-CIEL","Pharmacie","ABIDJAN",57,55,40,818375,818375,0,14879.5454545455,20459.375,0,1.375,0.0175438596491228,13117.5,1.17391304347826,0.0106522874796592,0.344628590274426,0.111605087284589,0,"Économique",0.344628590274426,0.111605087284589,1,1,1,0,0.172314295137213,0.0558025436422945,0.333333333333333,0,0.168435051633852,16.8435051633852,0.720740337506805,0.827685704862787,0.831564948366148,0.807848328792935,80.7848328792935,"PRIVILÉGIER"
"PHARMACIE ARNICA (EX NOTRE DAME DES GRACES)","Pharmacie","ABIDJAN",12,12,12,212059,212059,-3.41060513164848e-13,17671.5833333333,17671.5833333333,-1.60832840466497e-18,1,0,13117.5,1.17391304347826,0.0106522874796592,0.412626941106675,0.0815903054448871,-1.50984322168934e-16,"Économique",0.412626941106675,0.0815903054448871,1,1,1,0,0.206313470553338,0.0407951527224436,0.333333333333333,-7.54921610844671e-17,0.174132586982734,17.4132586982734,0.485574305933587,0.793686529446663,0.825867413017266,0.744936438172289,74.4936438172289,"SURVEILLER (FAIBLE VOLUME)"
"PHARMACIE ARTEMIA","Pharmacie","ABIDJAN",43,42,22,729635,716845,12790,17372.2619047619,33165.2272727273,0.017842071856538,1.90909090909091,0,13117.5,1.17391304347826,0.0106522874796592,0.405637862474081,0.155763310394784,1.67495215376115,"Économique",0.405637862474081,0.155763310394784,1,1,1,0,0.20281893123704,0.0778816551973922,0.333333333333333,0.837476076880573,0.267957783618387,26.7957783618387,0.700054436581383,0.79718106876296,0.732042216381613,0.751700201374106,75.1700201374106,"PRIVILÉGIER"
"PHARMACIE ASET LA DIVINE","Pharmacie","HORS-ABIDJAN",9,9,8,112945,109475,3470,12549.4444444444,14118.125,0.0316967344142498,1.125,0,13117.5,1.17391304347826,0.0106522874796592,0.293026311000199,0.091789093625498,2.97558007843626,"Économique",0.293026311000199,0.091789093625498,1,1,1,0,0.1465131555001,0.045894546812749,0.333333333333333,1,0.257722310693855,25.7722310693855,0.392487751769189,0.8534868444999,0.742277689306145,0.716803363876256,71.6803363876256,"SURVEILLER (FAIBLE VOLUME)"
"PHARMACIE ASSET LA DIVINE","Pharmacie","HORS-ABIDJAN",2,2,2,17610,17610,0,8805,8805,0,1,0,13117.5,1.17391304347826,0.0106522874796592,0.205594493029446,0.0815903054448871,0,"Économique",0.205594493029446,0.0815903054448871,1,1,1,0,0.102797246514723,0.0407951527224436,0.333333333333333,0,0.14307771977115,14.307771977115,0.153511159499183,0.897202753485277,0.85692228022885,0.732352245385488,73.2352245385488,"SURVEILLER (FAIBLE VOLUME)"
"PHARMACIE ATLANTIQUE","Pharmacie","ABIDJAN",19,19,17,229935,225705,4230,12101.8421052632,13525.5882352941,0.0187412773310294,1.11764705882353,0,13117.5,1.17391304347826,0.0106522874796592,0.282574911113456,0.0911891649089915,1.75936646159958,"Économique",0.282574911113456,0.0911891649089915,1,1,1,0,0.141287455556728,0.0455945824544957,0.333333333333333,0.879683230799789,0.244032934483346,24.4032934483346,0.49918345127926,0.858712544443272,0.755967065516654,0.745708534239822,74.5708534239822,"SURVEILLER (FAIBLE VOLUME)"
"PHARMACIE AURORE","Pharmacie","ABIDJAN",18,16,16,213015,213015,0,13313.4375,13313.4375,0,1,0,13117.5,1.17391304347826,0.0106522874796592,0.310865353014391,0.0815903054448871,0,"Économique",0.310865353014391,0.0815903054448871,1,1,1,0,0.155432676507196,0.0407951527224436,0.333333333333333,0,0.158868348768892,15.8868348768892,0.487207403375068,0.844567323492804,0.841131651231108,0.771721070564579,77.1721070564579,"SURVEILLER (FAIBLE VOLUME)"
"PHARMACIE AVE MARIA","Pharmacie","ABIDJAN",41,41,30,396240,381000,15240,9664.39024390244,13208,0.04,1.36666666666667,0,13117.5,1.17391304347826,0.0106522874796592,0.22566103493854,0.111506750774679,3.75506200676437,"Économique",0.22566103493854,0.111506750774679,1,1,1,0,0.11283051746927,0.0557533753873395,0.333333333333333,1,0.250575167856983,25.0575167856983,0.594991834512793,0.88716948253073,0.749424832143017,0.773636092772057,77.3636092772057,"PRIVILÉGIER"
"PHARMACIE AVENUE 8 (EX FLORA)","Pharmacie","ABIDJAN",13,12,7,171225,166270,4955,14268.75,24460.7142857143,0.0298009262043664,1.71428571428571,0.0769230769230769,13117.5,1.17391304347826,0.0106522874796592,0.321189855596088,0.135824567737584,2.79760814391013,"Économique",0.321189855596088,0.135824567737584,1,1,1,0,0.160594927798044,0.067912283868792,0.333333333333333,1,0.268552163500051,26.8552163500051,0.449646162221013,0.839405072201956,0.731447836499949,0.718270395924965,71.8270395924965,"SURVEILLER (FAIBLE VOLUME)"
"PHARMACIE AVENUE CHARDY","Pharmacie","ABIDJAN",15,15,13,140596,131680,8916,9373.06666666667,10815.0769230769,0.0677095990279465,1.15384615384615,0.0666666666666667,13117.5,1.17391304347826,0.0106522874796592,0.212516462370167,0.0926569902526704,6.3563435700773,"Économique",0.212516462370167,0.0926569902526704,1,1,1,0,0.106258231185083,0.0463284951263352,0.333333333333333,1,0.245776017893426,24.5776017893426,0.424060968971149,0.893741768814917,0.754223982106574,0.743998494162826,74.3998494162826,"SURVEILLER (FAIBLE VOLUME)"
"PHARMACIE AVICENNE","Pharmacie","HORS-ABIDJAN",3,3,3,26975,26975,0,8991.66666666667,8991.66666666667,0,1,0,13117.5,1.17391304347826,0.0106522874796592,0.209953111848166,0.0815903054448871,0,"Économique",0.209953111848166,0.0815903054448871,1,1,1,0,0.104976555924083,0.0407951527224436,0.333333333333333,0,0.143731512593958,14.3731512593958,0.2084921066957,0.895023444075917,0.856268487406042,0.742215193931924,74.2215193931924,"SURVEILLER (FAIBLE VOLUME)"
"PHARMACIE AVOCATIER MARCHE","Pharmacie","ABIDJAN",7,7,6,67010,67010,0,9572.85714285714,11168.3333333333,0,1.16666666666667,0.142857142857143,13117.5,1.17391304347826,0.0106522874796592,0.210088511049605,0.0919928121749172,0,"Économique",0.210088511049605,0.0919928121749172,1,1,1,0,0.105044255524803,0.0459964060874586,0.333333333333333,0,0.145312198483678,14.5312198483678,0.324442025040827,0.894955744475197,0.854687801516322,0.764745823404773,76.4745823404773,"SURVEILLER (FAIBLE VOLUME)"
"PHARMACIE AZI","Pharmacie","HORS-ABIDJAN",2,2,2,11730,11730,0,5865,5865,0,1,0,13117.5,1.17391304347826,0.0106522874796592,0.136946246634605,0.0815903054448871,0,"Économique",0.136946246634605,0.0815903054448871,1,1,1,0,0.0684731233173027,0.0407951527224436,0.333333333333333,0,0.132780482811924,13.2780482811924,0.0914534567229178,0.931526876682697,0.867219517188076,0.737789248892893,73.7789248892893,"SURVEILLER (FAIBLE VOLUME)"
"PHARMACIE AZITO","Pharmacie","ABIDJAN",4,4,3,47215,47215,0,11803.75,15738.3333333333,0,1.33333333333333,0,13117.5,1.17391304347826,0.0106522874796592,0.275614536865,0.108787073926516,0,"Économique",0.275614536865,0.108787073926516,1,1,1,0,0.1378072684325,0.0543935369632581,0.333333333333333,0,0.157660241618727,15.7660241618727,0.278715296679369,0.8621927315675,0.842339758381273,0.737556055315383,73.7556055315383,"SURVEILLER (FAIBLE VOLUME)"
"PHARMACIE B.S.A","Pharmacie","ABIDJAN",19,18,13,251692,247810,3882,13982.8888888889,19360.9230769231,0.0156652273919535,1.38461538461538,0,13117.5,1.17391304347826,0.0106522874796592,0.32649687134562,0.112971192154459,1.47059750517123,"Économique",0.32649687134562,0.112971192154459,1,1,1,0,0.16324843567281,0.0564855960772295,0.333333333333333,0.735298752585615,0.239450084783573,23.9450084783573,0.513881328252586,0.83675156432719,0.760549915216427,0.741696857467964,74.1696857467964,"SURVEILLER (FAIBLE VOLUME)"
"PHARMACIE BD CADRE","Pharmacie","ABIDJAN",1,1,1,8225,8225,0,8225,8225,0,1,0,13117.5,1.17391304347826,0.0106522874796592,0.192051641699852,0.0815903054448871,0,"Économique",0.192051641699852,0.0815903054448871,1,1,1,0,0.0960258208499258,0.0407951527224436,0.333333333333333,0,0.141046292071711,14.1046292071711,0.0560696788241698,0.903974179150074,0.858953707928289,0.716385090596179,71.638509059618,"SURVEILLER (FAIBLE VOLUME)"
"PHARMACIE BD DU CAMEROUN","Pharmacie","ABIDJAN",3,3,2,22415,22415,0,7471.66666666667,11207.5,0,1.5,0.333333333333333,13117.5,1.17391304347826,0.0106522874796592,0.151808928810425,0.110834152169474,0,"Économique",0.151808928810425,0.110834152169474,1,1,1,0,0.0759044644052125,0.0554170760847369,0.333333333333333,0,0.139396462146985,13.9396462146985,0.182362547632009,0.924095535594788,0.860603537853015,0.750352138905523,75.0352138905523,"SURVEILLER (FAIBLE VOLUME)"
"PHARMACIE BEL AIR","Pharmacie","ABIDJAN",46,44,33,413440,413440,0,9396.36363636364,12528.4848484848,0,1.33333333333333,0.0652173913043478,13117.5,1.17391304347826,0.0106522874796592,0.212904456506869,0.107429920983255,0,"Économique",0.212904456506869,0.107429920983255,1,1,1,0,0.106452228253435,0.0537149604916274,0.333333333333333,0,0.148050156623519,14.8050156623519,0.602612955906369,0.893547771746565,0.851949843376481,0.818721637230493,81.8721637230493,"PRIVILÉGIER"
"PHARMACIE BELLE CITE","Pharmacie","ABIDJAN",34,32,15,578010,547860,30150,18062.8125,38534,0.05503230752382,2.13333333333333,0,13117.5,1.17391304347826,0.0106522874796592,0.42176204186524,0.174059318282426,5.16624317818174,"Économique",0.42176204186524,0.174059318282426,1,1,1,0,0.21088102093262,0.0870296591412129,0.333333333333333,1,0.28937320402215,28.937320402215,0.655416439847578,0.78911897906738,0.71062679597785,0.730981597987608,73.0981597987607,"CONSERVER"
"PHARMACIE BELLE VUE D'ANGRE","Pharmacie","ABIDJAN",9,9,8,64610,57970,6640,7178.88888888889,8076.25,0.114542004485078,1.125,0,13117.5,1.17391304347826,0.0106522874796592,0.167625215403275,0.091789093625498,10.7528082305138,"Économique",0.167625215403275,0.091789093625498,1,1,1,0,0.0838126077016374,0.045894546812749,0.333333333333333,1,0.238912146354316,23.8912146354316,0.320631464344039,0.916187392298363,0.761087853645684,0.735036391246427,73.5036391246427,"SURVEILLER (FAIBLE VOLUME)"
"PHARMACIE BELLEVILLE - PORT-BOUET","Pharmacie","ABIDJAN",1,1,1,28705,28705,0,28705,28705,0,1,0,13117.5,1.17391304347826,0.0106522874796592,0.670254392096564,0.0815903054448871,0,"Économique",0.670254392096564,0.0815903054448871,1,1,1,0,0.335127196048282,0.0407951527224436,0.333333333333333,0,0.212776704631218,21.2776704631218,0.211758301578661,0.664872803951718,0.787223295368782,0.623190100043932,62.3190100043932,"SURVEILLER (FAIBLE VOLUME)"
"PHARMACIE BELLEVILLE - TREICHVILLE","Pharmacie","ABIDJAN",7,7,6,99794,92685,7109,14256.2857142857,16632.3333333333,0.076700652748557,1.16666666666667,0,13117.5,1.17391304347826,0.0106522874796592,0.332880617139296,0.0951886896857016,7.20039267575334,"Économique",0.332880617139296,0.0951886896857016,1,1,1,0,0.166440308569648,0.0475943448428508,0.333333333333333,1,0.26421039602375,26.421039602375,0.373979314099075,0.833559691430352,0.73578960397625,0.702535580982456,70.2535580982456,"SURVEILLER (FAIBLE VOLUME)"
"PHARMACIE BENIABIE","Pharmacie","ABIDJAN",6,6,6,75449,75410,39.0000000000003,12574.8333333333,12574.8333333333,0.000517172788754812,1,0,13117.5,1.17391304347826,0.0106522874796592,0.293619135047864,0.0815903054448871,0.0485503972496393,"Économique",0.293619135047864,0.0815903054448871,1,1,1,0,0.146809567523932,0.0407951527224436,0.333333333333333,0.0242751986248196,0.158708935936395,15.8708935936395,0.341317365269461,0.853190432476068,0.841291064063605,0.746056071669762,74.6056071669762,"SURVEILLER (FAIBLE VOLUME)"
"PHARMACIE BERACA","Pharmacie","ABIDJAN",13,12,6,187955,179885,8070,15662.9166666667,31325.8333333333,0.0448619951635767,2,0,13117.5,1.17391304347826,0.0106522874796592,0.365725089318091,0.163180610889774,4.21148933965985,"Économique",0.365725089318091,0.163180610889774,1,1,1,0,0.182862544659046,0.0815903054448871,0.333333333333333,1,0.27933585503118,27.933585503118,0.463255307566685,0.817137455340954,0.72066414496882,0.707771701637247,70.7771701637247,"SURVEILLER (FAIBLE VOLUME)"
"PHARMACIE BEREKYAH","Pharmacie","ABIDJAN",87,84,41,1896921,1839175,57746,22582.3928571429,46266.3658536585,0.0313977734582082,2.04878048780488,0.390804597701149,13117.5,1.17391304347826,0.0106522874796592,0.452532357553796,0.163829013679445,2.94751465524781,"Économique",0.452532357553796,0.163829013679445,1,1,1,0,0.226266178776898,0.0819145068397227,0.333333333333333,1,0.292454205684986,29.2454205684986,0.847033206314643,0.773733821223102,0.707545794315014,0.761918487478175,76.1918487478175,"PRIVILÉGIER"
"PHARMACIE BETHANIE","Pharmacie","ABIDJAN",88,86,50,926390,913550,12840,10771.976744186,18527.8,0.0140550599310383,1.72,0.0568181818181818,13117.5,1.17391304347826,0.0106522874796592,0.245142728904255,0.139174923380276,1.31944053874595,"Économique",0.245142728904255,0.139174923380276,1,1,1,0,0.122571364452128,0.0695874616901378,0.333333333333333,0.659720269372976,0.223619674779977,22.3619674779977,0.746869896570495,0.877428635547872,0.776380325220023,0.810897563621257,81.0897563621257,"PRIVILÉGIER"
"PHARMACIE BETHEL-ATTOBAN","Pharmacie","ABIDJAN",258,250,142,3317018,3169397,147621,13268.072,23359.2816901408,0.0465769987161596,1.76056338028169,0.0581395348837209,13117.5,1.17391304347826,0.0106522874796592,0.30275848205427,0.143224423109767,4.3724879567041,"Économique",0.30275848205427,0.143224423109767,1,1,1,0,0.151379241027135,0.0716122115548835,0.333333333333333,1,0.266897435774606,26.6897435774606,0.908546543277082,0.848620758972865,0.733102564225394,0.81439863793472,81.439863793472,"PRIVILÉGIER"
"PHARMACIE BETHESDA","Pharmacie","ABIDJAN",1,1,1,15330,15030,300,15330,15330,0.0199600798403194,1,0,13117.5,1.17391304347826,0.0106522874796592,0.357951570487383,0.0815903054448871,1.87378343650917,"Économique",0.357951570487383,0.0815903054448871,1,1,1,0,0.178975785243691,0.0407951527224436,0.333333333333333,0.936891718254584,0.259620453215299,25.9620453215299,0.133369624387588,0.821024214756308,0.740379546784701,0.651235429493922,65.1235429493922,"SURVEILLER (FAIBLE VOLUME)"
"PHARMACIE BETHESDA RESIDENTIELLE","Pharmacie","ABIDJAN",237,231,136,2933862,2916904,16958,12700.7012987013,21572.5147058824,0.00581369835963062,1.69852941176471,0.0126582278481013,13117.5,1.17391304347826,0.0106522874796592,0.294843992642985,0.138160026140695,0.545769945725933,"Économique",0.294843992642985,0.138160026140695,1,1,1,0,0.147421996321493,0.0690800130703473,0.333333333333333,0.272884972862966,0.192239100103849,19.2239100103849,0.897114861186717,0.852578003678507,0.807760899896151,0.843558533667207,84.3558533667207,"PRIVILÉGIER"
"PHARMACIE BEYNIOUAH","Pharmacie","ABIDJAN",1,1,1,8805,8805,0,8805,8805,0,1,0,13117.5,1.17391304347826,0.0106522874796592,0.205594493029446,0.0815903054448871,0,"Économique",0.205594493029446,0.0815903054448871,1,1,1,0,0.102797246514723,0.0407951527224436,0.333333333333333,0,0.14307771977115,14.307771977115,0.0620577027762656,0.897202753485277,0.85692228022885,0.714061554040904,71.4061554040904,"SURVEILLER (FAIBLE VOLUME)"
"PHARMACIE BIABOU MOSQUEE","Pharmacie","ABIDJAN",13,13,11,212320,200795,11525,16332.3076923077,19301.8181818182,0.057396847531064,1.18181818181818,0,13117.5,1.17391304347826,0.0106522874796592,0.381355198182955,0.0964249064348666,5.38821803679865,"Économique",0.381355198182955,0.0964249064348666,1,1,1,0,0.190677599091478,0.0482124532174333,0.333333333333333,1,0.271667015692673,27.1667015692673,0.486118671747414,0.809322400908522,0.728332984307327,0.712285888435823,71.2285888435823,"SURVEILLER (FAIBLE VOLUME)"
"PHARMACIE BOKOSSO NVELLE - SINFRA","Pharmacie","HORS-ABIDJAN",2,2,2,14426,14350,76,7213,7213,0.00529616724738676,1,0,13117.5,1.17391304347826,0.0106522874796592,0.168421701104077,0.0815903054448871,0.497185910303297,"Économique",0.168421701104077,0.0815903054448871,1,1,1,0,0.0842108505520383,0.0407951527224436,0.333333333333333,0.248592955151648,0.162361096497509,16.2361096497509,0.114861186717474,0.915789149447962,0.837638903502491,0.724343458523676,72.4343458523676,"SURVEILLER (FAIBLE VOLUME)"
"PHARMACIE BON PASTEUR","Pharmacie","ABIDJAN",11,9,8,661775,649050,12725,73530.5555555556,82721.875,0.019605577382328,1.125,0,13117.5,1.17391304347826,0.0106522874796592,1.71691962426098,0.091789093625498,1.84050396872647,"Coût Élevé",1.71691962426098,0.091789093625498,1,1,1,0,0.858459812130491,0.045894546812749,0.333333333333333,0.920251984363236,0.463331506119296,46.3331506119296,0.679368535655961,0.141540187869509,0.536668493880704,0.407157179831277,40.7157179831277,"SURVEILLER (FAIBLE VOLUME)"
"PHARMACIE BONNE FORTUNE","Pharmacie","ABIDJAN",11,11,11,169185,152595,16590,15380.4545454545,15380.4545454545,0.108719158556965,1,0,13117.5,1.17391304347826,0.0106522874796592,0.359129671190819,0.0815903054448871,10.2061795426162,"Économique",0.359129671190819,0.0815903054448871,1,1,1,0,0.17956483559541,0.0407951527224436,0.333333333333333,1,0.266107996495356,26.6107996495356,0.448557430593359,0.82043516440459,0.733892003504644,0.711442353282366,71.1442353282366,"SURVEILLER (FAIBLE VOLUME)"
"PHARMACIE BOULEVARD CARDE","Pharmacie","ABIDJAN",36,35,28,835580,831444,4136,23873.7142857143,29842.1428571429,0.00497447813683183,1.25,0.111111111111111,13117.5,1.17391304347826,0.0106522874796592,0.530314061620725,0.099038747308655,0.46698684637743,"Économique",0.530314061620725,0.099038747308655,1,1,1,0,0.265157030810362,0.0495193736543275,0.333333333333333,0.233493423188715,0.217752263658278,21.7752263658278,0.723462166575939,0.734842969189638,0.782247736341722,0.751528715527731,75.1528715527731,"PRIVILÉGIER"
"PHARMACIE BOULEVARD Y4","Pharmacie","ABIDJAN",115,113,73,1513383,1480508,32875,13392.7699115044,20731.2739726027,0.0222052160474648,1.54794520547945,0,13117.5,1.17391304347826,0.0106522874796592,0.312717744487879,0.126297322127017,2.08454907829574,"Économique",0.312717744487879,0.126297322127017,1,1,1,0,0.156358872243939,0.0631486610635085,0.333333333333333,1,0.265852259992234,26.5852259992234,0.816004354926511,0.843641127756061,0.734147740007766,0.794316418090833,79.4316418090833,"PRIVILÉGIER"
"PHARMACIE CADUCEE MODERNE","Pharmacie","ABIDJAN",31,31,19,394705,354205,40500,12732.4193548387,20773.9473684211,0.114340565491735,1.63157894736842,0.032258064516129,13117.5,1.17391304347826,0.0106522874796592,0.293066722165648,0.131676443443062,10.7338978327492,"Économique",0.293066722165648,0.131676443443062,1,1,1,0,0.146533361082824,0.0658382217215311,0.333333333333333,1,0.263711474841307,26.3711474841307,0.593903102885139,0.853466638917176,0.736288525158693,0.754682686207376,75.4682686207376,"PRIVILÉGIER"
"PHARMACIE CARREFOUR ANADOR","Pharmacie","ABIDJAN",1,1,1,7655,7655,0,7655,7655,0,1,0,13117.5,1.17391304347826,0.0106522874796592,0.178742287806974,0.0815903054448871,0,"Économique",0.178742287806974,0.0815903054448871,1,1,1,0,0.0893711439034872,0.0407951527224436,0.333333333333333,0,0.139049888987779,13.9049888987779,0.0528034839412085,0.910628856096513,0.860950111012221,0.719192283631735,71.9192283631735,"SURVEILLER (FAIBLE VOLUME)"
"PHARMACIE CARREFOUR DIALLO","Pharmacie","ABIDJAN",25,25,15,268555,268555,0,10742.2,17903.6666666667,0,1.66666666666667,0,13117.5,1.17391304347826,0.0106522874796592,0.250827616470291,0.135983842408145,0,"Économique",0.250827616470291,0.135983842408145,1,1,1,0,0.125413808235146,0.0679919212040726,0.333333333333333,0,0.158021718831765,15.8021718831765,0.523135547087643,0.874586191764854,0.841978281168235,0.791252898590764,79.1252898590764,"PRIVILÉGIER"
"PHARMACIE CARREFOUR HMA","Pharmacie","ABIDJAN",64,57,35,789484,787480,2004,13850.5964912281,22556.6857142857,0.00254482653527709,1.62857142857143,0,13117.5,1.17391304347826,0.0106522874796592,0.323407877770523,0.132875640295959,0.23889953591062,"Économique",0.323407877770523,0.132875640295959,1,1,1,0,0.161703938885262,0.0664378201479795,0.333333333333333,0.11944976795531,0.180387504505503,18.0387504505503,0.714752313554709,0.838296061114738,0.819612495494497,0.806113885354636,80.6113885354636,"PRIVILÉGIER"
"PHARMACIE CARREFOUR KOBAKRO","Pharmacie","ABIDJAN",17,17,17,205142,199102,6040,12067.1764705882,12067.1764705882,0.0303362095810188,1,0,13117.5,1.17391304347826,0.0106522874796592,0.28176547742958,0.0815903054448871,2.84785870067312,"Économique",0.28176547742958,0.0815903054448871,1,1,1,0,0.14088273871479,0.0407951527224436,0.333333333333333,1,0.25450336743117,25.450336743117,0.480130647795318,0.85911726128521,0.74549663256883,0.73787168710068,73.787168710068,"SURVEILLER (FAIBLE VOLUME)"
"PHARMACIE CARREFOUR KOWEIT","Pharmacie","ABIDJAN",63,61,44,739575,735570,4005,12124.1803278689,16808.5227272727,0.0054447571271259,1.38636363636364,0,13117.5,1.17391304347826,0.0106522874796592,0.283096502885381,0.113113832548594,0.51113501560325,"Économique",0.283096502885381,0.113113832548594,1,1,1,0,0.14154825144269,0.0565569162742968,0.333333333333333,0.255567507801625,0.184988301095259,18.4988301095259,0.703320631464344,0.85845174855731,0.815011698904741,0.810049505277689,81.0049505277689,"PRIVILÉGIER"
"PHARMACIE CARREFOUR N'DOTRE","Pharmacie","ABIDJAN",41,41,32,504790,494495,10295,12311.9512195122,15774.6875,0.0208192196078828,1.28125,0.0731707317073171,13117.5,1.17391304347826,0.0106522874796592,0.278363095325033,0.103861043980919,1.95443651400111,"Économique",0.278363095325033,0.103861043980919,1,1,1,0,0.139181547662517,0.0519305219904594,0.333333333333333,0.977218257000557,0.255055446595949,25.5055446595949,0.634730538922156,0.860818452337483,0.744944553404052,0.769251310081045,76.9251310081045,"PRIVILÉGIER"
"PHARMACIE CARREFOUR SANTE","Pharmacie","ABIDJAN",28,28,22,371795,365475,6320,13278.3928571429,16899.7727272727,0.017292564470894,1.27272727272727,0,13117.5,1.17391304347826,0.0106522874796592,0.31004706958661,0.103842206929856,1.62336629610444,"Économique",0.31004706958661,0.103842206929856,1,1,1,0,0.155023534793305,0.0519211034649282,0.333333333333333,0.811683148052221,0.243251706282692,24.3251706282692,0.580838323353293,0.844976465206695,0.756748293717308,0.75685756824026,75.685756824026,"PRIVILÉGIER"
"PHARMACIE CENTRALE","Pharmacie","ABIDJAN",131,126,98,1998890,1868463,130427,15864.2063492063,20396.8367346939,0.0698044328413247,1.28571428571429,0.0381679389312977,13117.5,1.17391304347826,0.0106522874796592,0.363959768023689,0.104016858255338,6.55299934165484,"Économique",0.363959768023689,0.104016858255338,1,1,1,0,0.181979884011845,0.052008429127669,0.333333333333333,1,0.270196493941854,27.0196493941854,0.854109961894393,0.818020115988155,0.729803506058146,0.789951441197399,78.9951441197399,"PRIVILÉGIER"
"PHARMACIE CENTRALE DALOA","Pharmacie","HORS-ABIDJAN",7,7,7,90285,90285,0,12897.8571428571,12897.8571428571,0,1,0,13117.5,1.17391304347826,0.0106522874796592,0.301161658200106,0.0815903054448871,0,"Économique",0.301161658200106,0.0815903054448871,1,1,1,0,0.150580829100053,0.0407951527224436,0.333333333333333,0,0.157412794546749,15.7412794546749,0.36254763200871,0.849419170899947,0.842587205453251,0.749312076943021,74.9312076943021,"SURVEILLER (FAIBLE VOLUME)"
"PHARMACIE CENTRALE OUME","Pharmacie","HORS-ABIDJAN",2,2,2,18125,18125,0,9062.5,9062.5,0,1,0,13117.5,1.17391304347826,0.0106522874796592,0.211607052024912,0.0815903054448871,0,"Économique",0.211607052024912,0.0815903054448871,1,1,1,0,0.105803526012456,0.0407951527224436,0.333333333333333,0,0.14397960362047,14.397960362047,0.158954817637452,0.894196473987544,0.85602039637953,0.73187771167432,73.187771167432,"SURVEILLER (FAIBLE VOLUME)"
"PHARMACIE CENTRALE-ANGRE","Pharmacie","ABIDJAN",14,14,14,137350,125320,12030,9810.71428571429,9810.71428571429,0.0959942547079477,1,0,13117.5,1.17391304347826,0.0106522874796592,0.229077663807856,0.0815903054448871,9.01160946803691,"Économique",0.229077663807856,0.0815903054448871,1,1,1,0,0.114538831903928,0.0407951527224436,0.333333333333333,1,0.246600195387911,24.6600195387911,0.42025040827436,0.885461168096072,0.753399804612089,0.739594470738136,73.9594470738136,"SURVEILLER (FAIBLE VOLUME)"
"PHARMACIE CEPHAS","Pharmacie","ABIDJAN",67,64,46,969236,923364,45872,15144.3125,21070.347826087,0.0496792164303568,1.39130434782609,0.0597014925373134,13117.5,1.17391304347826,0.0106522874796592,0.343991513525184,0.112497411622531,4.66371345358643,"Économique",0.343991513525184,0.112497411622531,1,1,1,0,0.171995756762592,0.0562487058112656,0.333333333333333,1,0.268473338772157,26.8473338772157,0.752857920522591,0.828004243237408,0.731526661227843,0.774383945890618,77.4383945890618,"PRIVILÉGIER"
"PHARMACIE CHARISMA (EX COMOE)","Pharmacie","ABIDJAN",44,41,33,654135,643555,10580,15954.512195122,19822.2727272727,0.0164399313190015,1.24242424242424,0,13117.5,1.17391304347826,0.0106522874796592,0.37253377016334,0.101369773431526,1.54332403724495,"Économique",0.37253377016334,0.101369773431526,1,1,1,0,0.18626688508167,0.0506848867157632,0.333333333333333,0.771662018622477,0.248251733401478,24.8251733401478,0.67773543821448,0.81373311491833,0.751748266598522,0.761739640249637,76.1739640249637,"PRIVILÉGIER"
"PHARMACIE CHATEAU D'EAU ANGRE","Pharmacie","ABIDJAN",12,12,10,104340,98170,6170,8695,10434,0.0628501578893756,1.2,0,13117.5,1.17391304347826,0.0106522874796592,0.203026021225557,0.0979083665338645,5.90015600023841,"Économique",0.203026021225557,0.0979083665338645,1,1,1,0,0.101513010612779,0.0489541832669323,0.333333333333333,1,0.245140158163913,24.5140158163913,0.381056069678824,0.898486989387221,0.754859841836087,0.737549946425088,73.7549946425088,"SURVEILLER (FAIBLE VOLUME)"
"PHARMACIE CHATELET","Pharmacie","ABIDJAN",81,76,39,973554,950134,23420,12809.9210526316,24962.9230769231,0.0246491547508036,1.94871794871795,0,13117.5,1.17391304347826,0.0106522874796592,0.299108373033846,0.158996492661831,2.31397761258995,"Économique",0.299108373033846,0.158996492661831,1,1,1,0,0.149554186516923,0.0794982463309157,0.333333333333333,1,0.268715729854352,26.8715729854352,0.753402286336418,0.850445813483077,0.731284270145648,0.783372490718774,78.3372490718774,"PRIVILÉGIER"
"PHARMACIE CHAYAH TERMINUS 40","Pharmacie","ABIDJAN",47,45,32,620085,620085,0,13779.6666666667,19377.65625,0,1.40625,0,13117.5,1.17391304347826,0.0106522874796592,0.321751684548335,0.114736367031873,0,"Économique",0.321751684548335,0.114736367031873,1,1,1,0,0.160875842274167,0.0573681835159363,0.333333333333333,0,0.165473207737031,16.5473207737031,0.668481219379423,0.839124157725832,0.834526792262969,0.803156623871405,80.3156623871405,"PRIVILÉGIER"
"PHARMACIE CHENAIN","Pharmacie","ABIDJAN",50,47,26,778100,746490,31610,16555.3191489362,29926.9230769231,0.0423448405203017,1.80769230769231,0,13117.5,1.17391304347826,0.0106522874796592,0.386562458531086,0.147490167534988,3.97518754550704,"Économique",0.386562458531086,0.147490167534988,1,1,1,0,0.193281229265543,0.0737450837674941,0.333333333333333,1,0.280107893909911,28.0107893909911,0.712574850299401,0.806718770734457,0.719892106090089,0.753159320789699,75.3159320789699,"PRIVILÉGIER"
"PHARMACIE CHIGATA","Pharmacie","ABIDJAN",39,38,27,481989,472020,9969,12683.9210526316,17851.4444444444,0.0211198678022118,1.40740740740741,0,13117.5,1.17391304347826,0.0106522874796592,0.29616630533121,0.114830800255767,1.98266032929929,"Économique",0.29616630533121,0.114830800255767,1,1,1,0,0.148083152665605,0.0574154001278835,0.333333333333333,0.991330164649645,0.260782582303011,26.0782582303011,0.62874251497006,0.851916847334395,0.739217417696989,0.762202209006565,76.2202209006565,"PRIVILÉGIER"
"PHARMACIE CHRIST MARIE DE PAILLET","Pharmacie","ABIDJAN",4,4,3,22260,22260,0,5565,7420,0,1.33333333333333,0,13117.5,1.17391304347826,0.0106522874796592,0.129941323533091,0.108787073926516,0,"Économique",0.129941323533091,0.108787073926516,1,1,1,0,0.0649706617665455,0.0543935369632581,0.333333333333333,0,0.135809259618941,13.5809259618941,0.180185084376701,0.935029338233454,0.864190740381059,0.755725048321146,75.5725048321146,"SURVEILLER (FAIBLE VOLUME)"
"PHARMACIE CHRIST'EMILE","Pharmacie","ABIDJAN",12,10,7,172400,172400,0,17240,24628.5714285714,0,1.42857142857143,0,13117.5,1.17391304347826,0.0106522874796592,0.402549580900358,0.116557579206982,0,"Économique",0.402549580900358,0.116557579206982,1,1,1,0,0.201274790450179,0.0582787896034908,0.333333333333333,0,0.177866074016101,17.7866074016101,0.451279259662493,0.798725209549821,0.822133925983899,0.738599506145987,73.8599506145987,"SURVEILLER (FAIBLE VOLUME)"
"PHARMACIE CHU GYNECO","Pharmacie","ABIDJAN",4,4,4,109930,71690,38240,27482.5,27482.5,0.533407727716557,1,0,13117.5,1.17391304347826,0.0106522874796592,0.641709330457893,0.0815903054448871,50.074477311574,"Économique",0.641709330457893,0.0815903054448871,1,1,1,0,0.320854665228947,0.0407951527224436,0.333333333333333,1,0.308494945385417,30.8494945385417,0.390310288513881,0.679145334771053,0.691505054614583,0.626322213457031,62.6322213457031,"SURVEILLER (FAIBLE VOLUME)"
"PHARMACIE CLIMBIE","Pharmacie","ABIDJAN",11,11,10,120310,120310,0,10937.2727272727,12031,0,1.1,0,13117.5,1.17391304347826,0.0106522874796592,0.255382514649452,0.0897493359893758,0,"Économique",0.255382514649452,0.0897493359893758,1,1,1,0,0.127691257324726,0.0448746679946879,0.333333333333333,0,0.151769777595824,15.1769777595824,0.399020141535112,0.872308742675274,0.848230222404176,0.768019614338802,76.8019614338802,"SURVEILLER (FAIBLE VOLUME)"
"PHARMACIE COLOMBE","Pharmacie","HORS-ABIDJAN",153,151,101,2639533,2581100,58433,17480.3509933775,26133.9900990099,0.0226387974119561,1.4950495049505,0.0261437908496732,13117.5,1.17391304347826,0.0106522874796592,0.403378311032665,0.121230958998933,2.1252522010118,"Économique",0.403378311032665,0.121230958998933,1,1,1,0,0.201689155516332,0.0606154794994666,0.333333333333333,1,0.27869139050474,27.869139050474,0.88786064235166,0.798310844483668,0.72130860949526,0.785419910061903,78.5419910061903,"PRIVILÉGIER"
"PHARMACIE COMMERCE","Pharmacie","HORS-ABIDJAN",16,16,7,160649,157425,3224,10040.5625,22949.8571428571,0.0204795934572018,2.28571428571429,0,13117.5,1.17391304347826,0.0106522874796592,0.234444560694829,0.186492126731171,1.92255358262797,"Économique",0.234444560694829,0.186492126731171,1,1,1,0,0.117222280347414,0.0932460633655853,0.333333333333333,0.961276791313986,0.259268182245299,25.9268182245299,0.443658138268917,0.882777719652586,0.740731817754702,0.738135442616698,73.8135442616698,"SURVEILLER (FAIBLE VOLUME)"
"PHARMACIE COMOE","Pharmacie","ABIDJAN",5,5,5,68440,64955,3485,13688,13688,0.0536525286736972,1,0,13117.5,1.17391304347826,0.0106522874796592,0.319611291378428,0.0815903054448871,5.03671429973591,"Économique",0.319611291378428,0.0815903054448871,1,1,1,0,0.159805645689214,0.0407951527224436,0.333333333333333,1,0.260180239523497,26.0180239523497,0.329341317365269,0.840194354310786,0.739819760476503,0.69787390938797,69.787390938797,"SURVEILLER (FAIBLE VOLUME)"
"PHARMACIE COSMOS","Pharmacie","HORS-ABIDJAN",1,1,1,10890,10890,0,10890,10890,0,1,0,13117.5,1.17391304347826,0.0106522874796592,0.254278708584971,0.0815903054448871,0,"Économique",0.254278708584971,0.0815903054448871,1,1,1,0,0.127139354292485,0.0407951527224436,0.333333333333333,0,0.150380352104479,15.0380352104479,0.0832879695155144,0.872860645707515,0.849619647895521,0.705649711344317,70.5649711344317,"SURVEILLER (FAIBLE VOLUME)"
"PHARMACIE CYD NIKO","Pharmacie","ABIDJAN",131,130,87,1948363,1909634,38729,14987.4076923077,22394.9770114943,0.020280849628777,1.49425287356322,0.00763358778625954,13117.5,1.17391304347826,0.0106522874796592,0.348751208575975,0.121625146984473,1.90389619764805,"Économique",0.348751208575975,0.121625146984473,1,1,1,0,0.174375604287987,0.0608125734922364,0.333333333333333,0.951948098824025,0.26575126321647,26.575126321647,0.850843767011432,0.825624395712013,0.73424873678353,0.794118006400504,79.4118006400504,"PRIVILÉGIER"
"PHARMACIE D'ABOBODOUME","Pharmacie","ABIDJAN",4,4,4,81625,81625,0,20406.25,20406.25,0,1,0,13117.5,1.17391304347826,0.0106522874796592,0.476480706800924,0.0815903054448871,0,"Économique",0.476480706800924,0.0815903054448871,1,1,1,0,0.238240353400462,0.0407951527224436,0.333333333333333,0,0.183710651836872,18.3710651836872,0.348394120849211,0.761759646599538,0.816289348163128,0.700898422074909,70.0898422074909,"SURVEILLER (FAIBLE VOLUME)"
"PHARMACIE D'ABOBOTE","Pharmacie","ABIDJAN",19,18,12,158175,158175,0,8787.5,13181.25,0,1.5,0,13117.5,1.17391304347826,0.0106522874796592,0.205185872515191,0.122385458167331,0,"Économique",0.205185872515191,0.122385458167331,1,1,1,0,0.102592936257595,0.0611927290836653,0.333333333333333,0,0.149135699602378,14.9135699602378,0.438758845944475,0.897407063742405,0.850864300397622,0.787060314844906,78.7060314844906,"SURVEILLER (FAIBLE VOLUME)"
"PHARMACIE D'ADJAHUI","Pharmacie","ABIDJAN",1,1,1,23135,17570,5565,23135,23135,0.316733067729084,1,0,13117.5,1.17391304347826,0.0106522874796592,0.540196319845114,0.0815903054448871,29.7338077228852,"Économique",0.540196319845114,0.0815903054448871,1,1,1,0,0.270098159922557,0.0407951527224436,0.333333333333333,1,0.2932679937935,29.32679937935,0.187806205770278,0.729901840077443,0.7067320062065,0.612214779667633,61.2214779667633,"SURVEILLER (FAIBLE VOLUME)"
"PHARMACIE D'ADZOPE","Pharmacie","HORS-ABIDJAN",2,2,2,14980,14980,0,7490,7490,0,1,0,13117.5,1.17391304347826,0.0106522874796592,0.174889580101141,0.0815903054448871,0,"Économique",0.174889580101141,0.0815903054448871,1,1,1,0,0.0874447900505707,0.0407951527224436,0.333333333333333,0,0.138471982831904,13.8471982831904,0.119216113228089,0.912555209949429,0.861528017168096,0.733476513492628,73.3476513492628,"SURVEILLER (FAIBLE VOLUME)"
"PHARMACIE D'AGBAN","Pharmacie","ABIDJAN",11,11,9,396395,396395,0,36035.9090909091,44043.8888888889,0,1.22222222222222,0,13117.5,1.17391304347826,0.0106522874796592,0.841429240249933,0.0997214844326398,0,"Économique",0.841429240249933,0.0997214844326398,1,1,1,0,0.420714620124966,0.0498607422163199,0.333333333333333,0,0.241172608702386,24.1172608702386,0.59553620032662,0.579285379875034,0.758827391297614,0.654352348534383,65.4352348534383,"SURVEILLER (FAIBLE VOLUME)"
"PHARMACIE D'ANYAMA","Pharmacie","ABIDJAN",28,26,25,283485,267250,16235,10903.2692307692,11339.4,0.0607483629560337,1.04,0,13117.5,1.17391304347826,0.0106522874796592,0.254588541722153,0.0848539176626826,5.70284674273336,"Économique",0.254588541722153,0.0848539176626826,1,1,1,0,0.127294270861077,0.0424269588313413,0.333333333333333,1,0.250916368907725,25.0916368907725,0.531301034295046,0.872705729138924,0.749083631092275,0.754975950951489,75.4975950951489,"PRIVILÉGIER"
"PHARMACIE DAEL ABOBOTE","Pharmacie","ABIDJAN",1,1,1,11005,11005,0,11005,11005,0,1,0,13117.5,1.17391304347826,0.0106522874796592,0.256963929107218,0.0815903054448871,0,"Économique",0.256963929107218,0.0815903054448871,1,1,1,0,0.128481964553609,0.0407951527224436,0.333333333333333,0,0.150783135182816,15.0783135182816,0.085465432770822,0.871518035446391,0.849216864817184,0.705387046659595,70.5387046659595,"SURVEILLER (FAIBLE VOLUME)"
"PHARMACIE DE BIETRY","Pharmacie","ABIDJAN",56,56,36,767980,762980,5000,13713.9285714286,21332.7777777778,0.0065532517235052,1.55555555555556,0,13117.5,1.17391304347826,0.0106522874796592,0.320216716875059,0.126918252914269,0.615196664192439,"Économique",0.320216716875059,0.126918252914269,1,1,1,0,0.160108358437529,0.0634591264571344,0.333333333333333,0.307598332096219,0.197830078678021,19.7830078678021,0.709853021230267,0.839891641562471,0.802169921321979,0.798795229399833,79.8795229399833,"PRIVILÉGIER"
"PHARMACIE DE BLOCKHAUSS","Pharmacie","ABIDJAN",15,15,12,214505,209005,5500,14300.3333333333,17875.4166666667,0.0263151599244037,1.25,0,13117.5,1.17391304347826,0.0106522874796592,0.333909117753408,0.101987881806109,2.47037643085142,"Économique",0.333909117753408,0.101987881806109,1,1,1,0,0.166954558876704,0.0509939409030545,0.333333333333333,1,0.265384549933927,26.5384549933927,0.488296135002722,0.833045441123296,0.734615450066073,0.724723583476292,72.4723583476292,"SURVEILLER (FAIBLE VOLUME)"
"PHARMACIE DE BONOUA","Pharmacie","HORS-ABIDJAN",10,9,8,123080,119510,3570,13675.5555555556,15385,0.0298719772403983,1.125,0,13117.5,1.17391304347826,0.0106522874796592,0.319320716790513,0.091789093625498,2.80427817005874,"Économique",0.319320716790513,0.091789093625498,1,1,1,0,0.159660358395257,0.045894546812749,0.333333333333333,1,0.261666471562402,26.1666471562402,0.401741970604246,0.840339641604744,0.738333528437598,0.711817662137786,71.1817662137786,"SURVEILLER (FAIBLE VOLUME)"
"PHARMACIE DE COCODY","Pharmacie","ABIDJAN",158,155,107,2214314,2154754,59560,14285.8967741935,20694.523364486,0.0276412063743703,1.44859813084112,0.0126582278481013,13117.5,1.17391304347826,0.0106522874796592,0.331656325355188,0.117732861155834,2.59486109693828,"Économique",0.331656325355188,0.117732861155834,1,1,1,0,0.165828162677594,0.058866430577917,0.333333333333333,1,0.267408377976653,26.7408377976653,0.868263473053892,0.834171837322406,0.732591622023347,0.80035807834908,80.035807834908,"PRIVILÉGIER"
"PHARMACIE DE DAOUKRO","Pharmacie","HORS-ABIDJAN",14,14,7,211470,201550,9920,15105,30210,0.0492185561895311,2,0,13117.5,1.17391304347826,0.0106522874796592,0.352697878161247,0.163180610889774,4.62046825937765,"Économique",0.352697878161247,0.163180610889774,1,1,1,0,0.176348939080624,0.0815903054448871,0.333333333333333,1,0.277381773357653,27.7381773357653,0.484485574305934,0.823651060919376,0.722618226642347,0.715404829885876,71.5404829885876,"SURVEILLER (FAIBLE VOLUME)"
"PHARMACIE DE DIMBOKRO","Pharmacie","HORS-ABIDJAN",4,4,4,31990,31990,0,7997.5,7997.5,0,1,0,13117.5,1.17391304347826,0.0106522874796592,0.186739575014537,0.0815903054448871,0,"Économique",0.186739575014537,0.0815903054448871,1,1,1,0,0.0933697875072683,0.0407951527224436,0.333333333333333,0,0.140249482068914,14.0249482068914,0.22591181273816,0.906630212492732,0.859750517931086,0.751734654717159,75.1734654717159,"SURVEILLER (FAIBLE VOLUME)"
"PHARMACIE DE DOROPO","Pharmacie","HORS-ABIDJAN",1,1,1,3905,3905,0,3905,3905,0,1,0,13117.5,1.17391304347826,0.0106522874796592,0.091180749038045,0.0815903054448871,0,"Économique",0.091180749038045,0.0815903054448871,1,1,1,0,0.0455903745190225,0.0407951527224436,0.333333333333333,0,0.12591565817244,12.591565817244,0.0168753402286336,0.954409625480978,0.87408434182756,0.734772654969142,73.4772654969142,"SURVEILLER (FAIBLE VOLUME)"
"PHARMACIE DE FERKE","Pharmacie","HORS-ABIDJAN",6,5,2,65270,58795,6475,13054,32635,0.110128412279956,2.5,0,13117.5,1.17391304347826,0.0106522874796592,0.304807553890561,0.203975763612218,10.3384754204436,"Économique",0.304807553890561,0.203975763612218,1,1,1,0,0.15240377694528,0.101987881806109,0.333333333333333,1,0.276317497625417,27.6317497625417,0.322808927599347,0.84759622305472,0.723682502374583,0.69307327569159,69.307327569159,"SURVEILLER (FAIBLE VOLUME)"
"PHARMACIE DE GESCO","Pharmacie","ABIDJAN",34,34,23,362300,353330,8970,10655.8823529412,15752.1739130435,0.0253870319531316,1.47826086956522,0,13117.5,1.17391304347826,0.0106522874796592,0.248812121537122,0.120611755875051,2.38324697879294,"Économique",0.248812121537122,0.120611755875051,1,1,1,0,0.124406060768561,0.0603058779375253,0.333333333333333,1,0.255413581611826,25.5413581611826,0.576483396842678,0.875593939231439,0.744586418388174,0.763368822416381,76.3368822416381,"PRIVILÉGIER"
"PHARMACIE DE GRAND LAHOU","Pharmacie","ABIDJAN",1,1,1,6145,6145,0,6145,6145,0,1,0,13117.5,1.17391304347826,0.0106522874796592,0.143484174862685,0.0815903054448871,0,"Économique",0.143484174862685,0.0815903054448871,1,1,1,0,0.0717420874313427,0.0407951527224436,0.333333333333333,0,0.133761172046136,13.3761172046136,0.0408274360370169,0.928257912568657,0.866238827953864,0.725964183416412,72.5964183416412,"SURVEILLER (FAIBLE VOLUME)"
"PHARMACIE DE KOUMASSI","Pharmacie","ABIDJAN",9,9,7,133636,123330,10306,14848.4444444444,19090.8571428571,0.0835644206600178,1.28571428571429,0,13117.5,1.17391304347826,0.0106522874796592,0.346707371701471,0.104901821286283,7.84473952844272,"Économique",0.346707371701471,0.104901821286283,1,1,1,0,0.173353685850735,0.0524509106431417,0.333333333333333,1,0.267741378948163,26.7741378948163,0.417528579205226,0.826646314149265,0.732258621051837,0.707067689921486,70.7067689921486,"SURVEILLER (FAIBLE VOLUME)"
"PHARMACIE DE L'ANTENNE","Pharmacie","ABIDJAN",19,19,17,250940,245520,5420,13207.3684210526,14761.1764705882,0.0220755946562398,1.11764705882353,0.0526315789473684,13117.5,1.17391304347826,0.0106522874796592,0.301290067536124,0.090084605346811,2.07238066925942,"Économique",0.301290067536124,0.090084605346811,1,1,1,0,0.150645033768062,0.0450423026734055,0.333333333333333,1,0.25870620093244,25.870620093244,0.513336962438759,0.849354966231938,0.74129379906756,0.738926898607551,73.8926898607551,"SURVEILLER (FAIBLE VOLUME)"
"PHARMACIE DE L'ARRAS","Pharmacie","ABIDJAN",4,4,4,58760,58760,0,14690,14690,0,1,0,13117.5,1.17391304347826,0.0106522874796592,0.343007734537486,0.0815903054448871,0,"Économique",0.343007734537486,0.0815903054448871,1,1,1,0,0.171503867268743,0.0407951527224436,0.333333333333333,0,0.163689705997356,16.3689705997356,0.307566684812194,0.828496132731257,0.836310294002644,0.727435907655999,72.7435907655999,"SURVEILLER (FAIBLE VOLUME)"
"PHARMACIE DE L'AVENUE 21","Pharmacie","ABIDJAN",9,9,9,133370,133370,0,14818.8888888889,14818.8888888889,0,1,0.222222222222222,13117.5,1.17391304347826,0.0106522874796592,0.314710361852324,0.0779782973479956,0,"Économique",0.314710361852324,0.0779782973479956,1,1,1,0,0.157355180926162,0.0389891486739978,0.333333333333333,0,0.158903298880048,15.8903298880048,0.416984213391399,0.842644819073838,0.841096701119952,0.756893450755796,75.6893450755796,"SURVEILLER (FAIBLE VOLUME)"
"PHARMACIE DE L'ESPOIR ADJAME 220 LOGTS","Pharmacie","ABIDJAN",1,1,1,13405,13405,0,13405,13405,0,1,0,13117.5,1.17391304347826,0.0106522874796592,0.313003313919333,0.0815903054448871,0,"Économique",0.313003313919333,0.0815903054448871,1,1,1,0,0.156501656959666,0.0407951527224436,0.333333333333333,0,0.159189042904633,15.9189042904633,0.108328796951551,0.843498343040334,0.840810957095367,0.69538947944459,69.538947944459,"SURVEILLER (FAIBLE VOLUME)"
"PHARMACIE DE L'ETOILE","Pharmacie","ABIDJAN",64,60,40,818970,805930,13040,13649.5,20474.25,0.0161800652662142,1.5,0.03125,13117.5,1.17391304347826,0.0106522874796592,0.314026496445998,0.121123094625016,1.51892870870322,"Économique",0.314026496445998,0.121123094625016,1,1,1,0,0.157013248222999,0.060561547312508,0.333333333333333,0.75946435435161,0.241218874095813,24.1218874095813,0.721284703320631,0.842986751777001,0.758781125904187,0.784964091736602,78.4964091736602,"PRIVILÉGIER"
"PHARMACIE DE L'IMMACULEE CONCEPTION","Pharmacie","ABIDJAN",83,76,40,1416698,1393315,23383,18640.7631578947,35417.45,0.0167822782357184,1.9,0.0120481927710843,13117.5,1.17391304347826,0.0106522874796592,0.432708315752768,0.15421793879325,1.57546238474737,"Économique",0.432708315752768,0.15421793879325,1,1,1,0,0.216354157876384,0.0771089693966252,0.333333333333333,0.787731192373686,0.266812057419271,26.6812057419271,0.810560696788242,0.783645842123616,0.733187942580729,0.768845653239386,76.8845653239386,"PRIVILÉGIER"
"PHARMACIE DE L'INDENIE","Pharmacie","HORS-ABIDJAN",41,41,25,471305,455930,15375,11495.243902439,18852.2,0.0337222819292435,1.64,0,13117.5,1.17391304347826,0.0106522874796592,0.26841099856579,0.133808100929615,3.16573149134748,"Économique",0.26841099856579,0.133808100929615,1,1,1,0,0.134205499282895,0.0669040504648074,0.333333333333333,1,0.260332864924311,26.0332864924311,0.626020685900925,0.865794500717105,0.739667135075689,0.767388791497303,76.7388791497303,"PRIVILÉGIER"
"PHARMACIE DE L'OASIS DE PAIX","Pharmacie","ABIDJAN",13,13,10,113390,113390,0,8722.30769230769,11339,0,1.3,0,13117.5,1.17391304347826,0.0106522874796592,0.203663648841208,0.106067397078353,0,"Économique",0.203663648841208,0.106067397078353,1,1,1,0,0.101831824420604,0.0530336985391766,0.333333333333333,0,0.146459656887934,14.6459656887934,0.393032117583016,0.898168175579396,0.853540343112066,0.779289830993188,77.9289830993188,"SURVEILLER (FAIBLE VOLUME)"
"PHARMACIE DE LA BAGOE","Pharmacie","ABIDJAN",38,37,26,506805,506805,0,13697.4324324324,19492.5,0,1.42307692307692,0,13117.5,1.17391304347826,0.0106522874796592,0.319831536257926,0.116109280825416,0,"Économique",0.319831536257926,0.116109280825416,1,1,1,0,0.159915768128963,0.0580546404127081,0.333333333333333,0,0.165391122562501,16.5391122562501,0.636363636363636,0.840084231871037,0.834608877437499,0.797149970996142,79.7149970996142,"PRIVILÉGIER"
"PHARMACIE DE LA BALTIQUE","Pharmacie","ABIDJAN",3,3,3,53140,53140,0,17713.3333333333,17713.3333333333,0,1,0,13117.5,1.17391304347826,0.0106522874796592,0.413601792904969,0.0815903054448871,0,"Économique",0.413601792904969,0.0815903054448871,1,1,1,0,0.206800896452485,0.0407951527224436,0.333333333333333,0,0.174278814752478,17.4278814752478,0.293957539466521,0.793199103547515,0.825721185247522,0.706359623411319,70.6359623411319,"SURVEILLER (FAIBLE VOLUME)"
"PHARMACIE DE LA BENEDICTION","Pharmacie","ABIDJAN",7,7,6,58066,58065,1,8295.14285714286,9677.66666666667,1.72220787048997e-05,1.16666666666667,0,13117.5,1.17391304347826,0.0106522874796592,0.193689459434539,0.0951886896857016,0.00161674933555686,"Économique",0.193689459434539,0.0951886896857016,1,1,1,0,0.0968447297172695,0.0475943448428508,0.333333333333333,0.000808374667778432,0.143412559834814,14.3412559834814,0.304844855743059,0.90315527028273,0.856587440165186,0.764866055327779,76.4866055327779,"SURVEILLER (FAIBLE VOLUME)"
"PHARMACIE DE LA CATHEDRALE NOUVELLE","Pharmacie","HORS-ABIDJAN",186,179,81,2757436,2704110,53326,15404.6703910615,34042.4197530864,0.0197203516129152,2.20987654320988,0,13117.5,1.17391304347826,0.0106522874796592,0.359695104978535,0.180304502155985,1.85127857754231,"Économique",0.359695104978535,0.180304502155985,1,1,1,0,0.179847552489267,0.0901522510779926,0.333333333333333,0.925639288771153,0.273563869947293,27.3563869947293,0.890582471420795,0.820152447510733,0.726436130052707,0.796751925309535,79.6751925309535,"PRIVILÉGIER"
"PHARMACIE DE LA CITE","Pharmacie","ABIDJAN",23,22,10,380085,377605,2480,17276.5909090909,38008.5,0.00656770964367527,2.2,0,13117.5,1.17391304347826,0.0106522874796592,0.403403969248345,0.179498671978752,0.616553923860625,"Économique",0.403403969248345,0.179498671978752,1,1,1,0,0.201701984624173,0.0897493359893758,0.333333333333333,0.308276961930312,0.218263092377096,21.8263092377096,0.585193249863909,0.798298015375827,0.781736907622904,0.749052619172274,74.9052619172274,"CONSERVER"
"PHARMACIE DE LA CITE ROUGE","Pharmacie","ABIDJAN",35,35,27,555218,530448,24770,15863.3714285714,20563.6296296296,0.0466963774017434,1.2962962962963,0,13117.5,1.17391304347826,0.0106522874796592,0.370405656626342,0.105765210761891,4.38369481587043,"Économique",0.370405656626342,0.105765210761891,1,1,1,0,0.185202828313171,0.0528826053809454,0.333333333333333,1,0.271425630108235,27.1425630108235,0.649428415895482,0.814797171686829,0.728574369891765,0.747234299810534,74.7234299810534,"CONSERVER"
"PHARMACIE DE LA CITE VERTE","Pharmacie","ABIDJAN",80,77,47,975615,970675,4940,12670.3246753247,20757.7659574468,0.00508924202230407,1.63829787234043,0,13117.5,1.17391304347826,0.0106522874796592,0.29584883340623,0.133669223813964,0.477760484029567,"Économique",0.29584883340623,0.133669223813964,1,1,1,0,0.147924416703115,0.066834611906982,0.333333333333333,0.238880242014784,0.188315732784507,18.8315732784507,0.753946652150245,0.852075583296885,0.811684267215492,0.816293270635,81.6293270635,"PRIVILÉGIER"
"PHARMACIE DE LA CORNICHE","Pharmacie","ABIDJAN",7,7,7,83065,83065,0,11866.4285714286,11866.4285714286,0,1,0,13117.5,1.17391304347826,0.0106522874796592,0.277078065441566,0.0815903054448871,0,"Économique",0.277078065441566,0.0815903054448871,1,1,1,0,0.138539032720783,0.0407951527224436,0.333333333333333,0,0.153800255632968,15.3800255632968,0.350571584104518,0.861460967279217,0.846199744367032,0.753178601479403,75.3178601479403,"SURVEILLER (FAIBLE VOLUME)"
"PHARMACIE DE LA FELICITE","Pharmacie","ABIDJAN",2,2,2,18150,14015,4135,9075,9075,0.295041027470567,1,0,13117.5,1.17391304347826,0.0106522874796592,0.211898923820809,0.0815903054448871,27.6974338172863,"Économique",0.211898923820809,0.0815903054448871,1,1,1,0,0.105949461910404,0.0407951527224436,0.333333333333333,1,0.244023384389854,24.4023384389854,0.159499183451279,0.894050538089596,0.755976615610146,0.691910698170152,69.1910698170152,"SURVEILLER (FAIBLE VOLUME)"
"PHARMACIE DE LA GALERIE","Pharmacie","ABIDJAN",2,2,2,73326,55114,18212,36663,36663,0.33044235584425,1,0,13117.5,1.17391304347826,0.0106522874796592,0.856071652236068,0.0815903054448871,31.0207883964114,"Économique",0.856071652236068,0.0815903054448871,1,1,1,0,0.428035826118034,0.0407951527224436,0.333333333333333,1,0.340649293652143,34.0649293652143,0.337506804572673,0.571964173881966,0.659350706347857,0.560027313006464,56.0027313006464,"SURVEILLER (FAIBLE VOLUME)"
"PHARMACIE DE LA GARE - SOUBRE","Pharmacie","HORS-ABIDJAN",6,6,5,74108,68798,5310,12351.3333333333,14821.6,0.0771824762347743,1.2,0,13117.5,1.17391304347826,0.0106522874796592,0.288400467337236,0.0979083665338645,7.24562460242988,"Économique",0.288400467337236,0.0979083665338645,1,1,1,0,0.144200233668618,0.0489541832669323,0.333333333333333,1,0.257946325080665,25.7946325080665,0.338595536200327,0.855799766331382,0.742053674919335,0.706860483740352,70.6860483740352,"SURVEILLER (FAIBLE VOLUME)"
"PHARMACIE DE LA GARE SUD","Pharmacie","ABIDJAN",2,2,2,25590,22790,2800,12795,12795,0.122860903905222,1,0,13117.5,1.17391304347826,0.0106522874796592,0.298759970279587,0.0815903054448871,11.5337578092807,"Économique",0.298759970279587,0.0815903054448871,1,1,1,0,0.149379985139793,0.0407951527224436,0.333333333333333,1,0.257052541358671,25.7052541358671,0.202504082743604,0.850620014860207,0.742947458641329,0.677927805949335,67.7927805949335,"SURVEILLER (FAIBLE VOLUME)"
"PHARMACIE DE LA MAIRIE","Pharmacie","ABIDJAN",5,5,5,87655,84375,3280,17531,17531,0.0388740740740741,1,0,13117.5,1.17391304347826,0.0106522874796592,0.409344356308827,0.0815903054448871,3.64936396509249,"Économique",0.409344356308827,0.0815903054448871,1,1,1,0,0.204672178154413,0.0407951527224436,0.333333333333333,1,0.273640199263057,27.3640199263057,0.357103973870441,0.795327821845587,0.726359800736943,0.6800958438071,68.00958438071,"SURVEILLER (FAIBLE VOLUME)"
"PHARMACIE DE LA MAIRIE - SOUBRE","Pharmacie","HORS-ABIDJAN",2,2,2,24090,24090,0,12045,12045,0,1,0,13117.5,1.17391304347826,0.0106522874796592,0.281247662525801,0.0815903054448871,0,"Économique",0.281247662525801,0.0815903054448871,1,1,1,0,0.1406238312629,0.0407951527224436,0.333333333333333,0,0.154425695195603,15.4425695195603,0.191616766467066,0.8593761687371,0.845574304804397,0.720303542710012,72.0303542710012,"SURVEILLER (FAIBLE VOLUME)"
"PHARMACIE DE LA MAIRIE DE TREICHVILLE SARL","Pharmacie","ABIDJAN",4,4,4,32985,32985,0,8246.25,8246.25,0,1,0,13117.5,1.17391304347826,0.0106522874796592,0.192547823752876,0.0815903054448871,0,"Économique",0.192547823752876,0.0815903054448871,1,1,1,0,0.0962739118764378,0.0407951527224436,0.333333333333333,0,0.141120719379664,14.1120719379664,0.231899836690256,0.903726088123562,0.858879280620336,0.75142211483561,75.142211483561,"SURVEILLER (FAIBLE VOLUME)"
"PHARMACIE DE LA MOSQUEE","Pharmacie","HORS-ABIDJAN",2,2,2,11060,11060,0,5530,5530,0,1,0,13117.5,1.17391304347826,0.0106522874796592,0.129124082504581,0.0815903054448871,0,"Économique",0.129124082504581,0.0815903054448871,1,1,1,0,0.0645620412522905,0.0407951527224436,0.333333333333333,0,0.13160715819242,13.160715819242,0.0860097985846489,0.93543795874771,0.86839284180758,0.738734279939046,73.8734279939046,"SURVEILLER (FAIBLE VOLUME)"
"PHARMACIE DE LA PLACE - BOUAKE","Pharmacie","HORS-ABIDJAN",9,8,7,74546,70936,3610,9318.25,10649.4285714286,0.0508909439494756,1.14285714285714,0,13117.5,1.17391304347826,0.0106522874796592,0.217578748968953,0.0932460633655853,4.77746625282628,"Économique",0.217578748968953,0.0932460633655853,1,1,1,0,0.108789374484477,0.0466230316827926,0.333333333333333,1,0.246623721850181,24.6623721850181,0.339139902014154,0.891210625515523,0.753376278149819,0.725662741868968,72.5662741868968,"SURVEILLER (FAIBLE VOLUME)"
"PHARMACIE DE LA PLACE - MARCORY","Pharmacie","ABIDJAN",16,16,14,231941,217020,14921,14496.3125,16567.2142857143,0.0687540318864621,1.14285714285714,0,13117.5,1.17391304347826,0.0106522874796592,0.33848518106007,0.0932460633655853,6.454391323718,"Économique",0.33848518106007,0.0932460633655853,1,1,1,0,0.169242590530035,0.0466230316827926,0.333333333333333,1,0.264759686663848,26.4759686663848,0.502994011976048,0.830757409469965,0.735240313336152,0.726997891517656,72.6997891517656,"SURVEILLER (FAIBLE VOLUME)"
"PHARMACIE DE LA PLAQUE II","Pharmacie","ABIDJAN",6,6,4,59990,56975,3015,9998.33333333333,14997.5,0.052917946467749,1.5,0,13117.5,1.17391304347826,0.0106522874796592,0.233458520477692,0.122385458167331,4.96775425642588,"Économique",0.233458520477692,0.122385458167331,1,1,1,0,0.116729260238846,0.0611927290836653,0.333333333333333,1,0.253376596796753,25.3376596796753,0.310288513881328,0.883270739761154,0.746623403203247,0.714015359962026,71.4015359962026,"SURVEILLER (FAIBLE VOLUME)"
"PHARMACIE DE LA PROVIDENCE","Pharmacie","ABIDJAN",4,3,1,24510,22375,2135,8170,24510,0.0954189944134078,3,0,13117.5,1.17391304347826,0.0106522874796592,0.190767405797907,0.244770916334661,8.95760601613624,"Économique",0.190767405797907,0.244770916334661,1,1,1,0,0.0953837028989536,0.122385458167331,0.333333333333333,1,0.265330748319885,26.5330748319885,0.194882961350027,0.904616297101046,0.734669251680115,0.69469081178247,69.469081178247,"SURVEILLER (FAIBLE VOLUME)"
"PHARMACIE DE LA TENE - OUME","Pharmacie","HORS-ABIDJAN",2,2,2,22295,22295,0,11147.5,11147.5,0,1,0,13117.5,1.17391304347826,0.0106522874796592,0.260291267580437,0.0815903054448871,0,"Économique",0.260291267580437,0.0815903054448871,1,1,1,0,0.130145633790219,0.0407951527224436,0.333333333333333,0,0.151282235953799,15.1282235953799,0.180729450190528,0.869854366209781,0.848717764046201,0.723574742140499,72.3574742140499,"SURVEILLER (FAIBLE VOLUME)"
"PHARMACIE DE LA ZONE 3","Pharmacie","ABIDJAN",3,3,3,67285,67285,0,22428.3333333333,22428.3333333333,0,1,0,13117.5,1.17391304347826,0.0106522874796592,0.523695834317103,0.0815903054448871,0,"Économique",0.523695834317103,0.0815903054448871,1,1,1,0,0.261847917158551,0.0407951527224436,0.333333333333333,0,0.190792920964299,19.0792920964298,0.325530756668481,0.738152082841449,0.809207079035702,0.684049816084556,68.4049816084556,"SURVEILLER (FAIBLE VOLUME)"
"PHARMACIE DE LAKOTA","Pharmacie","HORS-ABIDJAN",5,4,2,64345,59080,5265,16086.25,32172.5,0.089116452268111,2,0,13117.5,1.17391304347826,0.0106522874796592,0.375609814139117,0.163180610889774,8.36594510224036,"Économique",0.375609814139117,0.163180610889774,1,1,1,0,0.187804907069559,0.0815903054448871,0.333333333333333,1,0.280818563754334,28.0818563754334,0.320087098530212,0.812195092930441,0.719181436245666,0.676568031376486,67.6568031376486,"SURVEILLER (FAIBLE VOLUME)"
"PHARMACIE DE PORT-BOUET","Pharmacie","ABIDJAN",34,33,27,372188,368593,3595,11278.4242424242,13784.7407407407,0.00975330513601723,1.22222222222222,0,13117.5,1.17391304347826,0.0106522874796592,0.263348315081457,0.0997214844326398,0.915606638915954,"Économique",0.263348315081457,0.0997214844326398,1,1,1,0,0.131674157540728,0.0498607422163199,0.333333333333333,0.457803319457977,0.200240801872912,20.0240801872912,0.58138268916712,0.868325842459272,0.799759198127088,0.783510554067968,78.3510554067968,"PRIVILÉGIER"
"PHARMACIE DE SASSANDRA","Pharmacie","HORS-ABIDJAN",3,3,3,40295,40295,0,13431.6666666667,13431.6666666667,0,1,0.333333333333333,13117.5,1.17391304347826,0.0106522874796592,0.272903894107342,0.0762896240534938,0,"Économique",0.272903894107342,0.0762896240534938,1,1,1,0,0.136451947053671,0.0381448120267469,0.333333333333333,0,0.152379027724125,15.2379027724125,0.25748502994012,0.863548052946329,0.847620972275875,0.735964616076905,73.5964616076905,"SURVEILLER (FAIBLE VOLUME)"
"PHARMACIE DE SEGUELA","Pharmacie","HORS-ABIDJAN",6,6,2,85120,85120,0,14186.6666666667,42560,0,3,0,13117.5,1.17391304347826,0.0106522874796592,0.331255030222723,0.244770916334661,0,"Économique",0.331255030222723,0.244770916334661,1,1,1,0,0.165627515111361,0.122385458167331,0.333333333333333,0,0.186403891983608,18.6403891983608,0.35383777898748,0.834372484888639,0.813596108016392,0.729954992959508,72.9954992959508,"SURVEILLER (FAIBLE VOLUME)"
"PHARMACIE DE SION - BONGOUANOU","Pharmacie","HORS-ABIDJAN",3,3,1,37005,37005,0,12335,37005,0,3,0,13117.5,1.17391304347826,0.0106522874796592,0.288019088190598,0.244770916334661,0,"Économique",0.288019088190598,0.244770916334661,1,1,1,0,0.144009544095299,0.122385458167331,0.333333333333333,0,0.179918500678789,17.9918500678789,0.246597713663582,0.855990455904701,0.820081499321211,0.719748324823081,71.9748324823081,"SURVEILLER (FAIBLE VOLUME)"
"PHARMACIE DE SOPIM","Pharmacie","ABIDJAN",45,42,23,807980,802980,5000,19237.619047619,35129.5652173913,0.00622680515081322,1.82608695652174,0,13117.5,1.17391304347826,0.0106522874796592,0.449193473615997,0.148990992551533,0.584550986133586,"Économique",0.449193473615997,0.148990992551533,1,1,1,0,0.224596736807998,0.0744954962757665,0.333333333333333,0.292275493066793,0.218955219231809,21.8955219231809,0.71801850843767,0.775403263192002,0.781044780768191,0.766182919271611,76.6182919271611,"PRIVILÉGIER"
"PHARMACIE DE TOUMODI","Pharmacie","HORS-ABIDJAN",1,1,1,9105,9105,0,9105,9105,0,1,0,13117.5,1.17391304347826,0.0106522874796592,0.21259941613096,0.0815903054448871,0,"Économique",0.21259941613096,0.0815903054448871,1,1,1,0,0.10629970806548,0.0407951527224436,0.333333333333333,0,0.144128458236377,14.4128458236377,0.0658682634730539,0.89370029193452,0.855871541763623,0.713002386173868,71.3002386173868,"SURVEILLER (FAIBLE VOLUME)"
"PHARMACIE DE YAMOUSOUKRO","Pharmacie","HORS-ABIDJAN",55,55,35,882774,856874,25900,16050.4363636364,25222.1142857143,0.030226147601631,1.57142857142857,0,13117.5,1.17391304347826,0.0106522874796592,0.374773574910074,0.12821333712768,2.83752646174342,"Économique",0.374773574910074,0.12821333712768,1,1,1,0,0.187386787455037,0.0641066685638399,0.333333333333333,1,0.275448036805663,27.5448036805663,0.737071311921611,0.812613212544963,0.724551963194337,0.762280332680042,76.2280332680042,"PRIVILÉGIER"
"PHARMACIE DE ZOUAN-HOUNIEN","Pharmacie","HORS-ABIDJAN",51,48,33,583673,583673,2.8421709430404e-14,12159.8541666667,17687.0606060606,4.86945762959808e-20,1.45454545454545,0,13117.5,1.17391304347826,0.0106522874796592,0.283929477877096,0.118676807919836,4.57127883461316e-18,"Économique",0.283929477877096,0.118676807919836,1,1,1,0,0.141964738938548,0.0593384039599179,0.333333333333333,2.28563941730658e-18,0.16039094286954,16.039094286954,0.657593903102885,0.858035261061452,0.83960905713046,0.810576507897342,81.0576507897342,"PRIVILÉGIER"
"PHARMACIE DES 3 PONTS","Pharmacie","ABIDJAN",24,22,15,311780,277615,34165,14171.8181818182,20785.3333333333,0.123066116744412,1.46666666666667,0,13117.5,1.17391304347826,0.0106522874796592,0.330908321907597,0.119665781319168,11.5530224826743,"Économique",0.330908321907597,0.119665781319168,1,1,1,0,0.165454160953799,0.0598328906595839,0.333333333333333,1,0.267586115484015,26.7586115484015,0.554164398475776,0.834545839046201,0.732413884515985,0.73761676912003,73.761676912003,"CONSERVER"
"PHARMACIE DES ALLEES","Pharmacie","ABIDJAN",100,98,69,1303172,1290047,13125,13297.6734693878,18886.5507246377,0.010174047922285,1.42028985507246,0,13117.5,1.17391304347826,0.0106522874796592,0.310497266940362,0.115881883095637,0.95510452019931,"Économique",0.310497266940362,0.115881883095637,1,1,1,0,0.155248633470181,0.0579409415478184,0.333333333333333,0.477552260099655,0.211712098515365,21.1712098515365,0.795318454001089,0.844751366529819,0.788287901484635,0.812279398005999,81.2279398005999,"PRIVILÉGIER"
"PHARMACIE DES BRASSEURS","Pharmacie","ABIDJAN",36,36,18,498940,498940,0,13859.4444444444,27718.8888888889,0,2,0.388888888888889,13117.5,1.17391304347826,0.0106522874796592,0.275630683058465,0.161312583573793,0,"Économique",0.275630683058465,0.161312583573793,1,1,1,0,0.137815341529233,0.0806562917868965,0.333333333333333,0,0.165541489994839,16.5541489994839,0.633641807294502,0.862184658470767,0.834458510005161,0.805385628849272,80.5385628849272,"PRIVILÉGIER"
"PHARMACIE DES CITES","Pharmacie","ABIDJAN",22,21,16,193079,183999,9080,9194.2380952381,12067.4375,0.0493480942831211,1.3125,0,13117.5,1.17391304347826,0.0106522874796592,0.214683102780522,0.107087275896414,4.63262884871936,"Économique",0.214683102780522,0.107087275896414,1,1,1,0,0.107341551390261,0.0535436379482072,0.333333333333333,1,0.24826555680154,24.826555680154,0.467065868263473,0.892658448609739,0.75173444319846,0.751170330375974,75.1170330375974,"PRIVILÉGIER"
"PHARMACIE DES CITES SYNACASSCI SARL","Pharmacie","ABIDJAN",22,21,19,371714,368269,3444.99999999999,17700.6666666667,19563.8947368421,0.0093545750524752,1.10526315789474,0,13117.5,1.17391304347826,0.0106522874796592,0.413306029485127,0.0901787586496121,0.878175234224387,"Économique",0.413306029485127,0.0901787586496121,1,1,1,0,0.206653014742564,0.045089379324806,0.333333333333333,0.439087617112194,0.21943147993143,21.943147993143,0.580293957539467,0.793346985257436,0.78056852006857,0.745624993638296,74.5624993638296,"CONSERVER"
"PHARMACIE DES ENTREPRISES","Pharmacie","ABIDJAN",2,2,2,17434,17434,6.82121026329696e-13,8717,8717,3.91259049173853e-17,1,0,13117.5,1.17391304347826,0.0106522874796592,0.203539715586335,0.0815903054448871,3.67300497588873e-15,"Économique",0.203539715586335,0.0815903054448871,1,1,1,0,0.101769857793168,0.0407951527224436,0.333333333333333,1.83650248794436e-15,0.142769503154684,14.2769503154684,0.145890038105607,0.898230142206832,0.857230496845316,0.731362263241981,73.1362263241981,"SURVEILLER (FAIBLE VOLUME)"
"PHARMACIE DES FINANCES","Pharmacie","ABIDJAN",61,59,34,1165954,1145555,20399,19761.9322033898,34292.7647058823,0.0178070891401984,1.73529411764706,0,13117.5,1.17391304347826,0.0106522874796592,0.461436051406952,0.141583177095539,1.67166809703564,"Économique",0.461436051406952,0.141583177095539,1,1,1,0,0.230718025703476,0.0707915885477697,0.333333333333333,0.835834048517819,0.274036289127156,27.4036289127156,0.780076211213936,0.769281974296524,0.725963710872844,0.754113516310535,75.4113516310535,"PRIVILÉGIER"
"PHARMACIE DES FRONTIERES - ODIENNE","Pharmacie","HORS-ABIDJAN",7,7,5,103614,81180,22434,14802,20722.8,0.276348854397635,1.4,0,13117.5,1.17391304347826,0.0106522874796592,0.345622905828718,0.114226427622842,25.9426770940355,"Économique",0.345622905828718,0.114226427622842,1,1,1,0,0.172811452914359,0.057113213811421,0.333333333333333,1,0.268977400017734,26.8977400017734,0.380511703864997,0.827188547085641,0.731022599982266,0.699386799600162,69.9386799600162,"SURVEILLER (FAIBLE VOLUME)"
"PHARMACIE DES GARAGES","Pharmacie","HORS-ABIDJAN",1,1,1,2780,2780,0,2780,2780,0,1,0,13117.5,1.17391304347826,0.0106522874796592,0.0649122874073663,0.0815903054448871,0,"Économique",0.0649122874073663,0.0815903054448871,1,1,1,0,0.0324561437036831,0.0407951527224436,0.333333333333333,0,0.121975388927838,12.1975388927838,0.00925421883505716,0.967543856296317,0.878024611072162,0.740078230714403,74.0078230714403,"SURVEILLER (FAIBLE VOLUME)"
"PHARMACIE DES HALLES","Pharmacie","ABIDJAN",42,38,27,809785,761710,48075,21310.1315789474,29992.037037037,0.0631145711622534,1.40740740740741,0.30952380952381,13117.5,1.17391304347826,0.0106522874796592,0.440503953700706,0.113084745981641,5.9249782061151,"Économique",0.440503953700706,0.113084745981641,1,1,1,0,0.220251976850353,0.0565423729908205,0.333333333333333,1,0.283038304952352,28.3038304952352,0.719107240065324,0.779748023149647,0.716961695047648,0.742505335291983,74.2505335291983,"CONSERVER"
"PHARMACIE DES LACS","Pharmacie","HORS-ABIDJAN",15,15,9,253095,235235,17860,16873,28121.6666666667,0.0759240759240759,1.66666666666667,0,13117.5,1.17391304347826,0.0106522874796592,0.393980224972838,0.135983842408145,7.12749032252978,"Économique",0.393980224972838,0.135983842408145,1,1,1,0,0.196990112486419,0.0679919212040726,0.333333333333333,1,0.279494610107147,27.9494610107147,0.514425694066413,0.803009887513581,0.720505389892853,0.712291249775856,71.2291249775856,"SURVEILLER (FAIBLE VOLUME)"
"PHARMACIE DES LAGUNES","Pharmacie","ABIDJAN",7,7,7,124925,113440,11485,17846.4285714286,17846.4285714286,0.101242947813822,1,0,13117.5,1.17391304347826,0.0106522874796592,0.416709532598419,0.0815903054448871,9.50433866971281,"Économique",0.416709532598419,0.0815903054448871,1,1,1,0,0.208354766299209,0.0407951527224436,0.333333333333333,1,0.274744975706496,27.4744975706496,0.406641262928688,0.791645233700791,0.725255024293504,0.688088355783456,68.8088355783456,"SURVEILLER (FAIBLE VOLUME)"
"PHARMACIE DES LAGUNES - DABOU","Pharmacie","HORS-ABIDJAN",38,38,17,747840,740315,7525,19680,43990.5882352941,0.0101645920993091,2.23529411764706,0,13117.5,1.17391304347826,0.0106522874796592,0.459522955459341,0.182378329817983,0.954216840159321,"Économique",0.459522955459341,0.182378329817983,1,1,1,0,0.22976147772967,0.0911891649089915,0.333333333333333,0.477108420079661,0.243996034799565,24.3996034799565,0.704409363091998,0.77023852227033,0.756003965200435,0.751378867606705,75.1378867606705,"PRIVILÉGIER"
"PHARMACIE DES LAGUNES - MARCORY","Pharmacie","ABIDJAN",471,464,315,9010800,8802290,208510,19419.8275862069,28605.7142857143,0.0236881538781385,1.47301587301587,0.0254777070063694,13117.5,1.17391304347826,0.0106522874796592,0.448258404738111,0.119550937150544,2.22376216595465,"Économique",0.448258404738111,0.119550937150544,1,1,1,0,0.224129202369055,0.0597754685752718,0.333333333333333,1,0.285171401283298,28.5171401283298,0.974414806750136,0.775870797630944,0.714828598716702,0.791162719889086,79.1162719889086,"PRIVILÉGIER"
"PHARMACIE DES NATIONS","Pharmacie","ABIDJAN",65,63,52,1081476,992828,88648,17166.2857142857,20797.6153846154,0.0892883762343528,1.21153846153846,0.123076923076923,13117.5,1.17391304347826,0.0106522874796592,0.379268898328201,0.0976751940063401,8.38208473108253,"Économique",0.379268898328201,0.0976751940063401,1,1,1,0,0.189634449164101,0.04883759700317,0.333333333333333,1,0.271541613850181,27.1541613850181,0.770821992378879,0.8103655508359,0.728458386149819,0.769693973270063,76.9693973270063,"PRIVILÉGIER"
"PHARMACIE DES PAVILLONS","Pharmacie","ABIDJAN",18,18,16,307111,282396,24715,17061.7222222222,19194.4375,0.08751894502755,1.125,0,13117.5,1.17391304347826,0.0106522874796592,0.398386840486884,0.091789093625498,8.21597663362632,"Économique",0.398386840486884,0.091789093625498,1,1,1,0,0.199193420243442,0.045894546812749,0.333333333333333,1,0.273526390116857,27.3526390116857,0.551442569406641,0.800806579756558,0.726473609883143,0.721200589737209,72.1200589737209,"SURVEILLER (FAIBLE VOLUME)"
"PHARMACIE DES QUAIS","Pharmacie","ABIDJAN",5,5,2,78575,78575,0,15715,39287.5,0,2.5,0,13117.5,1.17391304347826,0.0106522874796592,0.366941221800993,0.203975763612218,0,"Économique",0.366941221800993,0.203975763612218,1,1,1,0,0.183470610900497,0.101987881806109,0.333333333333333,0,0.185637547811982,18.5637547811982,0.342950462710942,0.816529389099503,0.814362452188018,0.720946829057197,72.0946829057197,"SURVEILLER (FAIBLE VOLUME)"
"PHARMACIE DES TROIS MOSQUEES","Pharmacie","ABIDJAN",1,1,1,4355,4355,0,4355,4355,0,1,0,13117.5,1.17391304347826,0.0106522874796592,0.101688133690317,0.0815903054448871,0,"Économique",0.101688133690317,0.0815903054448871,1,1,1,0,0.0508440668451583,0.0407951527224436,0.333333333333333,0,0.127491765870281,12.7491765870281,0.0206859009254219,0.949155933154842,0.87250823412972,0.732802847098909,73.2802847098909,"SURVEILLER (FAIBLE VOLUME)"
"PHARMACIE DIOULABOUGOU SANTE","Pharmacie","HORS-ABIDJAN",3,3,3,30490,27560,2930,10163.3333333333,10163.3333333333,0.106313497822932,1,0,13117.5,1.17391304347826,0.0106522874796592,0.237311228183525,0.0815903054448871,9.98034441202795,"Économique",0.237311228183525,0.0815903054448871,1,1,1,0,0.118655614091762,0.0407951527224436,0.333333333333333,1,0.247835230044262,24.7835230044262,0.221012520413718,0.881344385908238,0.752164769955738,0.697606166428334,69.7606166428334,"SURVEILLER (FAIBLE VOLUME)"
"PHARMACIE DIVINE ONCTION","Pharmacie","ABIDJAN",17,16,16,285406,279241,6165,17837.875,17837.875,0.0220777034891008,1,0.117647058823529,13117.5,1.17391304347826,0.0106522874796592,0.394438370363603,0.0795184223408387,2.07257863921329,"Économique",0.394438370363603,0.0795184223408387,1,1,1,0,0.197219185181802,0.0397592111704194,0.333333333333333,1,0.271093518905666,27.1093518905666,0.535111594991834,0.802780814818198,0.728906481094334,0.71969723736338,71.969723736338,"SURVEILLER (FAIBLE VOLUME)"
"PHARMACIE DU 14","Pharmacie","HORS-ABIDJAN",16,16,11,223132,220242,2890,13945.75,20284.7272727273,0.0131219295138983,1.45454545454545,0,13117.5,1.17391304347826,0.0106522874796592,0.325629687809812,0.118676807919836,1.231841474327,"Économique",0.325629687809812,0.118676807919836,1,1,1,0,0.162814843904906,0.0593384039599179,0.333333333333333,0.615920737163497,0.228238048075797,22.8238048075797,0.494284158954818,0.837185156095094,0.771761951924203,0.742435674998682,74.2435674998682,"SURVEILLER (FAIBLE VOLUME)"
"PHARMACIE DU BAFING","Pharmacie","HORS-ABIDJAN",5,4,3,43225,43225,0,10806.25,14408.3333333333,0,1.33333333333333,0,13117.5,1.17391304347826,0.0106522874796592,0.252323167552465,0.108787073926516,0,"Économique",0.252323167552465,0.108787073926516,1,1,1,0,0.126161583776232,0.0543935369632581,0.333333333333333,0,0.154166536221847,15.4166536221847,0.265650517147523,0.873838416223768,0.845833463778153,0.740998855430273,74.0998855430273,"SURVEILLER (FAIBLE VOLUME)"
"PHARMACIE DU BONHEUR","Pharmacie","ABIDJAN",46,46,43,504951,496840,8111,10977.1956521739,11743.0465116279,0.0163251751066742,1.06976744186047,0.0217391304347826,13117.5,1.17391304347826,0.0106522874796592,0.253844396060179,0.0868615896100765,1.53255111992119,"Économique",0.253844396060179,0.0868615896100765,1,1,1,0,0.12692219803009,0.0434307948050382,0.333333333333333,0.766275559960597,0.227733453846598,22.7733453846598,0.635274904735983,0.87307780196991,0.772266546153402,0.785192720196522,78.5192720196522,"PRIVILÉGIER"
"PHARMACIE DU BOULEVARD DE FRANCE","Pharmacie","ABIDJAN",10,10,7,165169,153175,11994,16516.9,23595.5714285714,0.0783025950709972,1.42857142857143,0,13117.5,1.17391304347826,0.0106522874796592,0.385665381251341,0.116557579206982,7.35077749455393,"Économique",0.385665381251341,0.116557579206982,1,1,1,0,0.19283269062567,0.0582787896034908,0.333333333333333,1,0.275333444068748,27.5333444068748,0.446379967338051,0.80716730937433,0.724666555931252,0.702009539589843,70.2009539589843,"SURVEILLER (FAIBLE VOLUME)"
"PHARMACIE DU CAMPEMENT","Pharmacie","ABIDJAN",46,45,30,633610,612470,21140,14080.2222222222,21120.3333333333,0.0345159762927164,1.5,0,13117.5,1.17391304347826,0.0106522874796592,0.328769579729667,0.122385458167331,3.24024078007898,"Économique",0.328769579729667,0.122385458167331,1,1,1,0,0.164384789864833,0.0611927290836653,0.333333333333333,1,0.26767325568455,26.767325568455,0.673924877517692,0.835615210135167,0.73232674431545,0.761961757283785,76.1961757283785,"PRIVILÉGIER"
"PHARMACIE DU CANAL","Pharmacie","ABIDJAN",14,13,11,148255,141145,7110,11404.2307692308,13477.7272727273,0.0503737291437883,1.18181818181818,0,13117.5,1.17391304347826,0.0106522874796592,0.266285865234618,0.0964249064348666,4.72891191117197,"Économique",0.266285865234618,0.0964249064348666,1,1,1,0,0.133142932617309,0.0482124532174333,0.333333333333333,1,0.254406615750423,25.4406615750423,0.431137724550898,0.866857067382691,0.745593384249577,0.731207725563087,73.1207725563087,"SURVEILLER (FAIBLE VOLUME)"
"PHARMACIE DU CARREFOUR - ABENGOUROU","Pharmacie","HORS-ABIDJAN",92,90,68,1026008,1020728,5280,11400.0888888889,15088.3529411765,0.00517277864426174,1.32352941176471,0,13117.5,1.17391304347826,0.0106522874796592,0.266189153390316,0.107987168971174,0.485602613911735,"Économique",0.266189153390316,0.107987168971174,1,1,1,0,0.133094576695158,0.0539935844855871,0.333333333333333,0.242801306955867,0.18040657904981,18.040657904981,0.75830157866086,0.866905423304842,0.81959342095019,0.826259853434185,82.6259853434185,"PRIVILÉGIER"
"PHARMACIE DU CENACLE","Pharmacie","ABIDJAN",10,10,7,105641,105625,16,10564.1,15091.5714285714,0.000151479289940828,1.42857142857143,0,13117.5,1.17391304347826,0.0106522874796592,0.246669027122359,0.116557579206982,0.0142203531617112,"Économique",0.246669027122359,0.116557579206982,1,1,1,0,0.123334513561179,0.0582787896034908,0.333333333333333,0.00711017658085562,0.155195008607487,15.5195008607487,0.383777898747959,0.876665486438821,0.844804991392513,0.765343770882125,76.5343770882125,"SURVEILLER (FAIBLE VOLUME)"
"PHARMACIE DU CHATEAU - AGBOVILLE","Pharmacie","HORS-ABIDJAN",12,12,10,234445,228945,5500,19537.0833333333,23444.5,0.0240232370219922,1.2,0.25,13117.5,1.17391304347826,0.0106522874796592,0.410271116856572,0.0959092055184742,2.25521861551945,"Économique",0.410271116856572,0.0959092055184742,1,1,1,0,0.205135558428286,0.0479546027592371,0.333333333333333,1,0.275927048356257,27.5927048356257,0.504627109417529,0.794864441571714,0.724072951643743,0.708500379169689,70.8500379169689,"SURVEILLER (FAIBLE VOLUME)"
"PHARMACIE DU CHATEAU - ANYAMA","Pharmacie","ABIDJAN",82,77,57,868699,850405,18294,11281.8051948052,15240.3333333333,0.0215121030567788,1.35087719298246,0,13117.5,1.17391304347826,0.0106522874796592,0.263427259452918,0.11021848279397,2.01948202185275,"Économique",0.263427259452918,0.11021848279397,1,1,1,0,0.131713629726459,0.0551092413969852,0.333333333333333,1,0.256046861337033,25.6046861337033,0.734349482852477,0.868286370273541,0.743953138662967,0.791765700145098,79.1765700145098,"PRIVILÉGIER"
"PHARMACIE DU CHEMINOT","Pharmacie","ABIDJAN",9,9,7,93920,93920,0,10435.5555555556,13417.1428571429,0,1.28571428571429,0,13117.5,1.17391304347826,0.0106522874796592,0.243667547294158,0.104901821286283,0,"Économique",0.243667547294158,0.104901821286283,1,1,1,0,0.121833773647079,0.0524509106431417,0.333333333333333,0,0.152285405287066,15.2285405287066,0.368535655960806,0.878166226352921,0.847714594712934,0.764059459618503,76.4059459618503,"SURVEILLER (FAIBLE VOLUME)"
"PHARMACIE DU COMMERCE - ABENGOUROU","Pharmacie","HORS-ABIDJAN",7,7,7,39220,39220,0,5602.85714285714,5602.85714285714,0,1,0,13117.5,1.17391304347826,0.0106522874796592,0.130825278114949,0.0815903054448871,0,"Économique",0.130825278114949,0.0815903054448871,1,1,1,0,0.0654126390574744,0.0407951527224436,0.333333333333333,0,0.131862337533975,13.1862337533975,0.254763200870985,0.934587360942526,0.868137662466025,0.772042649537617,77.2042649537617,"SURVEILLER (FAIBLE VOLUME)"
"PHARMACIE DU COMMERCE - MAN","Pharmacie","HORS-ABIDJAN",27,27,23,405155,398570,6585,15005.7407407407,17615.4347826087,0.0165215645934215,1.17391304347826,0,13117.5,1.17391304347826,0.0106522874796592,0.350380199900499,0.0957799237831284,1.55098748742651,"Économique",0.350380199900499,0.0957799237831284,1,1,1,0,0.17519009995025,0.0478899618915642,0.333333333333333,0.775493743713256,0.24447339292387,24.447339292387,0.599346761023408,0.82480990004975,0.75552660707613,0.752003955055034,75.2003955055034,"PRIVILÉGIER"
"PHARMACIE DU COMMERCE KODJO","Pharmacie","HORS-ABIDJAN",21,21,16,248115,248090,25,11815,15507.1875,0.000100769881897698,1.3125,0,13117.5,1.17391304347826,0.0106522874796592,0.275877221481307,0.107087275896414,0.00945992887350451,"Économique",0.275877221481307,0.107087275896414,1,1,1,0,0.137938610740653,0.0535436379482072,0.333333333333333,0.00472996443675226,0.157917671050333,15.7917671050333,0.511703864997278,0.862061389259347,0.842082328949667,0.783998260283061,78.3998260283061,"PRIVILÉGIER"
"PHARMACIE DU FUTUR","Pharmacie","ABIDJAN",19,18,18,203297,191445,11852,11294.2777777778,11294.2777777778,0.0619081198255374,1,0,13117.5,1.17391304347826,0.0106522874796592,0.263718491068252,0.0815903054448871,5.81172071667729,"Économique",0.263718491068252,0.0815903054448871,1,1,1,0,0.131859245534126,0.0407951527224436,0.333333333333333,1,0.251796319476971,25.1796319476971,0.475231355470876,0.868140754465874,0.748203680523029,0.741584045089737,74.1584045089736,"SURVEILLER (FAIBLE VOLUME)"
"PHARMACIE DU GOLF","Pharmacie","ABIDJAN",108,105,60,1629492,1615898,13594,15518.9714285714,27158.2,0.00841265970995694,1.75,0,13117.5,1.17391304347826,0.0106522874796592,0.362364004905804,0.142783034528552,0.789751471317418,"Économique",0.362364004905804,0.142783034528552,1,1,1,0,0.181182002452902,0.0713915172642762,0.333333333333333,0.394875735658709,0.215259629481024,21.5259629481024,0.829613500272183,0.818817997547098,0.784740370518976,0.807346047280866,80.7346047280866,"PRIVILÉGIER"
"PHARMACIE DU GRAND MARCHE DE DALOA","Pharmacie","HORS-ABIDJAN",1,1,1,13790,13790,0,13790,13790,0,1,0,13117.5,1.17391304347826,0.0106522874796592,0.321992965232943,0.0815903054448871,0,"Économique",0.321992965232943,0.0815903054448871,1,1,1,0,0.160996482616471,0.0407951527224436,0.333333333333333,0,0.160537490601674,16.0537490601674,0.109961894393032,0.839003517383529,0.839462509398326,0.693378789591348,69.3378789591348,"SURVEILLER (FAIBLE VOLUME)"
"PHARMACIE DU JUBILE DE TAZIBOUO","Pharmacie","HORS-ABIDJAN",32,32,27,356005,342035,13970,11125.15625,13185.3703703704,0.0408437732980543,1.18518518518519,0,13117.5,1.17391304347826,0.0106522874796592,0.259769546745272,0.0966996212680144,3.83427253311052,"Économique",0.259769546745272,0.0966996212680144,1,1,1,0,0.129884773372636,0.0483498106340072,0.333333333333333,1,0.253470375201993,25.3470375201993,0.573217201959717,0.870115226627364,0.746529624798007,0.761301380962092,76.1301380962092,"PRIVILÉGIER"
"PHARMACIE DU LAC","Pharmacie","HORS-ABIDJAN",14,14,9,281830,281830,0,20130.7142857143,31314.4444444444,0,1.55555555555556,0,13117.5,1.17391304347826,0.0106522874796592,0.470047018499949,0.126918252914269,0,"Économique",0.470047018499949,0.126918252914269,1,1,1,0,0.235023509249975,0.0634591264571344,0.333333333333333,0,0.189544790712133,18.9544790712133,0.530212302667392,0.764976490750025,0.810455209287867,0.736215140548636,73.6215140548636,"SURVEILLER (FAIBLE VOLUME)"
"PHARMACIE DU LAVAGE","Pharmacie","ABIDJAN",4,4,4,46625,46625,0,11656.25,11656.25,0,1,0,13117.5,1.17391304347826,0.0106522874796592,0.272170449673422,0.0815903054448871,0,"Économique",0.272170449673422,0.0815903054448871,1,1,1,0,0.136085224836711,0.0407951527224436,0.333333333333333,0,0.153064113267746,15.3064113267746,0.277626565051715,0.863914775163289,0.846935886732254,0.73986557776856,73.986557776856,"SURVEILLER (FAIBLE VOLUME)"
"PHARMACIE DU LITTORAL","Pharmacie","HORS-ABIDJAN",9,9,8,146050,144175,1875,16227.7777777778,18256.25,0.0130050286110629,1.125,0,13117.5,1.17391304347826,0.0106522874796592,0.378914451472655,0.091789093625498,1.22086722085715,"Économique",0.378914451472655,0.091789093625498,1,1,1,0,0.189457225736328,0.045894546812749,0.333333333333333,0.610433610428577,0.231648892807581,23.1648892807581,0.428960261295591,0.810542774263672,0.768351107192419,0.717349604841555,71.7349604841555,"SURVEILLER (FAIBLE VOLUME)"
"PHARMACIE DU LYCEE - BONDOUKOU","Pharmacie","HORS-ABIDJAN",14,14,6,279111,255705,23406,19936.5,46518.5,0.0915351674781486,2.33333333333333,0,13117.5,1.17391304347826,0.0106522874796592,0.465512164711136,0.190377379371403,8.59300574200025,"Économique",0.465512164711136,0.190377379371403,1,1,1,0,0.232756082355568,0.0951886896857016,0.333333333333333,1,0.298383431612381,29.8383431612381,0.529123571039739,0.767243917644432,0.701616568387619,0.693368908620768,69.3368908620768,"SURVEILLER (FAIBLE VOLUME)"
"PHARMACIE DU LYCEE TECHNIQUE","Pharmacie","ABIDJAN",286,276,186,7072503,6830150,242353,25625.0108695652,38024.2096774194,0.035482822485597,1.48387096774194,0.0244755244755245,13117.5,1.17391304347826,0.0106522874796592,0.591620462192689,0.12012713234931,3.33100496521074,"Économique",0.591620462192689,0.12012713234931,1,1,1,0,0.295810231096344,0.0600635661746552,0.333333333333333,1,0.3067621391813,30.67621391813,0.961350027218291,0.704189768903656,0.6932378608187,0.7512410573326,75.12410573326,"PRIVILÉGIER"
"PHARMACIE DU MALL","Pharmacie","ABIDJAN",1,1,1,36020,36020,0,36020,36020,0,1,0,13117.5,1.17391304347826,0.0106522874796592,0.841057767055156,0.0815903054448871,0,"Économique",0.841057767055156,0.0815903054448871,1,1,1,0,0.420528883527578,0.0407951527224436,0.333333333333333,0,0.238397210875006,23.8397210875006,0.243875884594447,0.579471116472422,0.761602789124994,0.585204739157856,58.5204739157856,"SURVEILLER (FAIBLE VOLUME)"
"PHARMACIE DU MARAIS","Pharmacie","ABIDJAN",16,15,11,274880,271205,3675,18325.3333333333,24989.0909090909,0.0135506351284084,1.36363636363636,0,13117.5,1.17391304347826,0.0106522874796592,0.427891836032058,0.111259507424846,1.27208687845533,"Économique",0.427891836032058,0.111259507424846,1,1,1,0,0.213945918016029,0.055629753712423,0.333333333333333,0.636043439227663,0.244477045441302,24.4477045441302,0.52531301034295,0.786054081983971,0.755522954558698,0.721693416685658,72.1693416685658,"SURVEILLER (FAIBLE VOLUME)"
"PHARMACIE DU MARCHE","Pharmacie","ABIDJAN",3,3,3,44510,38270,6240,14836.6666666667,14836.6666666667,0.163051998954795,1,0,13117.5,1.17391304347826,0.0106522874796592,0.346432363609337,0.0815903054448871,15.3067591600534,"Économique",0.346432363609337,0.0815903054448871,1,1,1,0,0.173216181804669,0.0407951527224436,0.333333333333333,1,0.264203400358134,26.4203400358134,0.270005443658138,0.826783818195331,0.735796599641866,0.679033255866507,67.9033255866507,"SURVEILLER (FAIBLE VOLUME)"
"PHARMACIE DU MARCHE - DABOU","Pharmacie","HORS-ABIDJAN",17,17,11,243595,243595,0,14329.1176470588,22145,0,1.54545454545455,0,13117.5,1.17391304347826,0.0106522874796592,0.334581224100664,0.126094108414826,0,"Économique",0.334581224100664,0.126094108414826,1,1,1,0,0.167290612050332,0.0630470542074128,0.333333333333333,0,0.169101299877323,16.9101299877323,0.508437670114317,0.832709387949668,0.830898700122677,0.767130769251801,76.7130769251801,"SURVEILLER (FAIBLE VOLUME)"
"PHARMACIE DU MARCHE - GD-BASSAM","Pharmacie","HORS-ABIDJAN",61,57,45,775870,725636,50234,13611.7543859649,17241.5555555556,0.0692275465936089,1.26666666666667,0.0163934426229508,13117.5,1.17391304347826,0.0106522874796592,0.315354321468858,0.102871213728304,6.49884325087928,"Économique",0.315354321468858,0.102871213728304,1,1,1,0,0.157677160734429,0.0514356068641519,0.333333333333333,1,0.262733830279574,26.2733830279574,0.712030484485574,0.842322839265571,0.737266169720426,0.774241700491514,77.4241700491514,"PRIVILÉGIER"
"PHARMACIE DU MARCHE - KORHOGO","Pharmacie","HORS-ABIDJAN",27,27,19,307945,266540,41405,11405.3703703704,16207.6315789474,0.15534253770541,1.42105263157895,0.037037037037037,13117.5,1.17391304347826,0.0106522874796592,0.261969095231768,0.114685934611699,14.5830215342987,"Économique",0.261969095231768,0.114685934611699,1,1,1,0,0.130984547615884,0.0573429673058497,0.333333333333333,1,0.25649825447652,25.649825447652,0.551986935220468,0.869015452384116,0.74350174552348,0.755404266207132,75.5404266207132,"PRIVILÉGIER"
"PHARMACIE DU MARCHE AKEIKOI","Pharmacie","ABIDJAN",13,12,9,168630,155075,13555,14052.5,18736.6666666667,0.0874093180719007,1.33333333333333,0,13117.5,1.17391304347826,0.0106522874796592,0.328122272946768,0.108787073926516,8.20568523322442,"Économique",0.328122272946768,0.108787073926516,1,1,1,0,0.164061136473384,0.0543935369632581,0.333333333333333,1,0.265536402030993,26.5536402030993,0.447468698965705,0.835938863526616,0.734463597969007,0.71765472439139,71.765472439139,"SURVEILLER (FAIBLE VOLUME)"
"PHARMACIE DU MARCHE BINGERVILLE","Pharmacie","ABIDJAN",201,196,117,2826186,2818883,7303,14419.3163265306,24155.4358974359,0.0025907425033249,1.67521367521368,0.0248756218905473,13117.5,1.17391304347826,0.0106522874796592,0.332885877089635,0.135714061873726,0.243209968588624,"Économique",0.332885877089635,0.135714061873726,1,1,1,0,0.166442938544817,0.0678570309368629,0.333333333333333,0.121604984294312,0.182450489273935,18.2450489273935,0.893848666303756,0.833557061455183,0.817549510726065,0.83921236213325,83.921236213325,"PRIVILÉGIER"
"PHARMACIE DU MARCHE D'ANYAMA","Pharmacie","ABIDJAN",1,1,1,18753,18253,499.999999999999,18753,18753,0.0273927573549553,1,0,13117.5,1.17391304347826,0.0106522874796592,0.437877743075662,0.0815903054448871,2.5715375601027,"Économique",0.437877743075662,0.0815903054448871,1,1,1,0,0.218938871537831,0.0407951527224436,0.333333333333333,1,0.277920207278082,27.7920207278082,0.163309744148068,0.781061128462169,0.722079792721918,0.633918317303248,63.3918317303248,"SURVEILLER (FAIBLE VOLUME)"
"PHARMACIE DU MARCHE DE GUIGLO","Pharmacie","HORS-ABIDJAN",2,2,2,13800,11180,2620,6900,6900,0.234347048300537,1,0,13117.5,1.17391304347826,0.0106522874796592,0.16111323133483,0.0815903054448871,21.999692436768,"Économique",0.16111323133483,0.0815903054448871,1,1,1,0,0.080556615667415,0.0407951527224436,0.333333333333333,1,0.236405530516958,23.6405530516958,0.110506260206859,0.919443384332585,0.763594469483042,0.695316393567623,69.5316393567623,"SURVEILLER (FAIBLE VOLUME)"
"PHARMACIE DU MILLIONNAIRE","Pharmacie","ABIDJAN",8,8,5,172845,161020,11825,21605.625,34569,0.0734380822258105,1.6,0,13117.5,1.17391304347826,0.0106522874796592,0.504485805617186,0.130544488711819,6.89411381039447,"Économique",0.504485805617186,0.130544488711819,1,1,1,0,0.252242902808593,0.0652722443559097,0.333333333333333,1,0.295254544149351,29.5254544149351,0.45182362547632,0.747757097191407,0.704745455850649,0.671365746312087,67.1365746312087,"SURVEILLER (FAIBLE VOLUME)"
"PHARMACIE DU MONSATERE","Pharmacie","ABIDJAN",1,1,1,4555,4555,0,4555,4555,0,1,1,13117.5,1.17391304347826,0.0106522874796592,0.0734693221184533,0.067516879219805,0,"Économique",0.0734693221184533,0.067516879219805,1,1,1,0,0.0367346610592267,0.0337584396099025,0.333333333333333,0,0.121147930200739,12.1147930200739,0.0234077299945563,0.963265338940773,0.878852069799261,0.741528509494925,74.1528509494925,"SURVEILLER (FAIBLE VOLUME)"
"PHARMACIE DU MONT KORHOGO","Pharmacie","HORS-ABIDJAN",10,10,10,214439,157630,56809,21443.9,21443.9,0.360394594937512,1,0.1,13117.5,1.17391304347826,0.0106522874796592,0.479255551197115,0.0799243379320619,33.8326012723272,"Économique",0.479255551197115,0.0799243379320619,1,1,1,0,0.239627775598557,0.0399621689660309,0.333333333333333,1,0.283876983369377,28.3876983369376,0.487751769188895,0.760372224401443,0.716123016630623,0.688148450250606,68.8148450250605,"SURVEILLER (FAIBLE VOLUME)"
"PHARMACIE DU NORD - KORHOGO","Pharmacie","HORS-ABIDJAN",39,38,27,405921,370065,35856,10682.1315789474,15034.1111111111,0.096891086700985,1.40740740740741,0,13117.5,1.17391304347826,0.0106522874796592,0.249425034235948,0.114830800255767,9.09580096162454,"Économique",0.249425034235948,0.114830800255767,1,1,1,0,0.124712517117974,0.0574154001278835,0.333333333333333,1,0.254638375173757,25.4638375173757,0.599891126837235,0.875287482882026,0.745361624826243,0.768237868450755,76.8237868450755,"PRIVILÉGIER"
"PHARMACIE DU NOUVEAU MARCHE DE PORT BOUET II (EX VALORS)","Pharmacie","ABIDJAN",2,2,2,22675,20220,2455,11337.5,11337.5,0.121414441147379,1,0,13117.5,1.17391304347826,0.0106522874796592,0.264727718878063,0.0815903054448871,11.3979688756263,"Économique",0.264727718878063,0.0815903054448871,1,1,1,0,0.132363859439031,0.0407951527224436,0.333333333333333,1,0.251947703648442,25.1947703648442,0.185084376701143,0.867636140560968,0.748052296351557,0.683292250105239,68.3292250105239,"SURVEILLER (FAIBLE VOLUME)"
"PHARMACIE DU PALAIS DE BINGERVILLE","Pharmacie","ABIDJAN",2,2,2,49650,49650,0,24825,24825,0,1,0,13117.5,1.17391304347826,0.0106522874796592,0.579657386650312,0.0815903054448871,0,"Économique",0.579657386650312,0.0815903054448871,1,1,1,0,0.289828693325156,0.0407951527224436,0.333333333333333,0,0.19918715381428,19.918715381428,0.283614589003811,0.710171306674844,0.80081284618572,0.661116578944988,66.1116578944988,"SURVEILLER (FAIBLE VOLUME)"
"PHARMACIE DU PALAIS DE JUSTICE PLATEAU","Pharmacie","ABIDJAN",9,9,9,123083,120655,2428,13675.8888888889,13675.8888888889,0.020123492602876,1,0,13117.5,1.17391304347826,0.0106522874796592,0.319328500038404,0.0815903054448871,1.88912406291159,"Économique",0.319328500038404,0.0815903054448871,1,1,1,0,0.159664250019202,0.0407951527224436,0.333333333333333,0.944562031455793,0.254594023968073,25.4594023968073,0.402286336418073,0.840335749980798,0.745405976031927,0.714753957688705,71.4753957688705,"SURVEILLER (FAIBLE VOLUME)"
"PHARMACIE DU PALM CLUB","Pharmacie","ABIDJAN",152,150,110,1906623,1893868,12755,12710.82,17332.9363636364,0.00673489387855965,1.36363636363636,0.0197368421052632,13117.5,1.17391304347826,0.0106522874796592,0.294160750183279,0.110630593381887,0.632248603074232,"Économique",0.294160750183279,0.110630593381887,1,1,1,0,0.147080375091639,0.0553152966909435,0.333333333333333,0.316124301537116,0.192331131688486,19.2331131688486,0.84757757212847,0.852919624908361,0.807668868311514,0.833750911713644,83.3750911713644,"PRIVILÉGIER"
"PHARMACIE DU PETIT MARCHE DE BELLEVILLE 2 BOUAKE","Pharmacie","HORS-ABIDJAN",13,13,13,136095,124845,11250,10468.8461538462,10468.8461538462,0.0901117385558092,1,0.0769230769230769,13117.5,1.17391304347826,0.0106522874796592,0.236307656950333,0.0803027248856476,8.45937914536009,"Économique",0.236307656950333,0.0803027248856476,1,1,1,0,0.118153828475166,0.0401513624428238,0.333333333333333,1,0.247491557275397,24.7491557275397,0.419161676646707,0.881846171524834,0.752508442724603,0.737574181029116,73.7574181029116,"SURVEILLER (FAIBLE VOLUME)"
"PHARMACIE DU PHARE","Pharmacie","ABIDJAN",38,37,29,583190,556040,27150,15761.8918918919,20110,0.0488274224875908,1.27586206896552,0,13117.5,1.17391304347826,0.0106522874796592,0.36803613545695,0.104097975912442,4.58374997678462,"Économique",0.36803613545695,0.104097975912442,1,1,1,0,0.184018067728475,0.0520489879562211,0.333333333333333,1,0.270820116705409,27.0820116705409,0.657049537289058,0.815981932271525,0.729179883294591,0.749474633684258,74.9474633684258,"CONSERVER"
"PHARMACIE DU PONT D'ANOUMABO","Pharmacie","ABIDJAN",25,25,12,963121,963115,6,38524.84,80260.0833333333,6.22978564345898e-06,2.08333333333333,0.6,13117.5,1.17391304347826,0.0106522874796592,0.709089520705691,0.164272878883781,0.000584830784500975,"Économique",0.709089520705691,0.164272878883781,1,1,1,0,0.354544760352845,0.0821364394418904,0.333333333333333,0.000292415392250487,0.231033601477646,23.1033601477646,0.750136091453457,0.645455239647155,0.768966398522354,0.715795873558495,71.5795873558495,"CONSERVER"
"PHARMACIE DU PROGRES - DALOA","Pharmacie","HORS-ABIDJAN",18,17,12,204306,196293,8013,12018,17025.5,0.040821628891504,1.41666666666667,0,13117.5,1.17391304347826,0.0106522874796592,0.280617219446665,0.115586266046923,3.83219369261804,"Économique",0.280617219446665,0.115586266046923,1,1,1,0,0.140308609723332,0.0577931330234617,0.333333333333333,1,0.259430522824038,25.9430522824038,0.478497550353838,0.859691390276668,0.740569477175962,0.73580385705182,73.580385705182,"SURVEILLER (FAIBLE VOLUME)"
"PHARMACIE DU ROND POINT DU CHU DE TREICHVILLE","Pharmacie","ABIDJAN",62,60,40,908224,902354,5870,15137.0666666667,22705.6,0.00650520749063006,1.5,0.0806451612903226,13117.5,1.17391304347826,0.0106522874796592,0.340735681598951,0.121751004310461,0.610686437354599,"Économique",0.340735681598951,0.121751004310461,1,1,1,0,0.170367840799475,0.0608755021552304,0.333333333333333,0.3053432186773,0.199907324754142,19.9907324754142,0.744148067501361,0.829632159200525,0.800092675245858,0.800719547278826,80.0719547278826,"PRIVILÉGIER"
"PHARMACIE DU SOLEIL","Pharmacie","ABIDJAN",49,46,30,839971,803522,36449,18260.2391304348,27999.0333333333,0.0453615457946391,1.53333333333333,0,13117.5,1.17391304347826,0.0106522874796592,0.426371903079863,0.125105135015494,4.25838542953879,"Économique",0.426371903079863,0.125105135015494,1,1,1,0,0.213185951539931,0.0625525675077468,0.333333333333333,1,0.282721555714303,28.2721555714303,0.724550898203593,0.786814048460069,0.717278444285697,0.746547176739025,74.6547176739025,"CONSERVER"
"PHARMACIE DU VALLON","Pharmacie","ABIDJAN",142,138,101,2509897,2390480,119417,18187.6594202899,24850.4653465347,0.0499552391151568,1.36633663366337,0.0492957746478873,13117.5,1.17391304347826,0.0106522874796592,0.415248131696405,0.110793856568562,4.68962551100387,"Économique",0.415248131696405,0.110793856568562,1,1,1,0,0.207624065848202,0.0553969282842808,0.333333333333333,1,0.278906298239745,27.8906298239745,0.884050081654872,0.792375934151798,0.721093701760255,0.782197870695795,78.2197870695796,"PRIVILÉGIER"
"PHARMACIE DU WHARF","Pharmacie","ABIDJAN",37,36,25,580437,551300,29137,16123.25,23217.48,0.0528514420460729,1.44,0,13117.5,1.17391304347826,0.0106522874796592,0.37647375465497,0.117490039840637,4.96151105074794,"Économique",0.37647375465497,0.117490039840637,1,1,1,0,0.188236877327485,0.0587450199203187,0.333333333333333,1,0.274094569174341,27.4094569174341,0.656505171475231,0.811763122672515,0.725905430825659,0.746368455694316,74.6368455694316,"CONSERVER"
"PHARMACIE DU WHARF SARL","Pharmacie","ABIDJAN",1,1,1,8660,8360,300,8660,8660,0.0358851674641148,1,0,13117.5,1.17391304347826,0.0106522874796592,0.202208780197047,0.0815903054448871,3.36877572377187,"Économique",0.202208780197047,0.0815903054448871,1,1,1,0,0.101104390098524,0.0407951527224436,0.333333333333333,1,0.24256986284629,24.256986284629,0.0598802395209581,0.898895609901476,0.75743013715371,0.674506346726266,67.4506346726266,"SURVEILLER (FAIBLE VOLUME)"
"PHARMACIE EAU VIVE","Pharmacie","ABIDJAN",115,112,80,1784775.33333333,1651688,133087.333333333,15935.494047619,22309.6916666667,0.0805765576388115,1.4,0.0782608695652174,13117.5,1.17391304347826,0.0106522874796592,0.359169611194671,0.112757458134471,7.56424925563402,"Économique",0.359169611194671,0.112757458134471,1,1,1,0,0.179584805597335,0.0563787290672353,0.333333333333333,1,0.270789060399371,27.0789060399371,0.839956450734894,0.820415194402665,0.729210939600629,0.787841743748296,78.7841743748296,"PRIVILÉGIER"
"PHARMACIE EBATHE","Pharmacie","ABIDJAN",4,4,4,83198.9999999999,69260,13938.9999999999,20799.75,20799.75,0.201256136298006,1,0,13117.5,1.17391304347826,0.0106522874796592,0.485668830935743,0.0815903054448871,18.8932317760209,"Économique",0.485668830935743,0.0815903054448871,1,1,1,0,0.242834415467871,0.0407951527224436,0.333333333333333,1,0.285088870457094,28.5088870457094,0.351115949918345,0.757165584532129,0.714911129542906,0.659053875613683,65.9053875613683,"SURVEILLER (FAIBLE VOLUME)"
"PHARMACIE EBENA","Pharmacie","ABIDJAN",16,15,14,281980,281829,151,18798.6666666667,20141.4285714286,0.000535785884348309,1.07142857142857,0,13117.5,1.17391304347826,0.0106522874796592,0.43894404803667,0.0874181844052362,0.0502977304519247,"Économique",0.43894404803667,0.0874181844052362,1,1,1,0,0.219472024018335,0.0437090922026181,0.333333333333333,0.0251488652259623,0.181469221388882,18.1469221388882,0.530756668481219,0.780527975981665,0.818530778611118,0.745774835533357,74.5774835533357,"SURVEILLER (FAIBLE VOLUME)"
"PHARMACIE EBENEZER - BONOUA","Pharmacie","HORS-ABIDJAN",45,42,20,693445,693445,0,16510.5952380952,34672.25,0,2.1,0,13117.5,1.17391304347826,0.0106522874796592,0.385518166676953,0.171339641434263,0,"Économique",0.385518166676953,0.171339641434263,1,1,1,0,0.192759083338477,0.0856698207171315,0.333333333333333,0,0.183528671216682,18.3528671216682,0.687534022863364,0.807240916661523,0.816471328783318,0.786991702750609,78.6991702750609,"PRIVILÉGIER"
"PHARMACIE EDEN","Pharmacie","HORS-ABIDJAN",29,29,19,436594,428235,8359,15054.9655172414,22978.6315789474,0.0195196562635002,1.52631578947368,0,13117.5,1.17391304347826,0.0106522874796592,0.351529585814087,0.124532571468512,1.83243799050424,"Économique",0.351529585814087,0.124532571468512,1,1,1,0,0.175764792907043,0.062266285734256,0.333333333333333,0.916218995252122,0.263031223117602,26.3031223117602,0.610778443113772,0.824235207092957,0.736968776882398,0.746637282212896,74.6637282212896,"CONSERVER"
"PHARMACIE EL AMAL","Pharmacie","ABIDJAN",1,1,1,13277,13277,0,13277,13277,0,1,1,13117.5,1.17391304347826,0.0106522874796592,0.214149767237476,0.067516879219805,0,"Économique",0.214149767237476,0.067516879219805,1,1,1,0,0.107074883618738,0.0337584396099025,0.333333333333333,0,0.142249996968592,14.2249996968592,0.107240065323898,0.892925116381262,0.857750003031408,0.721718060829847,72.1718060829847,"SURVEILLER (FAIBLE VOLUME)"
"PHARMACIE ELIEZER","Pharmacie","ABIDJAN",35,35,26,386670,358535,28135,11047.7142857143,14871.9230769231,0.0784721156930286,1.34615384615385,0,13117.5,1.17391304347826,0.0106522874796592,0.257961296729767,0.109833103483502,7.36669150573275,"Économique",0.257961296729767,0.109833103483502,1,1,1,0,0.128980648364883,0.0549165517417509,0.333333333333333,1,0.25516916003199,25.516916003199,0.589003810560697,0.871019351635117,0.74483083996801,0.76414083875339,76.414083875339,"PRIVILÉGIER"
"PHARMACIE ELIORA","Pharmacie","HORS-ABIDJAN",20,19,13,209836,207080,2756,11044,16141.2307692308,0.0133088661386904,1.46153846153846,0,13117.5,1.17391304347826,0.0106522874796592,0.257874569110415,0.119247369496373,1.24939043976273,"Économique",0.257874569110415,0.119247369496373,1,1,1,0,0.128937284555207,0.0596236847481867,0.333333333333333,0.624695219881363,0.219037812779155,21.9037812779155,0.48339684267828,0.871062715444793,0.780962187220845,0.757489329601911,75.7489329601911,"SURVEILLER (FAIBLE VOLUME)"
"PHARMACIE ELISHAMA","Pharmacie","ABIDJAN",1,1,1,5095,5095,0,5095,5095,0,1,0,13117.5,1.17391304347826,0.0106522874796592,0.118966944007385,0.0815903054448871,0,"Économique",0.118966944007385,0.0815903054448871,1,1,1,0,0.0594834720036926,0.0407951527224436,0.333333333333333,0,0.130083587417841,13.0083587417841,0.0293957539466521,0.940516527996307,0.869916412582159,0.730052327020717,73.0052327020717,"SURVEILLER (FAIBLE VOLUME)"
"PHARMACIE ELKANAH","Pharmacie","ABIDJAN",172,168,95,2274258,2222668,51590,13537.25,23939.5578947368,0.0232108439047127,1.76842105263158,0,13117.5,1.17391304347826,0.0106522874796592,0.316091317519917,0.144286013839379,2.17895395228813,"Économique",0.316091317519917,0.144286013839379,1,1,1,0,0.158045658759958,0.0721430069196897,0.333333333333333,1,0.269056599703894,26.9056599703894,0.870985302123027,0.841954341240042,0.730943400296106,0.803356157039064,80.3356157039064,"PRIVILÉGIER"
"PHARMACIE EMERAUDE","Pharmacie","ABIDJAN",74,72,53,845813,837625,8188,11747.4027777778,15958.7358490566,0.00977525742426504,1.35849056603774,0,13117.5,1.17391304347826,0.0106522874796592,0.274298843669498,0.110839660227016,0.917667444004975,"Économique",0.274298843669498,0.110839660227016,1,1,1,0,0.137149421834749,0.0554198301135082,0.333333333333333,0.458833722002488,0.203654147784726,20.3654147784726,0.7267283614589,0.862850578165251,0.796345852215274,0.80902424444399,80.902424444399,"PRIVILÉGIER"
"PHARMACIE EMMANUEL","Pharmacie","ABIDJAN",113,110,74,1607639,1589236,18403,14614.9,21724.8513513513,0.0115797779562003,1.48648648648649,0.0353982300884956,13117.5,1.17391304347826,0.0106522874796592,0.337138144462489,0.120266586298626,1.08706960625239,"Économique",0.337138144462489,0.120266586298626,1,1,1,0,0.168569072231244,0.0601332931493129,0.333333333333333,0.543534803126194,0.222964189926787,22.2964189926787,0.827980402830702,0.831430927768755,0.777035810073213,0.808982775702928,80.8982775702928,"PRIVILÉGIER"
"PHARMACIE EMS SANTE","Pharmacie","ABIDJAN",4,4,4,102892,102890,2,25723,25723,1.94382350082612e-05,1,0,13117.5,1.17391304347826,0.0106522874796592,0.600625456467512,0.0815903054448871,0.00182479444395198,"Économique",0.600625456467512,0.0815903054448871,1,1,1,0,0.300312728233756,0.0407951527224436,0.333333333333333,0.000912397221975988,0.202423604009057,20.2423604009057,0.37833424060969,0.699687271766244,0.797576395990943,0.674572315224813,67.4572315224813,"SURVEILLER (FAIBLE VOLUME)"
"PHARMACIE ENTENTE DABOU","Pharmacie","HORS-ABIDJAN",5,5,2,40630,40630,0,8126,20315,0,2.5,0,13117.5,1.17391304347826,0.0106522874796592,0.189740017076352,0.203975763612218,0,"Économique",0.189740017076352,0.203975763612218,1,1,1,0,0.0948700085381759,0.101987881806109,0.333333333333333,0,0.159057367103285,15.9057367103285,0.259662493195427,0.905129991461824,0.840942632896715,0.750361548382501,75.0361548382501,"SURVEILLER (FAIBLE VOLUME)"
"PHARMACIE EPHRATA","Pharmacie","ABIDJAN",189,182,109,3358182,3342985,15197,18451.5494505494,30809.0091743119,0.00454593723872527,1.6697247706422,0.0105820105820106,13117.5,1.17391304347826,0.0106522874796592,0.42872991463234,0.135714295226623,0.426756905256815,"Économique",0.42872991463234,0.135714295226623,1,1,1,0,0.21436495731617,0.0678571476133114,0.333333333333333,0.213378452628408,0.206004476741685,20.6004476741685,0.909090909090909,0.78563504268383,0.793995523258315,0.81367040819504,81.367040819504,"PRIVILÉGIER"
"PHARMACIE EPIPHANIE","Pharmacie","ABIDJAN",10,10,9,151850,140545,11305,15185,16872.2222222222,0.0804368707531396,1.11111111111111,0,13117.5,1.17391304347826,0.0106522874796592,0.354565857654984,0.0906558949387635,7.55113593270327,"Économique",0.354565857654984,0.0906558949387635,1,1,1,0,0.177282928827492,0.0453279474693817,0.333333333333333,1,0.266783262889062,26.6783262889062,0.433859553620033,0.822717071172508,0.733216737110938,0.709145434037385,70.9145434037385,"SURVEILLER (FAIBLE VOLUME)"
"PHARMACIE ESPACE SANTE","Pharmacie","ABIDJAN",15,15,15,199800,199800,0,13320,13320,0,1,0,13117.5,1.17391304347826,0.0106522874796592,0.311018585707237,0.0815903054448871,0,"Économique",0.311018585707237,0.0815903054448871,1,1,1,0,0.155509292853618,0.0407951527224436,0.333333333333333,0,0.158891333672819,15.8891333672819,0.474142623843223,0.844490707146382,0.841108666327181,0.76906827415807,76.906827415807,"SURVEILLER (FAIBLE VOLUME)"
"PHARMACIE ESPERANCE GRAND BEREBY","Pharmacie","HORS-ABIDJAN",1,1,1,15230,15230,0,15230,15230,0,1,0,13117.5,1.17391304347826,0.0106522874796592,0.355616596120212,0.0815903054448871,0,"Économique",0.355616596120212,0.0815903054448871,1,1,1,0,0.177808298060106,0.0407951527224436,0.333333333333333,0,0.165581035234765,16.5581035234765,0.132825258573762,0.822191701939894,0.834418964765235,0.689209318396804,68.9209318396804,"SURVEILLER (FAIBLE VOLUME)"
"PHARMACIE ESPOIR BOUAKE","Pharmacie","HORS-ABIDJAN",5,5,4,49165,40245,8920,9833,12291.25,0.221642440054665,1.25,0,13117.5,1.17391304347826,0.0106522874796592,0.229598029523968,0.101987881806109,20.8070276433956,"Économique",0.229598029523968,0.101987881806109,1,1,1,0,0.114799014761984,0.0509939409030545,0.333333333333333,1,0.249737886699512,24.9737886699512,0.281437125748503,0.885200985238016,0.750262113300488,0.710472664565102,71.0472664565102,"SURVEILLER (FAIBLE VOLUME)"
"PHARMACIE ESPOIR GESCO","Pharmacie","ABIDJAN",1,1,1,3950,3950,0,3950,3950,0,1,0,13117.5,1.17391304347826,0.0106522874796592,0.0922314875032722,0.0815903054448871,0,"Économique",0.0922314875032722,0.0815903054448871,1,1,1,0,0.0461157437516361,0.0407951527224436,0.333333333333333,0,0.126073268942224,12.6073268942224,0.0174197060424605,0.953884256248364,0.873926731057776,0.734608336130948,73.4608336130948,"SURVEILLER (FAIBLE VOLUME)"
"PHARMACIE FANNY","Pharmacie","ABIDJAN",18,18,12,181095,181095,0,10060.8333333333,15091.25,0,1.5,0.0555555555555556,13117.5,1.17391304347826,0.0106522874796592,0.229217333876074,0.120295887726255,0,"Économique",0.229217333876074,0.120295887726255,1,1,1,0,0.114608666938037,0.0601479438631277,0.333333333333333,0,0.152426983240349,15.2426983240349,0.458356015242243,0.885391333061963,0.847573016759651,0.784856942977094,78.4856942977094,"SURVEILLER (FAIBLE VOLUME)"
"PHARMACIE FANNY SARLU","Pharmacie","ABIDJAN",27,27,24,430900,428900,2000,15959.2592592593,17954.1666666667,0.00466309162975052,1.125,0,13117.5,1.17391304347826,0.0106522874796592,0.37264461289414,0.091789093625498,0.437754955323429,"Économique",0.37264461289414,0.091789093625498,1,1,1,0,0.18632230644707,0.045894546812749,0.333333333333333,0.218877477661715,0.191552803744117,19.1552803744117,0.609145345672292,0.81367769355293,0.808447196255883,0.770679025057984,77.0679025057984,"PRIVILÉGIER"
"PHARMACIE FATIMA - ATTECOUBE","Pharmacie","ABIDJAN",2,2,2,25270,25270,0,12635,12635,0,1,0,13117.5,1.17391304347826,0.0106522874796592,0.295024011292112,0.0815903054448871,0,"Économique",0.295024011292112,0.0815903054448871,1,1,1,0,0.147512005646056,0.0407951527224436,0.333333333333333,0,0.15649214751055,15.649214751055,0.199237887860642,0.852487994353944,0.84350785248945,0.718245916309486,71.8245916309486,"SURVEILLER (FAIBLE VOLUME)"
"PHARMACIE FATIMA - DIVO","Pharmacie","HORS-ABIDJAN",18,17,15,189015,180755,8260,11118.5294117647,12601,0.045697214461564,1.13333333333333,0,13117.5,1.17391304347826,0.0106522874796592,0.259614811771124,0.0924690128375387,4.28989684598956,"Économique",0.259614811771124,0.0924690128375387,1,1,1,0,0.129807405885562,0.0462345064187694,0.333333333333333,1,0.252812573691299,25.2812573691299,0.464344039194339,0.870192594114438,0.747187426308701,0.739820816008123,73.9820816008123,"SURVEILLER (FAIBLE VOLUME)"
"PHARMACIE FATIMA DE BOUNDIALI","Pharmacie","HORS-ABIDJAN",2,2,2,143275,105085,38190,71637.5,71637.5,0.363420088499786,1,0,13117.5,1.17391304347826,0.0106522874796592,1.67271726228245,0.0815903054448871,34.1166241705123,"Coût Élevé",1.67271726228245,0.0815903054448871,1,1,1,0,0.836358631141223,0.0407951527224436,0.333333333333333,1,0.4631461351591,46.31461351591,0.427871529667937,0.163641368858777,0.5368538648409,0.365772399413458,36.5772399413458,"SURVEILLER (FAIBLE VOLUME)"
"PHARMACIE FEZAN - DABOU","Pharmacie","HORS-ABIDJAN",2,2,2,50455,42935,7520,25227.5,25227.5,0.175148480260859,1,0,13117.5,1.17391304347826,0.0106522874796592,0.589055658478177,0.0815903054448871,16.4423350942518,"Économique",0.589055658478177,0.0815903054448871,1,1,1,0,0.294527829239088,0.0407951527224436,0.333333333333333,1,0.30059689458846,30.059689458846,0.286880783886772,0.705472170760912,0.69940310541154,0.619326267246335,61.9326267246335,"SURVEILLER (FAIBLE VOLUME)"
"PHARMACIE FRANCE AFRIQUE","Pharmacie","ABIDJAN",1,1,1,6860,6860,0,6860,6860,0,1,0,13117.5,1.17391304347826,0.0106522874796592,0.160179241587961,0.0815903054448871,0,"Économique",0.160179241587961,0.0815903054448871,1,1,1,0,0.0800896207939807,0.0407951527224436,0.333333333333333,0,0.136265432054927,13.6265432054927,0.0440936309199782,0.919910379206019,0.863734567945073,0.722276705044433,72.2276705044433,"SURVEILLER (FAIBLE VOLUME)"
"PHARMACIE GALILEE","Pharmacie","ABIDJAN",36,34,25,491895,474780,17115,14467.5,19675.8,0.0360482749905219,1.36,0.0555555555555556,13117.5,1.17391304347826,0.0106522874796592,0.329145191695553,0.109142810325588,3.38408769565758,"Économique",0.329145191695553,0.109142810325588,1,1,1,0,0.164572595847777,0.054571405162794,0.333333333333333,1,0.265743200303171,26.5743200303171,0.632008709853021,0.835427404152223,0.734256799696829,0.754275423510225,75.4275423510225,"PRIVILÉGIER"
"PHARMACIE GARE DE HIRE","Pharmacie","HORS-ABIDJAN",67,65,48,965780,876419,89360.9999999999,14858.1538461538,20120.4166666667,0.101961504714069,1.35416666666667,0,13117.5,1.17391304347826,0.0106522874796592,0.346934083742591,0.110486871956618,9.57179431260821,"Économique",0.346934083742591,0.110486871956618,1,1,1,0,0.173467041871295,0.055243435978309,0.333333333333333,1,0.268613143354881,26.8613143354881,0.751769188894937,0.826532958128705,0.731386856645119,0.773521763688517,77.3521763688517,"PRIVILÉGIER"
"PHARMACIE GBEKE SARL","Pharmacie","HORS-ABIDJAN",1,1,1,10165,10165,0,10165,10165,0,1,0,13117.5,1.17391304347826,0.0106522874796592,0.237350144422978,0.0815903054448871,0,"Économique",0.237350144422978,0.0815903054448871,1,1,1,0,0.118675072211489,0.0407951527224436,0.333333333333333,0,0.14784106748018,14.784106748018,0.0800217746325531,0.881324927788511,0.85215893251982,0.709397899049843,70.9397899049843,"SURVEILLER (FAIBLE VOLUME)"
"PHARMACIE GNIMAH","Pharmacie","ABIDJAN",3,2,2,19410,19410,0,9705,9705,0,1,0,13117.5,1.17391304347826,0.0106522874796592,0.226609262333989,0.0815903054448871,0,"Économique",0.226609262333989,0.0815903054448871,1,1,1,0,0.113304631166995,0.0407951527224436,0.333333333333333,0,0.146229935166831,14.6229935166831,0.16820903647251,0.886695368833005,0.853770064833169,0.729827980760972,72.9827980760972,"SURVEILLER (FAIBLE VOLUME)"
"PHARMACIE GRAND MARCHE","Pharmacie","ABIDJAN",24,24,20,244190,240895,3295,10174.5833333333,12209.5,0.013678158533801,1.2,0.0416666666666667,13117.5,1.17391304347826,0.0106522874796592,0.23322377465088,0.0968984757000129,1.2840583358194,"Économique",0.23322377465088,0.0968984757000129,1,1,1,0,0.11661188732544,0.0484492378500064,0.333333333333333,0.642029167909702,0.213721254343604,21.3721254343604,0.509526401741971,0.88338811267456,0.786278745656396,0.769772023680776,76.9772023680776,"PRIVILÉGIER"
"PHARMACIE HANNIE-NEKA (TABOU)","Pharmacie","HORS-ABIDJAN",1,1,1,17455,17455,0,17455,17455,0,1,0,13117.5,1.17391304347826,0.0106522874796592,0.407569775789776,0.0815903054448871,0,"Économique",0.407569775789776,0.0815903054448871,1,1,1,0,0.203784887894888,0.0407951527224436,0.333333333333333,0,0.1733740121852,17.33740121852,0.146434403919434,0.796215112105112,0.826625987814801,0.678423320751852,67.8423320751852,"SURVEILLER (FAIBLE VOLUME)"
"PHARMACIE HERMES","Pharmacie","ABIDJAN",33,32,27,346627,331197,15430,10832.09375,12838.037037037,0.0465885862492716,1.18518518518519,0.121212121212121,13117.5,1.17391304347826,0.0106522874796592,0.239523676804315,0.0952292597740135,4.37357575433762,"Économique",0.239523676804315,0.0952292597740135,1,1,1,0,0.119761838402158,0.0476146298870068,0.333333333333333,1,0.250212940486749,25.0212940486749,0.571039738704409,0.880238161597842,0.749787059513251,0.766218036185319,76.6218036185319,"PRIVILÉGIER"
"PHARMACIE HOSANNA","Pharmacie","ABIDJAN",400,373,203,5114382,4965481,148901,13711.4798927614,25194,0.0299872258095439,1.83743842364532,0.0075,13117.5,1.17391304347826,0.0106522874796592,0.319010965469266,0.149456769669761,2.81509730814206,"Économique",0.319010965469266,0.149456769669761,1,1,1,0,0.159505482734633,0.0747283848348806,0.333333333333333,1,0.270270160270854,27.0270160270854,0.940664126292869,0.840494517265367,0.729729839729146,0.816222568056379,81.6222568056379,"PRIVILÉGIER"
"PHARMACIE IDUREIL","Pharmacie","ABIDJAN",2,2,1,25440,22360,3080,12720,25440,0.137745974955277,2,0,13117.5,1.17391304347826,0.0106522874796592,0.297008739504208,0.163180610889774,12.931116928482,"Économique",0.297008739504208,0.163180610889774,1,1,1,0,0.148504369752104,0.0815903054448871,0.333333333333333,1,0.269028402559097,26.9028402559097,0.20141535111595,0.851495630247896,0.730971597440903,0.673269961298709,67.3269961298709,"SURVEILLER (FAIBLE VOLUME)"
"PHARMACIE II PLATEAUX-AGBAN","Pharmacie","ABIDJAN",2,2,2,9235,9235,0,4617.5,4617.5,0,1,0,13117.5,1.17391304347826,0.0106522874796592,0.107817441404142,0.0815903054448871,0,"Économique",0.107817441404142,0.0815903054448871,1,1,1,0,0.0539087207020708,0.0407951527224436,0.333333333333333,0,0.128411162027354,12.8411162027354,0.0664126292868808,0.946091279297929,0.871588837972646,0.740354572765606,74.0354572765606,"SURVEILLER (FAIBLE VOLUME)"
"PHARMACIE IMMACULEE","Pharmacie","ABIDJAN",2,2,2,19310,19310,0,9655,9655,0,1,0,13117.5,1.17391304347826,0.0106522874796592,0.225441775150403,0.0815903054448871,0,"Économique",0.225441775150403,0.0815903054448871,1,1,1,0,0.112720887575202,0.0407951527224436,0.333333333333333,0,0.146054812089294,14.6054812089294,0.167120304844856,0.887279112424798,0.853945187910707,0.729913781103173,72.9913781103173,"SURVEILLER (FAIBLE VOLUME)"
"PHARMACIE INCH-ALLAH","Pharmacie","ABIDJAN",18,18,7,372879,305055,67824,20715.5,53268.4285714286,0.22233367753356,2.57142857142857,0.222222222222222,13117.5,1.17391304347826,0.0106522874796592,0.439937336046835,0.203736851606376,20.8719186332618,"Économique",0.439937336046835,0.203736851606376,1,1,1,0,0.219968668023418,0.101868425803188,0.333333333333333,1,0.296551128147982,29.6551128147982,0.581927054980947,0.780031331976582,0.703448871852018,0.70977749252763,70.977749252763,"SURVEILLER (FAIBLE VOLUME)"
"PHARMACIE INCH-ALLAH SARL","Pharmacie","ABIDJAN",2,2,2,20135,20135,0,10067.5,10067.5,0,1,0,13117.5,1.17391304347826,0.0106522874796592,0.235073544414986,0.0815903054448871,0,"Économique",0.235073544414986,0.0815903054448871,1,1,1,0,0.117536772207493,0.0407951527224436,0.333333333333333,0,0.147499577478981,14.7499577478981,0.173108328796952,0.882463227792507,0.852500422521019,0.728607125884801,72.8607125884801,"SURVEILLER (FAIBLE VOLUME)"
"PHARMACIE INDEPENDANCE - TIEBISSOU","Pharmacie","HORS-ABIDJAN",2,2,2,16215,16215,0,8107.5,8107.5,0,1,0.5,13117.5,1.17391304347826,0.0106522874796592,0.154685365188415,0.0738894347796492,0,"Économique",0.154685365188415,0.0738894347796492,1,1,1,0,0.0773426825942075,0.0369447173898246,0.333333333333333,0,0.13428621999521,13.428621999521,0.139902014153511,0.922657317405792,0.86571378000479,0.743328841794935,74.3328841794935,"SURVEILLER (FAIBLE VOLUME)"
"PHARMACIE J-LOG","Pharmacie","HORS-ABIDJAN",31,30,22,653365,632005,21360,21778.8333333333,29698.4090909091,0.0337972009715113,1.36363636363636,0,13117.5,1.17391304347826,0.0106522874796592,0.508530175802324,0.111259507424846,3.17276463257755,"Économique",0.508530175802324,0.111259507424846,1,1,1,0,0.254265087901162,0.055629753712423,0.333333333333333,1,0.292968452484076,29.2968452484076,0.676646706586826,0.745734912098838,0.707031547515924,0.71643592516327,71.643592516327,"CONSERVER"
"PHARMACIE JEAN PIERRE","Pharmacie","ABIDJAN",9,9,7,92900,91030,1870,10322.2222222222,13271.4285714286,0.0205426782379435,1.28571428571429,0,13117.5,1.17391304347826,0.0106522874796592,0.241021243011364,0.104901821286283,1.92847576421218,"Économique",0.241021243011364,0.104901821286283,1,1,1,0,0.120510621505682,0.0524509106431417,0.333333333333333,0.964237882106089,0.248312247855256,24.8312247855256,0.367446924333152,0.879489378494318,0.751687752144744,0.725960237122255,72.5960237122255,"SURVEILLER (FAIBLE VOLUME)"
"PHARMACIE JULES VERNE","Pharmacie","ABIDJAN",47,45,37,549450,525100,24350,12210,14850,0.0463721195962674,1.21621621621622,0.127659574468085,13117.5,1.17391304347826,0.0106522874796592,0.271591615401779,0.0981258496340741,4.35325461172693,"Économique",0.271591615401779,0.0981258496340741,1,1,1,0,0.135795807700889,0.0490629248170371,0.333333333333333,1,0.255457619755378,25.5457619755378,0.647795318454001,0.864204192299111,0.744542380244622,0.773057692708293,77.3057692708293,"PRIVILÉGIER"
"PHARMACIE JULES VERNES","Pharmacie","ABIDJAN",1,1,1,2650,2650,0,2650,2650,0,1,0,13117.5,1.17391304347826,0.0106522874796592,0.0618768207300434,0.0815903054448871,0,"Économique",0.0618768207300434,0.0815903054448871,1,1,1,0,0.0309384103650217,0.0407951527224436,0.333333333333333,0,0.12152006892624,12.152006892624,0.00816548720740337,0.969061589634978,0.87847993107376,0.740649705724976,74.0649705724976,"SURVEILLER (FAIBLE VOLUME)"
"PHARMACIE K. BOILOT","Pharmacie","HORS-ABIDJAN",1,1,1,10090,10090,0,10090,10090,0,1,1,13117.5,1.17391304347826,0.0106522874796592,0.162745435823314,0.067516879219805,0,"Économique",0.162745435823314,0.067516879219805,1,1,1,0,0.0813727179116569,0.0337584396099025,0.333333333333333,0,0.134539347256468,13.4539347256468,0.0789330430048993,0.918627282088343,0.865460652743532,0.72942178253373,72.942178253373,"SURVEILLER (FAIBLE VOLUME)"
"PHARMACIE KABOD","Pharmacie","ABIDJAN",34,32,27,453775,442425,11350,14180.46875,16806.4814814815,0.0256540656608465,1.18518518518519,0,13117.5,1.17391304347826,0.0106522874796592,0.331110310457257,0.0966996212680144,2.40831518205208,"Économique",0.331110310457257,0.0966996212680144,1,1,1,0,0.165555155228629,0.0483498106340072,0.333333333333333,1,0.264171489758791,26.4171489758791,0.619488296135003,0.834444844771371,0.735828510241209,0.752007001232033,75.2007001232033,"PRIVILÉGIER"
"PHARMACIE KAHIRA","Pharmacie","ABIDJAN",132,128,79,2063121,2063121,0,16118.1328125,26115.4556962025,0,1.62025316455696,0.00757575757575758,13117.5,1.17391304347826,0.0106522874796592,0.375042637211103,0.131849064202147,0,"Économique",0.375042637211103,0.131849064202147,1,1,1,0,0.187521318605552,0.0659245321010735,0.333333333333333,0,0.176033755211988,17.6033755211988,0.857376156777354,0.812478681394448,0.823966244788013,0.826053201828455,82.6053201828455,"PRIVILÉGIER"
"PHARMACIE KAMON N'SIO","Pharmacie","ABIDJAN",71,70,54,893288,873506,19782,12761.2571428571,16542.3703703704,0.022646667567252,1.2962962962963,0,13117.5,1.17391304347826,0.0106522874796592,0.29797208321455,0.105765210761891,2.12599102404027,"Économique",0.29797208321455,0.105765210761891,1,1,1,0,0.148986041607275,0.0528826053809454,0.333333333333333,1,0.260560594096466,26.0560594096466,0.7408818726184,0.851013958392725,0.739439405903534,0.784357720242184,78.4357720242184,"PRIVILÉGIER"
"PHARMACIE KELIAM","Pharmacie","ABIDJAN",10,10,9,158725,158725,0,15872.5,17636.1111111111,0,1.11111111111111,0,13117.5,1.17391304347826,0.0106522874796592,0.370618806429288,0.0906558949387635,0,"Économique",0.370618806429288,0.0906558949387635,1,1,1,0,0.185309403214644,0.0453279474693817,0.333333333333333,0,0.169191205205208,16.9191205205208,0.439303211758302,0.814690596785356,0.830808794794792,0.74606039898372,74.606039898372,"SURVEILLER (FAIBLE VOLUME)"
"PHARMACIE KENEYA - YOPOUGON","Pharmacie","ABIDJAN",162,155,80,6289073,6197117,91956,40574.664516129,78613.4125,0.0148385128116832,1.9375,0.0185185185185185,13117.5,1.17391304347826,0.0106522874796592,0.939269945409484,0.156855140479882,1.39298839240095,"Standard",0.939269945409484,0.156855140479882,1,1,1,0,0.469634972704742,0.0784275702399409,0.333333333333333,0.696494196200477,0.334068182503452,33.4068182503452,0.955362003266195,0.530365027295258,0.665931817496548,0.669591138569961,66.9591138569961,"CONSERVER"
"PHARMACIE KHIANELLY","Pharmacie","HORS-ABIDJAN",8,8,5,123730,117210,6520,15466.25,24746,0.0556266530159543,1.6,0,13117.5,1.17391304347826,0.0106522874796592,0.361132973062654,0.130544488711819,5.22203828259187,"Économique",0.361132973062654,0.130544488711819,1,1,1,0,0.180566486531327,0.0652722443559097,0.333333333333333,1,0.273751619266171,27.3751619266171,0.403375068045727,0.819433513468673,0.726248380733829,0.698947771290146,69.8947771290146,"SURVEILLER (FAIBLE VOLUME)"
"PHARMACIE KINNINYA DIVO","Pharmacie","HORS-ABIDJAN",5,4,4,79290,73050,6240,19822.5,19822.5,0.0854209445585216,1,0,13117.5,1.17391304347826,0.0106522874796592,0.46285029393256,0.0815903054448871,8.01902358734076,"Économique",0.46285029393256,0.0815903054448871,1,1,1,0,0.23142514696628,0.0407951527224436,0.333333333333333,1,0.281666089906617,28.1666089906617,0.344583560152422,0.76857485303372,0.718333910093383,0.663680217281326,66.3680217281325,"SURVEILLER (FAIBLE VOLUME)"
"PHARMACIE KOKO","Pharmacie","HORS-ABIDJAN",22,20,13,463450,429795,33654.9999999999,23172.5,35650,0.0783047732058304,1.53846153846154,0,13117.5,1.17391304347826,0.0106522874796592,0.541071935232804,0.125523546838288,7.35098197033787,"Économique",0.541071935232804,0.125523546838288,1,1,1,0,0.270535967616402,0.0627617734191439,0.333333333333333,1,0.299989322310664,29.9989322310664,0.623843222645618,0.729464032383598,0.700010677689336,0.696558528558297,69.6558528558297,"CONSERVER"
"PHARMACIE KORALIE","Pharmacie","ABIDJAN",58,56,47,1056235,1039225,17010,18861.3392857143,22473.085106383,0.0163679665135077,1.19148936170213,0,13117.5,1.17391304347826,0.0106522874796592,0.440407437626667,0.0972139809556102,1.5365682295716,"Économique",0.440407437626667,0.0972139809556102,1,1,1,0,0.220203718813333,0.0486069904778051,0.333333333333333,0.768284114785802,0.257471624265922,25.7471624265922,0.764289602612956,0.779796281186667,0.742528375734078,0.761787783290889,76.1787783290889,"PRIVILÉGIER"
"PHARMACIE KORO","Pharmacie","ABIDJAN",8,7,4,157987,143805,14182,22569.5714285714,39496.75,0.0986196585654184,1.75,0,13117.5,1.17391304347826,0.0106522874796592,0.526993707637594,0.142783034528552,9.25807332497694,"Économique",0.526993707637594,0.142783034528552,1,1,1,0,0.263496853818797,0.0713915172642762,0.333333333333333,1,0.300466511324922,30.0466511324922,0.438214480130648,0.736503146181203,0.699533488675078,0.662057549968642,66.2057549968642,"SURVEILLER (FAIBLE VOLUME)"
"PHARMACIE KOWEIT MARCHE","Pharmacie","ABIDJAN",6,6,4,52340,50190,2150,8723.33333333333,13085,0.0428372185694361,1.5,0,13117.5,1.17391304347826,0.0106522874796592,0.203687597296256,0.122385458167331,4.02141029813877,"Économique",0.203687597296256,0.122385458167331,1,1,1,0,0.101843798648128,0.0611927290836653,0.333333333333333,1,0.248910958319538,24.8910958319538,0.291235710397387,0.898156201351872,0.751089041680462,0.717945239292411,71.7945239292411,"SURVEILLER (FAIBLE VOLUME)"
"PHARMACIE L'EMMANUEL","Pharmacie","ABIDJAN",8,8,6,140715,137335,3380,17589.375,23452.5,0.024611351803983,1.33333333333333,0,13117.5,1.17391304347826,0.0106522874796592,0.410707397595663,0.108787073926516,2.31042880235621,"Économique",0.410707397595663,0.108787073926516,1,1,1,0,0.205353698797831,0.0543935369632581,0.333333333333333,1,0.277924170728327,27.7924170728327,0.424605334784976,0.794646301202169,0.722075829271673,0.691609919146532,69.1609919146532,"SURVEILLER (FAIBLE VOLUME)"
"PHARMACIE LA BENEDICTION","Pharmacie","ABIDJAN",15,15,8,185299,176880,8419,12353.2666666667,23162.375,0.0475972410673903,1.875,0,13117.5,1.17391304347826,0.0106522874796592,0.288445610175001,0.152981822709163,4.46826478897406,"Économique",0.288445610175001,0.152981822709163,1,1,1,0,0.144222805087501,0.0764909113545817,0.333333333333333,1,0.266214114932625,26.6214114932625,0.462166575939031,0.855777194912499,0.733785885067375,0.728258547179756,72.8258547179756,"SURVEILLER (FAIBLE VOLUME)"
"PHARMACIE LA MAISON BLANCHE","Pharmacie","ABIDJAN",63,59,40,1517498,1444465,73033,25720.3050847458,37937.45,0.0505605881762452,1.475,0,13117.5,1.17391304347826,0.0106522874796592,0.600562530887108,0.120345700531208,4.74645359250696,"Économique",0.600562530887108,0.120345700531208,1,1,1,0,0.300281265443554,0.0601728502656042,0.333333333333333,1,0.308136234712748,30.8136234712748,0.817093086554164,0.699718734556446,0.691863765287252,0.720051617248312,72.0051617248312,"CONSERVER"
"PHARMACIE LA PAIX","Pharmacie","ABIDJAN",63,62,45,709184,677114,32070,11438.4516129032,15759.6444444444,0.0473627779074129,1.37777777777778,0.0158730158730159,13117.5,1.17391304347826,0.0106522874796592,0.265170327919837,0.111895004406225,4.44625419637363,"Économique",0.265170327919837,0.111895004406225,1,1,1,0,0.132585163959918,0.0559475022031125,0.333333333333333,1,0.256559799848909,25.6559799848909,0.69352204681546,0.867414836040082,0.743440200151091,0.783046423839561,78.3046423839561,"PRIVILÉGIER"
"PHARMACIE LA PIERRE D'ANGLE DE KOTOBI","Pharmacie","HORS-ABIDJAN",2,2,1,19154,17269,1885,9577,19154,0.109155133476171,2,0,13117.5,1.17391304347826,0.0106522874796592,0.22362049514401,0.163180610889774,10.2471073639916,"Économique",0.22362049514401,0.163180610889774,1,1,1,0,0.111810247572005,0.0815903054448871,0.333333333333333,1,0.258020165905068,25.8020165905068,0.166575939031029,0.888189752427995,0.741979834094932,0.685383022415377,68.5383022415377,"SURVEILLER (FAIBLE VOLUME)"
"PHARMACIE LA PROVIDENCE","Pharmacie","ABIDJAN",2,2,2,45285,45285,0,22642.5,22642.5,0,1,0,13117.5,1.17391304347826,0.0106522874796592,0.528696571086795,0.0815903054448871,0,"Économique",0.528696571086795,0.0815903054448871,1,1,1,0,0.264348285543398,0.0407951527224436,0.333333333333333,0,0.191543031479752,19.1543031479752,0.273816004354927,0.735651714456602,0.808456968520248,0.672406674061725,67.2406674061725,"SURVEILLER (FAIBLE VOLUME)"
"PHARMACIE LA REDEMPTION","Pharmacie","ABIDJAN",26,24,17,310231,304695,5536,12926.2916666667,18248.8823529412,0.0181689886607919,1.41176470588235,0,13117.5,1.17391304347826,0.0106522874796592,0.301825597042486,0.115186313569252,1.70564197553681,"Économique",0.301825597042486,0.115186313569252,1,1,1,0,0.150912798521243,0.0575931567846262,0.333333333333333,0.852820987768407,0.247833885368601,24.7833885368601,0.553075666848122,0.849087201478757,0.752166114631399,0.751116459813687,75.1116459813687,"PRIVILÉGIER"
"PHARMACIE LA VIE","Pharmacie","ABIDJAN",23,23,12,204536,204445,91,8892.86956521739,17044.6666666667,0.000445107486120962,1.91666666666667,0,13117.5,1.17391304347826,0.0106522874796592,0.207646224853817,0.156381418769367,0.0417851552514806,"Économique",0.207646224853817,0.156381418769367,1,1,1,0,0.103823112426909,0.0781907093846835,0.333333333333333,0.0208925776257403,0.156693404306052,15.6693404306052,0.479041916167665,0.896176887573091,0.843306595693948,0.791601776540349,79.1601776540349,"PRIVILÉGIER"
"PHARMACIE LA VIERGE DU SIGNE","Pharmacie","ABIDJAN",11,10,7,139830,139830,0,13983,19975.7142857143,0,1.42857142857143,0,13117.5,1.17391304347826,0.0106522874796592,0.326499465761584,0.116557579206982,0,"Économique",0.326499465761584,0.116557579206982,1,1,1,0,0.163249732880792,0.0582787896034908,0.333333333333333,0,0.166458556745285,16.6458556745285,0.421883505715841,0.836750267119208,0.833541443254715,0.752493385292738,75.2493385292738,"SURVEILLER (FAIBLE VOLUME)"
"PHARMACIE LAFIA","Pharmacie","HORS-ABIDJAN",3,3,2,29590,29590,0,9863.33333333333,14795,0,1.5,0.666666666666667,13117.5,1.17391304347826,0.0106522874796592,0.177372182215723,0.110834152169474,0,"Économique",0.177372182215723,0.110834152169474,1,1,1,0,0.0886860911078614,0.0554170760847369,0.333333333333333,0,0.143230950157779,14.3230950157779,0.213391399020142,0.911313908892139,0.85676904984222,0.749911463297772,74.9911463297772,"SURVEILLER (FAIBLE VOLUME)"
"PHARMACIE LAGOMA","Pharmacie","ABIDJAN",1,1,1,23190,23190,0,23190,23190,0,1,0,13117.5,1.17391304347826,0.0106522874796592,0.541480555747059,0.0815903054448871,0,"Économique",0.541480555747059,0.0815903054448871,1,1,1,0,0.270740277873529,0.0407951527224436,0.333333333333333,0,0.193460629178792,19.3460629178792,0.188350571584105,0.729259722126471,0.806539370821208,0.651989751495892,65.1989751495892,"SURVEILLER (FAIBLE VOLUME)"
"PHARMACIE LAOULO","Pharmacie","ABIDJAN",112,110,67,1751727,1690013,61714,15924.7909090909,26145.1791044776,0.0365168788642454,1.64179104477612,0.00892857142857143,13117.5,1.17391304347826,0.0106522874796592,0.370332690035968,0.133538781553335,3.42807861071862,"Économique",0.370332690035968,0.133538781553335,1,1,1,0,0.185166345017984,0.0667693907766674,0.333333333333333,1,0.275580720738395,27.5580720738395,0.836690255851932,0.814833654982016,0.724419279261605,0.783039224867835,78.3039224867835,"PRIVILÉGIER"
"PHARMACIE LAS PALMAS","Pharmacie","ABIDJAN",68,67,41,872696,872500,196,13025.3134328358,21285.2682926829,0.000224641833810888,1.63414634146341,0.102941176470588,13117.5,1.17391304347826,0.0106522874796592,0.290548843759798,0.131988446543576,0.0210886003818286,"Économique",0.290548843759798,0.131988446543576,1,1,1,0,0.145274421879899,0.0659942232717879,0.333333333333333,0.0105443001909143,0.164435023564598,16.4435023564598,0.735438214480131,0.854725578120101,0.835564976435403,0.823203864718228,82.3203864718228,"PRIVILÉGIER"
"PHARMACIE LATRILLE","Pharmacie","ABIDJAN",123,117,92,1516030,1491015,25015,12957.5213675214,16478.5869565217,0.0167771618662455,1.27173913043478,0.00813008130081301,13117.5,1.17391304347826,0.0106522874796592,0.301401611724345,0.103527024405107,1.57498207763186,"Économique",0.301401611724345,0.103527024405107,1,1,1,0,0.150700805862173,0.0517635122025534,0.333333333333333,0.787491038815931,0.239488399301011,23.9488399301011,0.816548720740337,0.849299194137827,0.760511600698989,0.807234062082794,80.7234062082794,"PRIVILÉGIER"
"PHARMACIE LE BELIER","Pharmacie","ABIDJAN",79,76,44,1131359,1105186,26173,14886.3026315789,25712.7045454545,0.0236819865615381,1.72727272727273,0,13117.5,1.17391304347826,0.0106522874796592,0.347591350666937,0.140928709404805,2.2231831995484,"Économique",0.347591350666937,0.140928709404805,1,1,1,0,0.173795675333469,0.0704643547024025,0.333333333333333,1,0.273278009010761,27.3278009010761,0.777354382144801,0.826204324666531,0.726721990989239,0.776641402691268,77.6641402691268,"PRIVILÉGIER"
"PHARMACIE LE BELIER - YAKRO","Pharmacie","HORS-ABIDJAN",10,10,5,103280,98740,4540,10328,20656,0.0459793396799676,2,0,13117.5,1.17391304347826,0.0106522874796592,0.241156152641467,0.163180610889774,4.316381788209,"Économique",0.241156152641467,0.163180610889774,1,1,1,0,0.120578076320734,0.0815903054448871,0.333333333333333,1,0.260650514529686,26.0650514529686,0.37996733805117,0.879421923679266,0.739349485470314,0.723502031270066,72.3502031270066,"SURVEILLER (FAIBLE VOLUME)"
"PHARMACIE LE CATLEYAS","Pharmacie","ABIDJAN",1,1,1,16105,16105,0,16105,16105,0,1,0,13117.5,1.17391304347826,0.0106522874796592,0.376047621832962,0.0815903054448871,0,"Économique",0.376047621832962,0.0815903054448871,1,1,1,0,0.188023810916481,0.0407951527224436,0.333333333333333,0,0.168645689091677,16.8645689091677,0.139357648339684,0.811976189083519,0.831354310908323,0.685203729664674,68.5203729664674,"SURVEILLER (FAIBLE VOLUME)"
"PHARMACIE LE JOURDAIN","Pharmacie","ABIDJAN",25,24,14,206230,203130,3100,8592.91666666667,14730.7142857143,0.0152611628021464,1.71428571428571,0,13117.5,1.17391304347826,0.0106522874796592,0.20064240155907,0.139869095048378,1.43266531543464,"Économique",0.20064240155907,0.139869095048378,1,1,1,0,0.100321200779535,0.069934547524189,0.333333333333333,0.716332657717321,0.222709990262849,22.2709990262849,0.481219379422972,0.899678799220465,0.777290009737151,0.767031399467641,76.7031399467641,"PRIVILÉGIER"
"PHARMACIE LE LABELLE - ANYAMA","Pharmacie","ABIDJAN",27,27,12,286395,281190,5205,10607.2222222222,23866.25,0.0185106155979942,2.25,0,13117.5,1.17391304347826,0.0106522874796592,0.247675919957802,0.183578187250996,1.7377127338462,"Économique",0.247675919957802,0.183578187250996,1,1,1,0,0.123837959978901,0.091789093625498,0.333333333333333,0.868856366923102,0.25157375277363,25.157375277363,0.535655960805661,0.876162040021099,0.74842624722637,0.75696650706012,75.696650706012,"PRIVILÉGIER"
"PHARMACIE LE LOTUS","Pharmacie","ABIDJAN",49,48,29,783020,776160,6860,16312.9166666667,27000.6896551724,0.00883838383838384,1.6551724137931,0,13117.5,1.17391304347826,0.0106522874796592,0.380902422704706,0.13504602280533,0.829716983817886,"Économique",0.380902422704706,0.13504602280533,1,1,1,0,0.190451211352353,0.0675230114026652,0.333333333333333,0.414858491908943,0.2188781160174,21.88781160174,0.713663581927055,0.809548788647647,0.7811218839826,0.77900098543751,77.900098543751,"PRIVILÉGIER"
"PHARMACIE LE REEL","Pharmacie","HORS-ABIDJAN",1,1,1,24750,24750,0,24750,24750,0,1,0,13117.5,1.17391304347826,0.0106522874796592,0.577906155874933,0.0815903054448871,0,"Économique",0.577906155874933,0.0815903054448871,1,1,1,0,0.288953077937467,0.0407951527224436,0.333333333333333,0,0.198924469197973,19.8924469197973,0.195427327163854,0.711046922062533,0.801075530802027,0.643934446578595,64.3934446578595,"SURVEILLER (FAIBLE VOLUME)"
"PHARMACIE LE TREFLE","Pharmacie","ABIDJAN",5538,5268,1062,88742998.3333333,87615768,1127230.33333333,16845.6716654012,83562.1453232894,0.0128656103697377,4.96045197740113,0.00794510653665583,13117.5,1.17391304347826,0.0106522874796592,0.391976464911593,0.403773788005633,1.2077791173309,"Économique",0.391976464911593,0.403773788005633,1,1,1,0,0.195988232455796,0.201886894002817,0.333333333333333,0.603889558665448,0.279751493804129,27.9751493804129,0.998911268372346,0.804011767544204,0.720248506195871,0.809486363170499,80.9486363170499,"PRIVILÉGIER"
"PHARMACIE LEANA","Pharmacie","HORS-ABIDJAN",75,71,34,1256257,1219295,36962,17693.7605633803,36948.7352941177,0.0303142389659598,2.08823529411765,0,13117.5,1.17391304347826,0.0106522874796592,0.41314477374362,0.170379755487853,2.8457961751263,"Économique",0.41314477374362,0.170379755487853,1,1,1,0,0.20657238687181,0.0851898777439263,0.333333333333333,1,0.287528679384721,28.7528679384721,0.789330430048993,0.79342761312819,0.712471320615279,0.760225659507186,76.0225659507186,"PRIVILÉGIER"
"PHARMACIE LES 4 SAISONS","Pharmacie","ABIDJAN",23,23,19,300703,291265,9438,13074.0434782609,15826.4736842105,0.0324034813657666,1.21052631578947,0,13117.5,1.17391304347826,0.0106522874796592,0.305275563970242,0.098767211854337,3.04192704408719,"Économique",0.305275563970242,0.098767211854337,1,1,1,0,0.152637781985121,0.0493836059271685,0.333333333333333,1,0.260606416373687,26.0606416373687,0.548720740337507,0.847362218014879,0.739393583626313,0.744446468723978,74.4446468723978,"CONSERVER"
"PHARMACIE LES 7 COLONNES","Pharmacie","ABIDJAN",12,12,12,159885,155655,4230,13323.75,13323.75,0.0271754842440012,1,0,13117.5,1.17391304347826,0.0106522874796592,0.311106147246006,0.0815903054448871,2.55114071000182,"Économique",0.311106147246006,0.0815903054448871,1,1,1,0,0.155553073623003,0.0407951527224436,0.333333333333333,1,0.258904467903634,25.8904467903634,0.441480675013609,0.844446926376997,0.741095532096366,0.722513118392067,72.2513118392067,"SURVEILLER (FAIBLE VOLUME)"
"PHARMACIE LES ARCADES","Pharmacie","ABIDJAN",2,2,2,24235,24235,0,12117.5,12117.5,0,1,0,13117.5,1.17391304347826,0.0106522874796592,0.282940518942,0.0815903054448871,0,"Économique",0.282940518942,0.0815903054448871,1,1,1,0,0.141470259471,0.0407951527224436,0.333333333333333,0,0.154679623658033,15.4679623658033,0.193249863908547,0.858529740529,0.845320376341967,0.720190019530096,72.0190019530096,"SURVEILLER (FAIBLE VOLUME)"
"PHARMACIE LES ARUMS","Pharmacie","ABIDJAN",230,220,149,2930445,2866335,64110,13320.2045454545,19667.4161073825,0.0223665412451789,1.47651006711409,0.00869565217391304,13117.5,1.17391304347826,0.0106522874796592,0.309762759794321,0.120132788597709,2.09969373131249,"Économique",0.309762759794321,0.120132788597709,1,1,1,0,0.15488137989716,0.0600663942988544,0.333333333333333,1,0.264484332258804,26.4484332258804,0.896570495372891,0.84511862010284,0.735515667741196,0.811567814212192,81.1567814212192,"PRIVILÉGIER"
"PHARMACIE LES BEATITUDES - SAN PEDRO","Pharmacie","HORS-ABIDJAN",9,9,7,118956,117030,1926,13217.3333333333,16993.7142857143,0.0164573186362471,1.28571428571429,0,13117.5,1.17391304347826,0.0106522874796592,0.308621345356941,0.104901821286283,1.54495629860467,"Économique",0.308621345356941,0.104901821286283,1,1,1,0,0.15431067267847,0.0524509106431417,0.333333333333333,0.772478149302335,0.239276289926717,23.9276289926717,0.397931409907458,0.84568932732153,0.760723710073283,0.722151496939417,72.2151496939417,"SURVEILLER (FAIBLE VOLUME)"
"PHARMACIE LES BEATITUDES - YOPOUGON","Pharmacie","ABIDJAN",21,20,19,342571,300950,41621,17128.55,18030.0526315789,0.138298720717727,1.05263157894737,0,13117.5,1.17391304347826,0.0106522874796592,0.399947251968145,0.0858845320472496,12.9830067937814,"Économique",0.399947251968145,0.0858845320472496,1,1,1,0,0.199973625984073,0.0429422660236248,0.333333333333333,1,0.272874767602309,27.2874767602309,0.568317909635275,0.800026374015927,0.727125232397691,0.724524224492502,72.4524224492502,"CONSERVER"
"PHARMACIE LES CATLEYAS","Pharmacie","ABIDJAN",100,98,71,1196657,1190235,6422,12210.7857142857,16854.323943662,0.0053955731431188,1.38028169014085,0.01,13117.5,1.17391304347826,0.0106522874796592,0.283822248370524,0.112287947718057,0.506517792861091,"Économique",0.283822248370524,0.112287947718057,1,1,1,0,0.141911124185262,0.0561439738590286,0.333333333333333,0.253258896430545,0.184742419056342,18.4742419056342,0.784975503538378,0.858088875814738,0.815257580943658,0.826333683411034,82.6333683411034,"PRIVILÉGIER"
"PHARMACIE LES COLOMBES","Pharmacie","ABIDJAN",8,7,4,68617,68617,1.13686837721616e-13,9802.42857142857,17154.25,1.65683194720865e-18,1.75,0,13117.5,1.17391304347826,0.0106522874796592,0.228884194503148,0.142783034528552,1.55537667413916e-16,"Économique",0.228884194503148,0.142783034528552,1,1,1,0,0.114442097251574,0.0713915172642762,0.333333333333333,7.7768833706958e-17,0.155750084354755,15.5750084354755,0.329885683179096,0.885557902748426,0.844249915645245,0.757900263993288,75.7900263993288,"SURVEILLER (FAIBLE VOLUME)"
"PHARMACIE LES ELIAS","Pharmacie","ABIDJAN",5,5,5,43740,43740,0,8748,8748,0,1,0,13117.5,1.17391304347826,0.0106522874796592,0.204263557640158,0.0815903054448871,0,"Économique",0.204263557640158,0.0815903054448871,1,1,1,0,0.102131778820079,0.0407951527224436,0.333333333333333,0,0.142878079462757,14.2878079462757,0.267827980402831,0.897868221179921,0.857121920537243,0.755561652767432,75.5561652767432,"SURVEILLER (FAIBLE VOLUME)"
"PHARMACIE LES ELYSEES","Pharmacie","ABIDJAN",32,31,21,404095,396065,8030,13035.3225806452,19242.619047619,0.0202744499009001,1.47619047619048,0,13117.5,1.17391304347826,0.0106522874796592,0.304371440936176,0.120442831847214,1.90329541327294,"Économique",0.304371440936176,0.120442831847214,1,1,1,0,0.152185720468088,0.0602214159236072,0.333333333333333,0.951647706636471,0.258886911581156,25.8886911581156,0.598802395209581,0.847814279531912,0.741113088418844,0.755331426222219,75.5331426222219,"PRIVILÉGIER"
"PHARMACIE LES HORTENSIAS","Pharmacie","ABIDJAN",56,54,46,704444,666305,38139,13045.2592592593,15314,0.057239552457208,1.17391304347826,0.0178571428571429,13117.5,1.17391304347826,0.0106522874796592,0.302099097639892,0.0953478671947578,5.37345171790646,"Économique",0.302099097639892,0.0953478671947578,1,1,1,0,0.151049548819946,0.0476739335973789,0.333333333333333,1,0.259617044725197,25.9617044725197,0.691888949373979,0.848950451180054,0.740382955274802,0.774111152456738,77.4111152456738,"PRIVILÉGIER"
"PHARMACIE LES JARDINS D'EDEN","Pharmacie","ABIDJAN",160,148,81,2279775,2129575,150200,15403.8851351351,28145.3703703704,0.0705305049129521,1.82716049382716,0.00625,13117.5,1.17391304347826,0.0106522874796592,0.358592142171944,0.148695932934177,6.62116048291336,"Économique",0.358592142171944,0.148695932934177,1,1,1,0,0.179296071085972,0.0743479664670886,0.333333333333333,1,0.276093211265918,27.6093211265918,0.871529667936854,0.820703928914028,0.723906788734082,0.792150220646615,79.2150220646615,"PRIVILÉGIER"
"PHARMACIE LES LAUREATS","Pharmacie","ABIDJAN",21,20,18,370612,338930,31682,18530.6,20589.5555555556,0.0934765290768005,1.11111111111111,0.0476190476190476,13117.5,1.17391304347826,0.0106522874796592,0.423212151244706,0.0896181019854406,8.77525407151247,"Économique",0.423212151244706,0.0896181019854406,1,1,1,0,0.211606075622353,0.0448090509927203,0.333333333333333,1,0.276924537984522,27.6924537984522,0.57974959172564,0.788393924377647,0.723075462015478,0.720537672902378,72.0537672902378,"CONSERVER"
"PHARMACIE LES MIMOSAS","Pharmacie","ABIDJAN",91,83,45,1772635,1769740,2895,21357.0481927711,39391.8888888889,0.00163583351226734,1.84444444444444,0.032967032967033,13117.5,1.17391304347826,0.0106522874796592,0.490741294914188,0.148426224313056,0.153566406782675,"Économique",0.490741294914188,0.148426224313056,1,1,1,0,0.245370647457094,0.0742131121565278,0.333333333333333,0.0767832033913377,0.20355344822322,20.355344822322,0.837778987479586,0.754629352542906,0.79644655177678,0.787986159223792,78.7986159223792,"PRIVILÉGIER"
"PHARMACIE LES OLIVIERS","Pharmacie","ABIDJAN",8,8,8,60205,60205,0,7525.625,7525.625,0,1,0,13117.5,1.17391304347826,0.0106522874796592,0.175721414719446,0.0815903054448871,0,"Économique",0.175721414719446,0.0815903054448871,1,1,1,0,0.0878607073597231,0.0407951527224436,0.333333333333333,0,0.13859675802465,13.859675802465,0.311921611322809,0.912139292640277,0.86140324197535,0.771801336110813,77.1801336110813,"SURVEILLER (FAIBLE VOLUME)"
"PHARMACIE LES PERLES","Pharmacie","ABIDJAN",8,8,7,105605,105605,0,13200.625,15086.4285714286,0,1.14285714285714,0,13117.5,1.17391304347826,0.0106522874796592,0.308231210056426,0.0932460633655853,0,"Économique",0.308231210056426,0.0932460633655853,1,1,1,0,0.154115605028213,0.0466230316827926,0.333333333333333,0,0.160221591013302,16.0221591013302,0.383233532934132,0.845884394971787,0.839778408986698,0.75091182817022,75.091182817022,"SURVEILLER (FAIBLE VOLUME)"
"PHARMACIE LES PHALENES","Pharmacie","ABIDJAN",36,35,27,409462,397720,11742,11698.9142857143,15165.2592592593,0.0295232827114553,1.2962962962963,0.0277777777777778,13117.5,1.17391304347826,0.0106522874796592,0.269716947161311,0.104954946603288,2.77154393061873,"Économique",0.269716947161311,0.104954946603288,1,1,1,0,0.134858473580656,0.0524774733016438,0.333333333333333,1,0.25620078406469,25.620078406469,0.601524224278715,0.865141526419344,0.74379921593531,0.763881141797605,76.3881141797605,"PRIVILÉGIER"
"PHARMACIE LES ROSIERS","Pharmacie","ABIDJAN",55,54,27,912263,889530,22733,16893.7592592593,33787.5185185185,0.0255561925960901,2,0,13117.5,1.17391304347826,0.0106522874796592,0.394464948355357,0.163180610889774,2.39912719637827,"Économique",0.394464948355357,0.163180610889774,1,1,1,0,0.197232474177678,0.0815903054448871,0.333333333333333,1,0.28364683388677,28.364683388677,0.744692433315188,0.802767525822322,0.71635316611323,0.756586763437258,75.6586763437258,"PRIVILÉGIER"
"PHARMACIE LES TULIPES","Pharmacie","ABIDJAN",27,27,23,327250,321190,6060,12120.3703703704,14228.2608695652,0.0188673370901958,1.17391304347826,0.037037037037037,13117.5,1.17391304347826,0.0106522874796592,0.278391876518846,0.0949196910565106,1.77120051690527,"Économique",0.278391876518846,0.0949196910565106,1,1,1,0,0.139195938259423,0.0474598455282553,0.333333333333333,0.885600258452633,0.244556760981567,24.4556760981567,0.562874251497006,0.860804061740577,0.755443239018433,0.759073770603005,75.9073770603005,"PRIVILÉGIER"
"PHARMACIE LIBERTE DE BKE SARLU","Pharmacie","HORS-ABIDJAN",3,3,3,31425,27660,3765,10475,10475,0.136117136659436,1,0,13117.5,1.17391304347826,0.0106522874796592,0.244588564961209,0.0815903054448871,12.7782072084851,"Économique",0.244588564961209,0.0815903054448871,1,1,1,0,0.122294282480605,0.0407951527224436,0.333333333333333,1,0.248926830560914,24.8926830560914,0.223734349482852,0.877705717519395,0.751073169439086,0.696258424679963,69.6258424679963,"SURVEILLER (FAIBLE VOLUME)"
"PHARMACIE LILY MARIE","Pharmacie","ABIDJAN",29,27,24,384415,380905,3510,14237.5925925926,16017.2916666667,0.00921489610270277,1.125,0.0689655172413793,13117.5,1.17391304347826,0.0106522874796592,0.32177427027967,0.0902219157946916,0.865062656288507,"Économique",0.32177427027967,0.0902219157946916,1,1,1,0,0.160887135139835,0.0451109578973458,0.333333333333333,0.432531328144254,0.20505256072558,20.505256072558,0.585737615677735,0.839112864860165,0.79494743927442,0.770771644789381,77.0771644789381,"PRIVILÉGIER"
"PHARMACIE LIVIE D'AKOUEDO VILLAGE","Pharmacie","ABIDJAN",6,6,6,72365,72365,0,12060.8333333333,12060.8333333333,0,1,0,13117.5,1.17391304347826,0.0106522874796592,0.281617366800603,0.0815903054448871,0,"Économique",0.281617366800603,0.0815903054448871,1,1,1,0,0.140808683400302,0.0407951527224436,0.333333333333333,0,0.154481150836824,15.4481150836824,0.335873707131192,0.859191316599698,0.845518849163176,0.749058807731388,74.9058807731388,"SURVEILLER (FAIBLE VOLUME)"
"PHARMACIE LOBIA","Pharmacie","HORS-ABIDJAN",28,28,22,236230,220355,15875,8436.78571428571,10737.7272727273,0.0720428399627873,1.27272727272727,0,13117.5,1.17391304347826,0.0106522874796592,0.196996783841754,0.103842206929856,6.76313328009172,"Économique",0.196996783841754,0.103842206929856,1,1,1,0,0.098498391920877,0.0519211034649282,0.333333333333333,1,0.245125848615742,24.5125848615742,0.506260206859009,0.901501608079123,0.754874151384259,0.763802345157155,76.3802345157154,"PRIVILÉGIER"
"PHARMACIE LONGCHAMP","Pharmacie","ABIDJAN",249,239,141,4771006,4636807,134199,19962.3682008368,33836.9219858156,0.0289421146922872,1.69503546099291,0.0321285140562249,13117.5,1.17391304347826,0.0106522874796592,0.459234912853883,0.137283714892327,2.71698588191061,"Économique",0.459234912853883,0.137283714892327,1,1,1,0,0.229617456426941,0.0686418574461635,0.333333333333333,1,0.289477794161931,28.9477794161931,0.932498639085465,0.770382543573059,0.710522205838069,0.778861627581544,77.8861627581544,"PRIVILÉGIER"
"PHARMACIE LOUISE-ANTOINE - ADZOPE","Pharmacie","HORS-ABIDJAN",6,6,4,79500,79500,0,13250,19875,0,1.5,0,13117.5,1.17391304347826,0.0106522874796592,0.309384103650217,0.122385458167331,0,"Économique",0.309384103650217,0.122385458167331,1,1,1,0,0.154692051825108,0.0611927290836653,0.333333333333333,0,0.164765434272632,16.4765434272632,0.345127925966249,0.845307948174892,0.835234565727368,0.741242590754154,74.1242590754154,"SURVEILLER (FAIBLE VOLUME)"
"PHARMACIE LUMINANCE K","Pharmacie","ABIDJAN",2,2,2,36309,26280,10029,18154.5,18154.5,0.38162100456621,1,0.5,13117.5,1.17391304347826,0.0106522874796592,0.346375018478332,0.0738894347796492,35.8252633807457,"Économique",0.346375018478332,0.0738894347796492,1,1,1,0,0.173187509239166,0.0369447173898246,0.333333333333333,1,0.263039667988697,26.3039667988697,0.244420250408274,0.826812490760834,0.736960332011303,0.67439317919051,67.439317919051,"SURVEILLER (FAIBLE VOLUME)"
"PHARMACIE LYMANYA","Pharmacie","HORS-ABIDJAN",1,1,1,12450,12450,0,12450,12450,0,1,0,13117.5,1.17391304347826,0.0106522874796592,0.290704308712845,0.0815903054448871,0,"Économique",0.290704308712845,0.0815903054448871,1,1,1,0,0.145352154356423,0.0407951527224436,0.333333333333333,0,0.15584419212366,15.584419212366,0.100707675557975,0.854647845643577,0.84415580787634,0.699662996519562,69.9662996519562,"SURVEILLER (FAIBLE VOLUME)"
"PHARMACIE M'POUTO","Pharmacie","ABIDJAN",130,127,63,1475060,1457940,17120,11614.6456692913,23413.6507936508,0.0117425957172449,2.01587301587302,0.00769230769230769,13117.5,1.17391304347826,0.0106522874796592,0.270246427435589,0.163933302050526,1.10235437596551,"Économique",0.270246427435589,0.163933302050526,1,1,1,0,0.135123213717794,0.0819666510252629,0.333333333333333,0.551177187982754,0.220244678221193,22.0244678221193,0.81437125748503,0.864876786282206,0.779755321778807,0.820727094721411,82.0727094721411,"PRIVILÉGIER"
"PHARMACIE MAGNIFICAT","Pharmacie","ABIDJAN",6,6,3,59695,59695,0,9949.16666666667,19898.3333333333,0,2,0,13117.5,1.17391304347826,0.0106522874796592,0.232310491413833,0.163180610889774,0,"Économique",0.232310491413833,0.163180610889774,1,1,1,0,0.116155245706916,0.0815903054448871,0.333333333333333,0,0.159323665345541,15.9323665345541,0.309199782253674,0.883844754293084,0.840676334654459,0.751648392029752,75.1648392029752,"SURVEILLER (FAIBLE VOLUME)"
"PHARMACIE MAGNIFICAT DES II PLATEAUX","Pharmacie","ABIDJAN",209,204,110,3615939,3608864,7075,17725.1911764706,32872.1727272727,0.00196045071246797,1.85454545454545,0.0813397129186603,13117.5,1.17391304347826,0.0106522874796592,0.399840264068179,0.150457606999366,0.184040349663065,"Économique",0.399840264068179,0.150457606999366,1,1,1,0,0.19992013203409,0.0752288034996832,0.333333333333333,0.0920201748315327,0.191746698143285,19.1746698143285,0.914534567229178,0.80007986796591,0.808253301856715,0.826240181374886,82.6240181374886,"PRIVILÉGIER"
"PHARMACIE MAIRIE NORD","Pharmacie","HORS-ABIDJAN",4,4,1,69510,61980,7530,17377.5,69510,0.121490803484995,4,0,13117.5,1.17391304347826,0.0106522874796592,0.405760170655218,0.326361221779548,11.4051375084446,"Économique",0.405760170655218,0.326361221779548,1,1,1,0,0.202880085327609,0.163180610889774,0.333333333333333,1,0.309818208865215,30.9818208865215,0.332607512248231,0.797119914672391,0.690181791134785,0.661442184772516,66.1442184772517,"SURVEILLER (FAIBLE VOLUME)"
"PHARMACIE MALIKA (EX NOUVELLE PHARMACIE SAINTE MARIE)","Pharmacie","ABIDJAN",10,10,10,96517,96505,12,9651.7,9651.7,0.000124345888814051,1,0,13117.5,1.17391304347826,0.0106522874796592,0.225364720996287,0.0815903054448871,0.0116731630695748,"Économique",0.225364720996287,0.0815903054448871,1,1,1,0,0.112682360498143,0.0407951527224436,0.333333333333333,0.00583658153478738,0.146626912119655,14.6626912119655,0.372346216657594,0.887317639501857,0.853373087880345,0.7707455342844,77.07455342844,"SURVEILLER (FAIBLE VOLUME)"
"PHARMACIE MALON","Pharmacie","ABIDJAN",308,286,154,5402687,5374762,27925,18890.513986014,35082.3831168831,0.00519557889260957,1.85714285714286,0.00324675324675325,13117.5,1.17391304347826,0.0106522874796592,0.440399337471201,0.151320037290064,0.487743022569628,"Économique",0.440399337471201,0.151320037290064,1,1,1,0,0.2201996687356,0.0756600186450319,0.333333333333333,0.243871511284814,0.213145057342671,21.3145057342671,0.945019052803484,0.7798003312644,0.786854942657329,0.815665920129388,81.5665920129388,"PRIVILÉGIER"
"PHARMACIE MANZAN","Pharmacie","ABIDJAN",5,5,3,89515,74290,15225,17903,29838.3333333333,0.204940099609638,1.66666666666667,0,13117.5,1.17391304347826,0.0106522874796592,0.418030460954704,0.135983842408145,19.2390695426664,"Économique",0.418030460954704,0.135983842408145,1,1,1,0,0.209015230477352,0.0679919212040726,0.333333333333333,1,0.283102145504427,28.3102145504427,0.358192705498095,0.790984769522648,0.716897854495573,0.674791590706907,67.4791590706907,"SURVEILLER (FAIBLE VOLUME)"
"PHARMACIE MARCHE VALENTIN","Pharmacie","ABIDJAN",58,55,26,708862,678128,30734,12888.4,27263.9230769231,0.0453218271476771,2.11538461538462,0.0172413793103448,13117.5,1.17391304347826,0.0106522874796592,0.298511210336472,0.171222181563813,4.25465677998462,"Économique",0.298511210336472,0.171222181563813,1,1,1,0,0.149255605168236,0.0856110907819067,0.333333333333333,1,0.270460008785043,27.0460008785043,0.692977681001633,0.850744394831764,0.729539991214957,0.770709290619015,77.0709290619015,"PRIVILÉGIER"
"PHARMACIE MARIAMA D'ALLOKOI","Pharmacie","ABIDJAN",26,25,14,291013,289248,1765,11640.52,20786.6428571429,0.00610203009182432,1.78571428571429,0,13117.5,1.17391304347826,0.0106522874796592,0.271803158205466,0.145696974008727,0.572837534048561,"Économique",0.271803158205466,0.145696974008727,1,1,1,0,0.135901579102733,0.0728484870043635,0.333333333333333,0.28641876702428,0.191266896534557,19.1266896534557,0.540010887316277,0.864098420897267,0.808733103465443,0.777134787208339,77.7134787208339,"PRIVILÉGIER"
"PHARMACIE MARINA","Pharmacie","ABIDJAN",4,4,3,35310,35310,0,8827.5,11770,0,1.33333333333333,0,13117.5,1.17391304347826,0.0106522874796592,0.20611986226206,0.108787073926516,0,"Économique",0.20611986226206,0.108787073926516,1,1,1,0,0.10305993113103,0.0543935369632581,0.333333333333333,0,0.147236040428286,14.7236040428286,0.241154055525313,0.89694006886897,0.852763959571714,0.748112422481336,74.8112422481336,"SURVEILLER (FAIBLE VOLUME)"
"PHARMACIE MARTHE ROBIN","Pharmacie","ABIDJAN",74,70,48,781620,754403,27217,11166,16283.75,0.0360775341561473,1.45833333333333,0.0675675675675676,13117.5,1.17391304347826,0.0106522874796592,0.252644864679674,0.11745568555674,3.38683444518732,"Économique",0.252644864679674,0.11745568555674,1,1,1,0,0.126322432339837,0.0587278427783701,0.333333333333333,1,0.255515082535462,25.5515082535462,0.713119216113228,0.873677567660163,0.744484917464538,0.789888837272526,78.9888837272526,"PRIVILÉGIER"
"PHARMACIE MATENE","Pharmacie","ABIDJAN",34,32,22,485425,472695,12730,15169.53125,22064.7727272727,0.0269306846909741,1.45454545454545,0,13117.5,1.17391304347826,0.0106522874796592,0.354204666307563,0.118676807919836,2.52815977248069,"Économique",0.354204666307563,0.118676807919836,1,1,1,0,0.177102333153781,0.0593384039599179,0.333333333333333,1,0.27093222113411,27.093222113411,0.630375612411541,0.822897666846219,0.72906777886589,0.746861300767152,74.6861300767152,"CONSERVER"
"PHARMACIE MATHE","Pharmacie","HORS-ABIDJAN",11,10,6,118535,107745,10790,11853.5,19755.8333333333,0.100143858183674,1.66666666666667,0.0909090909090909,13117.5,1.17391304347826,0.0106522874796592,0.264917094190656,0.131418303107025,9.40115992690788,"Économique",0.264917094190656,0.131418303107025,1,1,1,0,0.132458547095328,0.0657091515535123,0.333333333333333,1,0.259450309594652,25.9450309594652,0.396842678279804,0.867541452904672,0.740549690405348,0.722604992979969,72.2604992979969,"SURVEILLER (FAIBLE VOLUME)"
"PHARMACIE MATY","Pharmacie","ABIDJAN",116,111,76,1618193,1488490,129703,14578.3153153153,21292.0131578947,0.0871373002169984,1.46052631578947,0,13117.5,1.17391304347826,0.0106522874796592,0.340399925778042,0.119164788215559,8.1801491354218,"Économique",0.340399925778042,0.119164788215559,1,1,1,0,0.170199962889021,0.0595823941077794,0.333333333333333,1,0.26893470709904,26.893470709904,0.829069134458356,0.829800037110979,0.73106529290096,0.790159958896447,79.0159958896447,"PRIVILÉGIER"
"PHARMACIE MAYESS","Pharmacie","HORS-ABIDJAN",48,47,27,396050,392475,3575,8426.59574468085,14668.5185185185,0.00910886043697051,1.74074074074074,0,13117.5,1.17391304347826,0.0106522874796592,0.196758850663458,0.142027568737396,0.855108393794677,"Économique",0.196758850663458,0.142027568737396,1,1,1,0,0.0983794253317289,0.071013784368698,0.333333333333333,0.427554196897339,0.193573382599862,19.3573382599862,0.594447468698966,0.901620574668271,0.806426617400138,0.802108370567157,80.2108370567157,"PRIVILÉGIER"
"PHARMACIE MERE DE GRACES","Pharmacie","ABIDJAN",1,1,1,20000,20000,0,20000,20000,0,1,0,13117.5,1.17391304347826,0.0106522874796592,0.46699487343429,0.0815903054448871,0,"Économique",0.46699487343429,0.0815903054448871,1,1,1,0,0.233497436717145,0.0407951527224436,0.333333333333333,0,0.182287776831876,18.2287776831876,0.170930865541644,0.766502563282855,0.817712223168124,0.66787208768872,66.787208768872,"SURVEILLER (FAIBLE VOLUME)"
"PHARMACIE MERE MARIA","Pharmacie","ABIDJAN",14,13,8,123813,115663,8150,9524.07692307692,15476.625,0.0704633288086942,1.625,0.214285714285714,13117.5,1.17391304347826,0.0106522874796592,0.208056002897109,0.126017383476296,6.61485422199183,"Économique",0.208056002897109,0.126017383476296,1,1,1,0,0.104028001448554,0.0630086917381482,0.333333333333333,1,0.250111007956011,25.0111007956011,0.403919433859554,0.895971998551446,0.749888992043989,0.739128283010085,73.9128283010085,"SURVEILLER (FAIBLE VOLUME)"
"PHARMACIE METRO PYRENEES","Pharmacie","ABIDJAN",1,1,1,44611,44611,-1.81898940354586e-12,44611,44611,-4.07744592935792e-17,1,0,13117.5,1.17391304347826,0.0106522874796592,1.04165541493885,0.0815903054448871,-3.82776557349199e-15,"Standard",1.04165541493885,0.0815903054448871,1,1,1,0,0.520827707469427,0.0407951527224436,0.333333333333333,-1.913882786746e-15,0.268486858057561,26.8486858057561,0.270549809471965,0.479172292530573,0.731513141942439,0.538384135683598,53.8384135683598,"SURVEILLER (FAIBLE VOLUME)"
"PHARMACIE METROPOLE","Pharmacie","ABIDJAN",5,5,5,67270,67270,0,13454,13454,0,1,0,13117.5,1.17391304347826,0.0106522874796592,0.314147451359247,0.0815903054448871,0,"Économique",0.314147451359247,0.0815903054448871,1,1,1,0,0.157073725679623,0.0407951527224436,0.333333333333333,0,0.15936066352062,15.936066352062,0.324986390854654,0.842926274320377,0.84063933647938,0.738423522490834,73.8423522490833,"SURVEILLER (FAIBLE VOLUME)"
"PHARMACIE MEYDEBA - ANYAMA","Pharmacie","ABIDJAN",12,12,11,129360,115438,13922,10780,11760,0.120601535023129,1.09090909090909,0.0833333333333333,13117.5,1.17391304347826,0.0106522874796592,0.24265802143326,0.0873523341637362,11.3216560530704,"Économique",0.24265802143326,0.0873523341637362,1,1,1,0,0.12132901071663,0.0436761670818681,0.333333333333333,1,0.249501553339549,24.9501553339549,0.412629286880784,0.87867098928337,0.75049844666045,0.734193631753685,73.4193631753685,"SURVEILLER (FAIBLE VOLUME)"
"PHARMACIE MICHEL ARCHANGE","Pharmacie","ABIDJAN",2,2,2,7515,7515,0,3757.5,3757.5,0,1,0,13117.5,1.17391304347826,0.0106522874796592,0.0877366618464672,0.0815903054448871,0,"Économique",0.0877366618464672,0.0815903054448871,1,1,1,0,0.0438683309232336,0.0407951527224436,0.333333333333333,0,0.125399045093703,12.5399045093703,0.050081654872074,0.956131669076766,0.874600954906297,0.74230938056764,74.230938056764,"SURVEILLER (FAIBLE VOLUME)"
"PHARMACIE MILIE-HEVIE","Pharmacie","ABIDJAN",28,28,21,386535,367180,19355,13804.8214285714,18406.4285714286,0.0527125660439022,1.33333333333333,0.0357142857142857,13117.5,1.17391304347826,0.0106522874796592,0.317266706656692,0.107717881217854,4.94847385076287,"Économique",0.317266706656692,0.107717881217854,1,1,1,0,0.158633353328346,0.0538589406089272,0.333333333333333,1,0.263747688181182,26.3747688181182,0.58845944474687,0.841366646671654,0.736252311818818,0.748739472345563,74.8739472345563,"CONSERVER"
"PHARMACIE MODERNE DE HIRE","Pharmacie","HORS-ABIDJAN",34,34,18,561864,559685,2179,16525.4117647059,31214.6666666667,0.00389326138810224,1.88888888888889,0,13117.5,1.17391304347826,0.0106522874796592,0.385864128775417,0.154115021395898,0.365485948021636,"Économique",0.385864128775417,0.154115021395898,1,1,1,0,0.192932064387709,0.077057510697949,0.333333333333333,0.182742974010818,0.199271169926779,19.9271169926779,0.652150244964616,0.807067935612291,0.800728830073221,0.773548755267128,77.3548755267128,"PRIVILÉGIER"
"PHARMACIE MODERNE DE MAN","Pharmacie","HORS-ABIDJAN",16,15,14,184157,165548,18609,12277.1333333333,13154.0714285714,0.112408485756397,1.07142857142857,0,13117.5,1.17391304347826,0.0106522874796592,0.286667916356795,0.0874181844052362,10.552520852544,"Économique",0.286667916356795,0.0874181844052362,1,1,1,0,0.143333958178397,0.0437090922026181,0.333333333333333,1,0.256112915114305,25.6112915114305,0.46053347849755,0.856666041821603,0.743887084885695,0.732327946382429,73.2327946382429,"SURVEILLER (FAIBLE VOLUME)"
"PHARMACIE MODERNE DE SEGUELA","Pharmacie","HORS-ABIDJAN",10,10,7,119775,119775,0,11977.5,17110.7142857143,0,1.42857142857143,0,13117.5,1.17391304347826,0.0106522874796592,0.27967155482796,0.116557579206982,0,"Économique",0.27967155482796,0.116557579206982,1,1,1,0,0.13983577741398,0.0582787896034908,0.333333333333333,0,0.159434370105241,15.9434370105241,0.398475775721285,0.86016422258602,0.840565629894759,0.759987096136569,75.9987096136569,"SURVEILLER (FAIBLE VOLUME)"
"PHARMACIE MODERNE KENNEDY","Pharmacie","HORS-ABIDJAN",38,37,30,577545,525651,51894,15609.3243243243,19251.5,0.0987232973969421,1.23333333333333,0,13117.5,1.17391304347826,0.0106522874796592,0.364473721861631,0.100628043382027,9.26780258094394,"Économique",0.364473721861631,0.100628043382027,1,1,1,0,0.182236860930815,0.0503140216910137,0.333333333333333,1,0.269765264786549,26.9765264786549,0.654327708219924,0.817763139069185,0.730234735213451,0.750064691357039,75.0064691357039,"PRIVILÉGIER"
"PHARMACIE MODERNE MAZUET","Pharmacie","ABIDJAN",259,248,65,3903839,3843840,59999,15741.2862903226,60059.0615384615,0.0156091304528805,3.81538461538462,0,13117.5,1.17391304347826,0.0106522874796592,0.367554999942106,0.311298396158954,1.465331318056,"Économique",0.367554999942106,0.311298396158954,1,1,1,0,0.183777499971053,0.155649198079477,0.333333333333333,0.732665659028002,0.275094575317959,27.5094575317959,0.920522591181274,0.816222500028947,0.724905424682041,0.80055568812065,80.055568812065,"PRIVILÉGIER"
"PHARMACIE MODERNE OUANGOLO","Pharmacie","HORS-ABIDJAN",7,7,5,92260,85530,6730,13180,18452,0.0786858412253011,1.4,0,13117.5,1.17391304347826,0.0106522874796592,0.307749621593197,0.114226427622842,7.38675532138555,"Économique",0.307749621593197,0.114226427622842,1,1,1,0,0.153874810796598,0.057113213811421,0.333333333333333,1,0.263296407382406,26.3296407382406,0.364725095264017,0.846125189203402,0.736703592617594,0.706076531781202,70.6076531781202,"SURVEILLER (FAIBLE VOLUME)"
"PHARMACIE MONT CARMEL","Pharmacie","ABIDJAN",50,48,32,695925,675545,20380,14498.4375,21747.65625,0.0301682345365594,1.5,0.02,13117.5,1.17391304347826,0.0106522874796592,0.335406761077662,0.121593417343515,2.83208978298477,"Économique",0.335406761077662,0.121593417343515,1,1,1,0,0.167703380538831,0.0607967086717574,0.333333333333333,1,0.268550026763177,26.8550026763177,0.689167120304845,0.832296619461169,0.731449973236823,0.763332061140166,76.3332061140166,"PRIVILÉGIER"
"PHARMACIE MOTTO","Pharmacie","ABIDJAN",8,8,8,105741,105316,425,13217.625,13217.625,0.00403547419195564,1,0,13117.5,1.17391304347826,0.0106522874796592,0.308628155698845,0.0815903054448871,0.37883639543727,"Économique",0.308628155698845,0.0815903054448871,1,1,1,0,0.154314077849423,0.0407951527224436,0.333333333333333,0.189418197718635,0.177474588943423,17.7474588943423,0.384866630375612,0.845685922150577,0.822525411056577,0.744257859357984,74.4257859357984,"SURVEILLER (FAIBLE VOLUME)"
"PHARMACIE MOYA","Pharmacie","HORS-ABIDJAN",43,41,33,622432,591285,31147,15181.2682926829,18861.5757575758,0.0526767971452007,1.24242424242424,0,13117.5,1.17391304347826,0.0106522874796592,0.354478723245673,0.101369773431526,4.94511598994943,"Économique",0.354478723245673,0.101369773431526,1,1,1,0,0.177239361622836,0.0506848867157632,0.333333333333333,1,0.26837727450158,26.837727450158,0.669569951007077,0.822760638377164,0.73162272549842,0.755667335751649,75.5667335751649,"PRIVILÉGIER"
"PHARMACIE N'GOHESSE","Pharmacie","ABIDJAN",14,11,7,195385,195385,0,17762.2727272727,27912.1428571429,0,1.57142857142857,0,13117.5,1.17391304347826,0.0106522874796592,0.414744515208903,0.12821333712768,0,"Économique",0.414744515208903,0.12821333712768,1,1,1,0,0.207372257604452,0.0641066685638399,0.333333333333333,0,0.181443677850487,18.1443677850487,0.470332063146434,0.792627742395548,0.818556322149513,0.738540038447311,73.8540038447311,"SURVEILLER (FAIBLE VOLUME)"
"PHARMACIE N. DAME DE LA PAIX","Pharmacie","ABIDJAN",10,10,10,108340,108340,0,10834,10834,0,1,0,13117.5,1.17391304347826,0.0106522874796592,0.252971122939355,0.0815903054448871,0,"Économique",0.252971122939355,0.0815903054448871,1,1,1,0,0.126485561469677,0.0407951527224436,0.333333333333333,0,0.150184214257636,15.0184214257636,0.388677191072401,0.873514438530323,0.849815785742364,0.767067527923555,76.7067527923555,"SURVEILLER (FAIBLE VOLUME)"
"PHARMACIE NABENOU","Pharmacie","HORS-ABIDJAN",10,8,6,150870,150870,0,18858.75,25145,0,1.33333333333333,0,13117.5,1.17391304347826,0.0106522874796592,0.440346978468945,0.108787073926516,0,"Économique",0.440346978468945,0.108787073926516,1,1,1,0,0.220173489234473,0.0543935369632581,0.333333333333333,0,0.182370107859319,18.2370107859319,0.432770821992379,0.779826510765527,0.817629892140681,0.725536725560959,72.5536725560959,"SURVEILLER (FAIBLE VOLUME)"
"PHARMACIE NANKOKO","Pharmacie","ABIDJAN",63,60,38,851461,810921,40540,14191.0166666667,22406.8684210526,0.049992539347236,1.57894736842105,0.142857142857143,13117.5,1.17391304347826,0.0106522874796592,0.310506713684337,0.127428816235221,4.69312712811198,"Économique",0.310506713684337,0.127428816235221,1,1,1,0,0.155253356842169,0.0637144081176107,0.333333333333333,1,0.265690329487934,26.5690329487934,0.728905824714208,0.844746643157831,0.734309670512066,0.777403690410801,77.7403690410801,"PRIVILÉGIER"
"PHARMACIE ND DE L'INCARNATION","Pharmacie","ABIDJAN",67,65,49,729306,716517,12789,11220.0923076923,14883.7959183673,0.0178488437817944,1.3265306122449,0.0447761194029851,13117.5,1.17391304347826,0.0106522874796592,0.258426725772471,0.107318980739634,1.67558787874222,"Économique",0.258426725772471,0.107318980739634,1,1,1,0,0.129213362886236,0.0536594903698172,0.333333333333333,0.83779393937111,0.238641249913927,23.8641249913927,0.699510070767556,0.870786637113764,0.761358750086073,0.792760169033446,79.2760169033446,"PRIVILÉGIER"
"PHARMACIE NIACADIE","Pharmacie","ABIDJAN",22,22,22,235428,230428,5000,10701.2727272727,10701.2727272727,0.0216987518877914,1,0.0454545454545455,13117.5,1.17391304347826,0.0106522874796592,0.244889007340965,0.0808245185562645,2.03700397020131,"Économique",0.244889007340965,0.0808245185562645,1,1,1,0,0.122444503670482,0.0404122592781322,0.333333333333333,1,0.248857028884584,24.8857028884584,0.505171475231355,0.877555496329518,0.751142971115416,0.752513682024244,75.2513682024244,"PRIVILÉGIER"
"PHARMACIE NIANGON LOKOA","Pharmacie","ABIDJAN",16,16,13,214811,212005,2806,13425.6875,16523.9230769231,0.0132355368977147,1.23076923076923,0.0625,13117.5,1.17391304347826,0.0106522874796592,0.304954256803744,0.0988341229361817,1.24250654359341,"Économique",0.304954256803744,0.0988341229361817,1,1,1,0,0.152477128401872,0.0494170614680909,0.333333333333333,0.621253271796705,0.222693584140659,22.2693584140659,0.488840500816549,0.847522871598128,0.777306415859341,0.747699815146297,74.7699815146297,"SURVEILLER (FAIBLE VOLUME)"
"PHARMACIE NIANGON NORD","Pharmacie","ABIDJAN",25,25,19,232461,232460,1,9298.44,12234.7894736842,4.30181536608449e-06,1.31578947368421,0,13117.5,1.17391304347826,0.0106522874796592,0.217116190546817,0.107355665059062,0.000403839586032476,"Économique",0.217116190546817,0.107355665059062,1,1,1,0,0.108558095273408,0.053677832529531,0.333333333333333,0.000201919793016238,0.148690970320183,14.8690970320183,0.503538377789875,0.891441904726592,0.851309029679817,0.797808049320538,79.7808049320538,"PRIVILÉGIER"
"PHARMACIE NIANGON SUD","Pharmacie","ABIDJAN",8,8,6,104940,92245,12695,13117.5,17490,0.137622635373191,1.33333333333333,0,13117.5,1.17391304347826,0.0106522874796592,0.306290262613715,0.108787073926516,12.9195382340164,"Économique",0.306290262613715,0.108787073926516,1,1,1,0,0.153145131306857,0.0543935369632581,0.333333333333333,1,0.262261600481035,26.2261600481035,0.381600435492651,0.846854868693143,0.737738399518965,0.710157394383373,71.0157394383373,"SURVEILLER (FAIBLE VOLUME)"
"PHARMACIE NIENEMA - TENGRELA","Pharmacie","HORS-ABIDJAN",5,4,3,40605,40605,0,10151.25,13535,0,1.33333333333333,0,13117.5,1.17391304347826,0.0106522874796592,0.237029085447492,0.108787073926516,0,"Économique",0.237029085447492,0.108787073926516,1,1,1,0,0.118514542723746,0.0543935369632581,0.333333333333333,0,0.151872423906101,15.1872423906101,0.2591181273816,0.881485457276254,0.848127576093899,0.743668838824381,74.3668838824381,"SURVEILLER (FAIBLE VOLUME)"
"PHARMACIE NIKIBEL","Pharmacie","ABIDJAN",97,97,55,1536562,1497157,39405,15840.8453608247,27937.4909090909,0.0263198849552853,1.76363636363636,0.0103092783505155,13117.5,1.17391304347826,0.0106522874796592,0.36818053325986,0.14335234226317,2.47082000045002,"Économique",0.36818053325986,0.14335234226317,1,1,1,0,0.18409026662993,0.071676171131585,0.333333333333333,1,0.276729931328454,27.6729931328454,0.818181818181818,0.81590973337007,0.723270068671546,0.77930828445301,77.930828445301,"PRIVILÉGIER"
"PHARMACIE NITORO","Pharmacie","HORS-ABIDJAN",142,138,62,1785418,1774132,11286,12937.8115942029,28797.064516129,0.00636142068346662,2.2258064516129,0.0140845070422535,13117.5,1.17391304347826,0.0106522874796592,0.30014731141754,0.18039128262022,0.597188227938264,"Économique",0.30014731141754,0.18039128262022,1,1,1,0,0.15007365570877,0.0901956413101099,0.333333333333333,0.298594113969132,0.201940200502577,20.1940200502577,0.840500816548721,0.84992634429123,0.798059799497423,0.827294620825206,82.7294620825206,"PRIVILÉGIER"
"PHARMACIE NOEMIE","Pharmacie","ABIDJAN",1,1,1,9450,9450,0,9450,9450,0,1,0,13117.5,1.17391304347826,0.0106522874796592,0.220655077697702,0.0815903054448871,0,"Économique",0.220655077697702,0.0815903054448871,1,1,1,0,0.110327538848851,0.0407951527224436,0.333333333333333,0,0.145336807471388,14.5336807471388,0.0675013609145346,0.889672461151149,0.854663192528612,0.711234533654811,71.1234533654811,"SURVEILLER (FAIBLE VOLUME)"
"PHARMACIE NORD SUD","Pharmacie","ABIDJAN",12,11,9,125892,109967,15925,11444.7272727273,13988,0.144816172124365,1.22222222222222,0,13117.5,1.17391304347826,0.0106522874796592,0.267231448210862,0.0997214844326398,13.5948426477313,"Économique",0.267231448210862,0.0997214844326398,1,1,1,0,0.133615724105431,0.0498607422163199,0.333333333333333,1,0.255042939896525,25.5042939896525,0.408274360370169,0.866384275894569,0.744957060103475,0.726191406473251,72.6191406473251,"SURVEILLER (FAIBLE VOLUME)"
"PHARMACIE NOTRE DAME D'AFRIQUE","Pharmacie","ABIDJAN",44,44,28,631375,611500,19875,14349.4318181818,22549.1071428571,0.0325020441537204,1.57142857142857,0.0227272727272727,13117.5,1.17391304347826,0.0106522874796592,0.331681054575061,0.127265919265842,3.05117977859534,"Économique",0.331681054575061,0.127265919265842,1,1,1,0,0.16584052728753,0.0636329596329209,0.333333333333333,1,0.268842046076135,26.8842046076135,0.671203048448557,0.83415947271247,0.731157953923865,0.760367580344245,76.0367580344245,"PRIVILÉGIER"
"PHARMACIE NOTRE DAME DE BONDOUKOU","Pharmacie","HORS-ABIDJAN",5,5,2,60561,60560,1,12112.2,30280.5,1.65125495376486e-05,2.5,0,13117.5,1.17391304347826,0.0106522874796592,0.28281676530054,0.203975763612218,0.00155014118509097,"Économique",0.28281676530054,0.203975763612218,1,1,1,0,0.14140838265027,0.101987881806109,0.333333333333333,0.000775070592545487,0.173096386396168,17.3096386396168,0.312465977136636,0.85859161734973,0.826903613603832,0.736691287808752,73.6691287808752,"SURVEILLER (FAIBLE VOLUME)"
"PHARMACIE NOTRE DAME DE FATIMA - ABOBO","Pharmacie","ABIDJAN",71,71,61,869817,862990,6827,12250.9436619718,14259.2950819672,0.00791086802859825,1.16393442622951,0,13117.5,1.17391304347826,0.0106522874796592,0.286056394243657,0.094965765353885,0.742644999367906,"Économique",0.286056394243657,0.094965765353885,1,1,1,0,0.143028197121829,0.0474828826769425,0.333333333333333,0.371322499683953,0.194285573908027,19.4285573908027,0.734893848666304,0.856971802878171,0.805714426091973,0.812053261321319,81.2053261321319,"PRIVILÉGIER"
"PHARMACIE NOTRE DAME DE FATIMA - YAMOUSSOUKRO","Pharmacie","HORS-ABIDJAN",36,36,31,462346,462345,1,12842.9444444444,14914.3870967742,2.16288702159643e-06,1.16129032258065,0,13117.5,1.17391304347826,0.0106522874796592,0.299879460767847,0.0947500321295463,0.000203044371993012,"Économique",0.299879460767847,0.0947500321295463,1,1,1,0,0.149939730383924,0.0473750160647732,0.333333333333333,0.000101522185996506,0.159204576153209,15.9204576153209,0.623298856831791,0.850060269616076,0.840795423846791,0.801002048751505,80.1002048751505,"PRIVILÉGIER"
"PHARMACIE NOTRE DAME DE L'ESPERANCE","Pharmacie","HORS-ABIDJAN",2,2,2,38060,25450,12610,19030,19030,0.495481335952849,1,0,13117.5,1.17391304347826,0.0106522874796592,0.444345622072727,0.0815903054448871,46.5140784924349,"Économique",0.444345622072727,0.0815903054448871,1,1,1,0,0.222172811036363,0.0407951527224436,0.333333333333333,1,0.278890389127642,27.8890389127642,0.250952640174197,0.777827188963637,0.721109610872358,0.649765247969237,64.9765247969237,"SURVEILLER (FAIBLE VOLUME)"
"PHARMACIE NOTRE DAME DE L'IMMACULEE CONCEPTION","Pharmacie","HORS-ABIDJAN",9,9,8,108710,108710,0,12078.8888888889,13588.75,0,1.125,0,13117.5,1.17391304347826,0.0106522874796592,0.282038959394676,0.091789093625498,0,"Économique",0.282038959394676,0.091789093625498,1,1,1,0,0.141019479697338,0.045894546812749,0.333333333333333,0,0.156074207953026,15.6074207953026,0.389221556886228,0.858980520302662,0.843925792046974,0.7590068363171,75.90068363171,"SURVEILLER (FAIBLE VOLUME)"
"PHARMACIE NOTRE DAME DE L'INCARNATION","Pharmacie","ABIDJAN",2,2,1,32678,29647,3031,16339,32678,0.10223631396094,2,0,13117.5,1.17391304347826,0.0106522874796592,0.381511461852143,0.163180610889774,9.59759245665903,"Économique",0.381511461852143,0.163180610889774,1,1,1,0,0.190755730926071,0.0815903054448871,0.333333333333333,1,0.281703810911288,28.1703810911288,0.230266739248775,0.809244269073929,0.718296189088712,0.657069531114811,65.7069531114811,"SURVEILLER (FAIBLE VOLUME)"
"PHARMACIE NOTRE DAME DE LA NATIVITE","Pharmacie","ABIDJAN",40,38,26,532486,517885,14601,14012.7894736842,20480.2307692308,0.0281935178659355,1.46153846153846,0.05,13117.5,1.17391304347826,0.0106522874796592,0.319663550852874,0.117365520986716,2.64671019438517,"Économique",0.319663550852874,0.117365520986716,1,1,1,0,0.159831775426437,0.0586827604933579,0.333333333333333,1,0.265554360775939,26.5554360775939,0.641262928688078,0.840168224573563,0.734445639224061,0.758098131256665,75.8098131256665,"PRIVILÉGIER"
"PHARMACIE NOTRE DAME DE LA PAIX","Pharmacie","HORS-ABIDJAN",18,14,13,221900,206135,15765,15850,17069.2307692308,0.0764790064763383,1.07692307692308,0,13117.5,1.17391304347826,0.0106522874796592,0.370093437196675,0.0878664827868015,7.17958528835961,"Économique",0.370093437196675,0.0878664827868015,1,1,1,0,0.185046718598337,0.0439332413934008,0.333333333333333,1,0.268693987997521,26.8693987997521,0.492651061513337,0.814953281401663,0.731306012002479,0.717033929664324,71.7033929664324,"SURVEILLER (FAIBLE VOLUME)"
"PHARMACIE NOTRE DAME DE LA PIETE","Pharmacie","ABIDJAN",10,10,9,90140,90140,0,9014,10015.5555555556,0,1.11111111111111,0,13117.5,1.17391304347826,0.0106522874796592,0.210474589456834,0.0906558949387635,0,"Économique",0.210474589456834,0.0906558949387635,1,1,1,0,0.105237294728417,0.0453279474693817,0.333333333333333,0,0.14516957265934,14.516957265934,0.362003266194883,0.894762705271583,0.85483042734066,0.772237906283874,77.2237906283874,"SURVEILLER (FAIBLE VOLUME)"
"PHARMACIE NOTRE DAME DE LA SANTE","Pharmacie","HORS-ABIDJAN",4,4,3,79166,79166,-1.64845914696343e-12,19791.5,26388.6666666667,-2.08228172064198e-17,1.33333333333333,0,13117.5,1.17391304347826,0.0106522874796592,0.462126451878737,0.108787073926516,-1.95477424414066e-15,"Économique",0.462126451878737,0.108787073926516,1,1,1,0,0.231063225939369,0.0543935369632581,0.333333333333333,-9.77387122070332e-16,0.185637028870788,18.5637028870788,0.343494828524769,0.768936774060631,0.814362971129212,0.702018863780891,70.2018863780891,"SURVEILLER (FAIBLE VOLUME)"
"PHARMACIE NOTRE DAME DU GRAND SIGNE","Pharmacie","ABIDJAN",9,8,8,93360,90730,2630,11670,11670,0.0289871045960542,1,0.111111111111111,13117.5,1.17391304347826,0.0106522874796592,0.25805180169405,0.0795184223408387,2.7212093788687,"Économique",0.25805180169405,0.0795184223408387,1,1,1,0,0.129025900847025,0.0397592111704194,0.333333333333333,1,0.250635533605233,25.0635533605233,0.367991290146979,0.870974099152975,0.749364466394767,0.721733684248492,72.1733684248492,"SURVEILLER (FAIBLE VOLUME)"
"PHARMACIE NOUR - KORHOGO","Pharmacie","HORS-ABIDJAN",22,21,17,284372,263300,21072,13541.5238095238,16727.7647058824,0.0800303835928599,1.23529411764706,0,13117.5,1.17391304347826,0.0106522874796592,0.3161911098768,0.100788024373096,7.51297632040817,"Économique",0.3161911098768,0.100788024373096,1,1,1,0,0.1580955549384,0.0503940121865479,0.333333333333333,1,0.262546870137484,26.2546870137484,0.532934131736527,0.8419044450616,0.737453129862516,0.738329856316952,73.8329856316952,"CONSERVER"
"PHARMACIE NOURAM","Pharmacie","ABIDJAN",5,5,3,58705,58705,0,11741,19568.3333333333,0,1.66666666666667,0,13117.5,1.17391304347826,0.0106522874796592,0.2741493404496,0.135983842408145,0,"Économique",0.2741493404496,0.135983842408145,1,1,1,0,0.1370746702248,0.0679919212040726,0.333333333333333,0,0.161519977428662,16.1519977428662,0.30647795318454,0.8629253297752,0.838480022571338,0.741857731575523,74.1857731575523,"SURVEILLER (FAIBLE VOLUME)"
"PHARMACIE NOUVEAU QUARTIER","Pharmacie","ABIDJAN",29,29,22,390145,362500,27645,13453.275862069,17733.8636363636,0.0762620689655172,1.31818181818182,0,13117.5,1.17391304347826,0.0106522874796592,0.314130542924174,0.107550857177351,7.15921994324146,"Économique",0.314130542924174,0.107550857177351,1,1,1,0,0.157065271462087,0.0537754285886756,0.333333333333333,1,0.263252210015229,26.3252210015229,0.591181273816004,0.842934728537913,0.736747789984771,0.750109262172275,75.0109262172275,"PRIVILÉGIER"
"PHARMACIE NOUVELLE DE SEGUELA","Pharmacie","HORS-ABIDJAN",4,4,2,52560,52560,0,13140,26280,0,2,0,13117.5,1.17391304347826,0.0106522874796592,0.306815631846328,0.163180610889774,0,"Économique",0.306815631846328,0.163180610889774,1,1,1,0,0.153407815923164,0.0815903054448871,0.333333333333333,0,0.170499436410415,17.0499436410415,0.292324442025041,0.846592184076836,0.829500563589585,0.728901987471576,72.8901987471576,"SURVEILLER (FAIBLE VOLUME)"
"PHARMACIE NOUVELLE FLOREL","Pharmacie","HORS-ABIDJAN",32,31,14,344500,335650,8850,11112.9032258065,24607.1428571429,0.026366751079994,2.21428571428571,0,13117.5,1.17391304347826,0.0106522874796592,0.25948344177115,0.180664247770821,2.47521963055748,"Économique",0.25948344177115,0.180664247770821,1,1,1,0,0.129741720885575,0.0903321238854107,0.333333333333333,1,0.266022153431296,26.6022153431296,0.569951007076756,0.870258279114425,0.733977846568704,0.755684651688603,75.5684651688603,"PRIVILÉGIER"
"PHARMACIE NOUVELLE PERGOLA","Pharmacie","ABIDJAN",18,18,17,230840,219980,10860,12824.4444444444,13578.8235294118,0.0493681243749432,1.05882352941176,0,13117.5,1.17391304347826,0.0106522874796592,0.299447490509921,0.0863897351769393,4.63450920463918,"Économique",0.299447490509921,0.0863897351769393,1,1,1,0,0.14972374525496,0.0431948675884697,0.333333333333333,1,0.257875583853029,25.7875583853029,0.502449646162221,0.85027625474504,0.742124416146971,0.737450197589248,73.7450197589248,"SURVEILLER (FAIBLE VOLUME)"
"PHARMACIE NOUVELLE VIE","Pharmacie","ABIDJAN",23,23,11,456968,440565,16403,19868.1739130435,41542.5454545455,0.0372317365201503,2.09090909090909,0,13117.5,1.17391304347826,0.0106522874796592,0.46391676809461,0.170597911384764,3.49518698131695,"Économique",0.46391676809461,0.170597911384764,1,1,1,0,0.231958384047305,0.085298955692382,0.333333333333333,1,0.295177201921906,29.5177201921906,0.622210125204137,0.768041615952695,0.704822798078094,0.713587790653143,71.3587790653143,"CONSERVER"
"PHARMACIE NOWOLAU (EX GRANDE PHARMACIE MAHANDIANA)","Pharmacie","ABIDJAN",3,3,3,55760,55760,0,18586.6666666667,18586.6666666667,0,1,0,13117.5,1.17391304347826,0.0106522874796592,0.433993902378266,0.0815903054448871,0,"Économique",0.433993902378266,0.0815903054448871,1,1,1,0,0.216996951189133,0.0407951527224436,0.333333333333333,0,0.177337631173473,17.7337631173473,0.301034295046271,0.783003048810867,0.822662368826527,0.702473026064212,70.2473026064212,"SURVEILLER (FAIBLE VOLUME)"
"PHARMACIE NVELLE NISSI","Pharmacie","ABIDJAN",229,225,139,3137545,2925392,212153,13944.6444444444,22572.2661870504,0.0725212210876354,1.61870503597122,0,13117.5,1.17391304347826,0.0106522874796592,0.325603873370975,0.132070638310069,6.80804204975848,"Économique",0.325603873370975,0.132070638310069,1,1,1,0,0.162801936685488,0.0660353191550345,0.333333333333333,1,0.268651176752157,26.8651176752157,0.904735982580294,0.837198063314512,0.731348823247843,0.808365951141001,80.8365951141001,"PRIVILÉGIER"
"PHARMACIE NVELLE PHCIE DE JACQUEVILLES","Pharmacie","HORS-ABIDJAN",2,2,2,41460,37435,4025,20730,20730,0.107519700814746,1,0,13117.5,1.17391304347826,0.0106522874796592,0.484040186314641,0.0815903054448871,10.0935785877031,"Économique",0.484040186314641,0.0815903054448871,1,1,1,0,0.242020093157321,0.0407951527224436,0.333333333333333,1,0.284844573763929,28.4844573763929,0.260751224823081,0.75797990684268,0.715155426236071,0.641404378196116,64.1404378196116,"SURVEILLER (FAIBLE VOLUME)"
"PHARMACIE NVELLE PHCIE DE LA ME","Pharmacie","ABIDJAN",157,153,79,2282070,2185625,96445,14915.4901960784,28886.9620253165,0.0441269659708321,1.93670886075949,0,13117.5,1.17391304347826,0.0106522874796592,0.348272872816402,0.158016667507186,4.1424873347714,"Économique",0.348272872816402,0.158016667507186,1,1,1,0,0.174136436408201,0.0790083337535932,0.333333333333333,1,0.275943431048538,27.5943431048538,0.87207403375068,0.825863563591799,0.724056568951462,0.79438285976744,79.438285976744,"PRIVILÉGIER"
"PHARMACIE NVELLE PHCIE DES HIBISCUS","Pharmacie","ABIDJAN",1,1,1,7750,7750,0,7750,7750,0,1,0,13117.5,1.17391304347826,0.0106522874796592,0.180960513455787,0.0815903054448871,0,"Économique",0.180960513455787,0.0815903054448871,1,1,1,0,0.0904802567278936,0.0407951527224436,0.333333333333333,0,0.139382622835101,13.9382622835101,0.0544365813826892,0.909519743272106,0.860617377164899,0.71894216445134,71.894216445134,"SURVEILLER (FAIBLE VOLUME)"
"PHARMACIE NVELLE PHCIE MIRIA","Pharmacie","ABIDJAN",33,32,29,483950,477590,6360,15123.4375,16687.9310344828,0.0133168617433363,1.10344827586207,0,13117.5,1.17391304347826,0.0106522874796592,0.353128389060194,0.0900306818702203,1.25014103954341,"Économique",0.353128389060194,0.0900306818702203,1,1,1,0,0.176564194530097,0.0450153409351101,0.333333333333333,0.625070519771703,0.228980912616733,22.8980912616733,0.629831246597714,0.823435805469903,0.771019087383267,0.763748206460811,76.3748206460811,"PRIVILÉGIER"
"PHARMACIE NVELLE PHCIE TOIT ROUGE","Pharmacie","ABIDJAN",281,268,174,3556004,3477339,78665,13268.671641791,20436.8045977011,0.022622183226887,1.54022988505747,0.00355871886120996,13117.5,1.17391304347826,0.0106522874796592,0.30930343765991,0.12551746329107,2.12369251863364,"Économique",0.30930343765991,0.12551746329107,1,1,1,0,0.154651718829955,0.0627587316455348,0.333333333333333,1,0.265223135142647,26.5223135142647,0.912901469787697,0.845348281170045,0.734776864857353,0.814630352368499,81.4630352368499,"PRIVILÉGIER"
"PHARMACIE ODELIA","Pharmacie","HORS-ABIDJAN",47,46,21,678082,639862,38220,14740.9130434783,32289.619047619,0.0597316296326395,2.19047619047619,0,13117.5,1.17391304347826,0.0106522874796592,0.34419654105225,0.178721621450705,5.60739932589114,"Économique",0.34419654105225,0.178721621450705,1,1,1,0,0.172098270526125,0.0893608107253526,0.333333333333333,1,0.278437724375443,27.8437724375443,0.684267827980403,0.827901729473875,0.721562275624557,0.756639167635453,75.6639167635453,"PRIVILÉGIER"
"PHARMACIE OLYMPIQUE - N'DOTRE","Pharmacie","ABIDJAN",24,24,24,288271,288270,1,12011.2916666667,12011.2916666667,3.46897006278836e-06,1,0,13117.5,1.17391304347826,0.0106522874796592,0.280460581582867,0.0815903054448871,0.00032565494213449,"Économique",0.280460581582867,0.0815903054448871,1,1,1,0,0.140230290791433,0.0407951527224436,0.333333333333333,0.000162827471067245,0.15432391580127,15.432391580127,0.537289058247142,0.859769709208567,0.84567608419873,0.789636129012347,78.9636129012347,"PRIVILÉGIER"
"PHARMACIE ORCHID","Pharmacie","ABIDJAN",56,55,42,714180,701445,12735,12985.0909090909,17004.2857142857,0.0181553792528281,1.30952380952381,0.0178571428571429,13117.5,1.17391304347826,0.0106522874796592,0.300750690822898,0.106316804697416,1.70436437126732,"Économique",0.300750690822898,0.106316804697416,1,1,1,0,0.150375345411449,0.0531584023487081,0.333333333333333,0.852182185633662,0.246278342891413,24.6278342891413,0.695155144256941,0.849624654588551,0.753721657108587,0.780369553530243,78.0369553530243,"PRIVILÉGIER"
"PHARMACIE PALAIS DE JUSTICE KORHOGO","Pharmacie","HORS-ABIDJAN",53,50,41,571395,571395,0,11427.9,13936.4634146341,0,1.21951219512195,0.0377358490566038,13117.5,1.17391304347826,0.0106522874796592,0.262144544344195,0.0989970735941358,0,"Économique",0.262144544344195,0.0989970735941358,1,1,1,0,0.131072272172098,0.0494985367970679,0.333333333333333,0,0.15417124269075,15.417124269075,0.65323897659227,0.868927727827902,0.84582875730925,0.816550389373315,81.6550389373315,"PRIVILÉGIER"
"PHARMACIE PALM CLUB","Pharmacie","ABIDJAN",2,2,2,22355,22355,0,11177.5,11177.5,0,1,0,13117.5,1.17391304347826,0.0106522874796592,0.260991759890589,0.0815903054448871,0,"Économique",0.260991759890589,0.0815903054448871,1,1,1,0,0.130495879945294,0.0407951527224436,0.333333333333333,0,0.151387309800321,15.1387309800321,0.181818181818182,0.869504120054706,0.848612690199679,0.72361036046539,72.361036046539,"SURVEILLER (FAIBLE VOLUME)"
"PHARMACIE PENIEL - YOPOUGON","Pharmacie","ABIDJAN",12,12,8,162325,154885,7440,13527.0833333333,20290.625,0.0480356393453207,1.5,0,13117.5,1.17391304347826,0.0106522874796592,0.315853928459254,0.122385458167331,4.50942010690624,"Économique",0.315853928459254,0.122385458167331,1,1,1,0,0.157926964229627,0.0611927290836653,0.333333333333333,1,0.265735907993988,26.5735907993988,0.444202504082744,0.842073035770373,0.734264092006012,0.719375351927103,71.9375351927103,"SURVEILLER (FAIBLE VOLUME)"
"PHARMACIE PLACE DE LA REPUBLIQUE","Pharmacie","ABIDJAN",2,2,2,17785,14190,3595,8892.5,8892.5,0.253347427766032,1,0,13117.5,1.17391304347826,0.0106522874796592,0.207637595600721,0.0815903054448871,23.7833825128928,"Économique",0.207637595600721,0.0815903054448871,1,1,1,0,0.10381879780036,0.0407951527224436,0.333333333333333,1,0.243384185156841,24.3384185156841,0.15405552531301,0.89618120219964,0.756615814843159,0.691929911879722,69.1929911879722,"SURVEILLER (FAIBLE VOLUME)"
"PHARMACIE PLAQUE ANADOR","Pharmacie","ABIDJAN",5,4,3,52035,52035,0,13008.75,17345,0,1.33333333333333,0,13117.5,1.17391304347826,0.0106522874796592,0.303750977989416,0.108787073926516,0,"Économique",0.303750977989416,0.108787073926516,1,1,1,0,0.151875488994708,0.0543935369632581,0.333333333333333,0,0.16188070778739,16.188070778739,0.289602612955906,0.848124511005292,0.83811929221261,0.732418043878342,73.2418043878342,"SURVEILLER (FAIBLE VOLUME)"
"PHARMACIE PONT DE LIANES","Pharmacie","HORS-ABIDJAN",2,2,2,13296,13296,-2.27373675443232e-13,6648,6648,-1.71009082012058e-17,1,0,13117.5,1.17391304347826,0.0106522874796592,0.155229095929558,0.0815903054448871,-1.60537426668783e-15,"Économique",0.155229095929558,0.0815903054448871,1,1,1,0,0.0776145479647789,0.0407951527224436,0.333333333333333,-8.02687133343914e-16,0.135522910206167,13.5522910206167,0.107784431137725,0.922385452035221,0.864477089793833,0.736301902959167,73.6301902959167,"SURVEILLER (FAIBLE VOLUME)"
"PHARMACIE PONT DE LIANES - DANANE","Pharmacie","HORS-ABIDJAN",44,42,34,632070,619846,12224,15049.2857142857,18590.2941176471,0.0197210274810195,1.23529411764706,0,13117.5,1.17391304347826,0.0106522874796592,0.351396963870966,0.100788024373096,1.85134202570831,"Économique",0.351396963870966,0.100788024373096,1,1,1,0,0.175698481935483,0.0503940121865479,0.333333333333333,0.925671012854155,0.260394849522025,26.0394849522025,0.671747414262384,0.824301518064517,0.739605150477975,0.759912150269474,75.9912150269474,"PRIVILÉGIER"
"PHARMACIE PORT BOUET II","Pharmacie","ABIDJAN",71,69,47,813130,805881,7249,11784.4927536232,17300.6382978723,0.00899512459035515,1.46808510638298,0,13117.5,1.17391304347826,0.0106522874796592,0.275164885098278,0.119781512248877,0.844431264883865,"Économique",0.275164885098278,0.119781512248877,1,1,1,0,0.137582442549139,0.0598907561244384,0.333333333333333,0.422215632441932,0.201463522846266,20.1463522846266,0.719651605879151,0.862417557450861,0.798536477153734,0.808311935017668,80.8311935017668,"PRIVILÉGIER"
"PHARMACIE PRINCIPALE - FERKE","Pharmacie","HORS-ABIDJAN",2,2,2,15095,15095,0,7547.5,7547.5,0,1,0,13117.5,1.17391304347826,0.0106522874796592,0.176232190362265,0.0815903054448871,0,"Économique",0.176232190362265,0.0815903054448871,1,1,1,0,0.0881160951811325,0.0407951527224436,0.333333333333333,0,0.138673374371073,13.8673374371073,0.131736526946108,0.911883904818867,0.861326625628927,0.73563151756834,73.563151756834,"SURVEILLER (FAIBLE VOLUME)"
"PHARMACIE PRINCIPALE DE DALOA","Pharmacie","HORS-ABIDJAN",3,3,3,33610,33610,0,11203.3333333333,11203.3333333333,0,1,0,13117.5,1.17391304347826,0.0106522874796592,0.261594961602108,0.0815903054448871,0,"Économique",0.261594961602108,0.0815903054448871,1,1,1,0,0.130797480801054,0.0407951527224436,0.333333333333333,0,0.151477790057049,15.1477790057049,0.23298856831791,0.869202519198946,0.848522209942951,0.733687605320341,73.3687605320341,"SURVEILLER (FAIBLE VOLUME)"
"PHARMACIE PRINCIPALE DE SIKENSI","Pharmacie","HORS-ABIDJAN",14,14,10,193300,190820,2480,13807.1428571429,19330,0.0129965412430563,1.4,0,13117.5,1.17391304347826,0.0106522874796592,0.322393246553029,0.114226427622842,1.22007045602867,"Économique",0.322393246553029,0.114226427622842,1,1,1,0,0.161196623276515,0.057113213811421,0.333333333333333,0.610035228014336,0.226496473927814,22.6496473927814,0.4676102340773,0.838803376723485,0.773503526072186,0.738444807933728,73.8444807933729,"SURVEILLER (FAIBLE VOLUME)"
"PHARMACIE PRINCIPALE KORHOGO","Pharmacie","HORS-ABIDJAN",49,47,36,564674,559284,5390,12014.3404255319,15685.3888888889,0.00963732200456298,1.30555555555556,0.0204081632653061,13117.5,1.17391304347826,0.0106522874796592,0.277885044518566,0.10590746328105,0.904718542657218,"Économique",0.277885044518566,0.10590746328105,1,1,1,0,0.138942522259283,0.0529537316405248,0.333333333333333,0.452359271328609,0.202804803302803,20.2804803302803,0.652694610778443,0.861057477740717,0.797195196697197,0.793839991930854,79.3839991930854,"PRIVILÉGIER"
"PHARMACIE PRINCIPALE SIKENSI","Pharmacie","HORS-ABIDJAN",2,2,2,20695,20695,0,10347.5,10347.5,0,1,0,13117.5,1.17391304347826,0.0106522874796592,0.241611472643066,0.0815903054448871,0,"Économique",0.241611472643066,0.0815903054448871,1,1,1,0,0.120805736321533,0.0407951527224436,0.333333333333333,0,0.148480266713193,14.8480266713193,0.174197060424605,0.879194263678467,0.851519733286807,0.727125010871031,72.7125010871031,"SURVEILLER (FAIBLE VOLUME)"
"PHARMACIE PROVIDENCE - BOUAFLE","Pharmacie","HORS-ABIDJAN",18,17,12,184445,182275,2170,10849.7058823529,15370.4166666667,0.0119050884652311,1.41666666666667,0,13117.5,1.17391304347826,0.0106522874796592,0.253337851266434,0.115586266046923,1.11760863457395,"Économique",0.253337851266434,0.115586266046923,1,1,1,0,0.126668925633217,0.0577931330234617,0.333333333333333,0.558804317286977,0.211219049325701,21.1219049325701,0.461077844311377,0.873331074366783,0.788780950674299,0.757060378878708,75.7060378878708,"SURVEILLER (FAIBLE VOLUME)"
"PHARMACIE PROVIDENCE - SOUBRE","Pharmacie","HORS-ABIDJAN",2,2,2,31565,31565,0,15782.5,15782.5,0,1,0,13117.5,1.17391304347826,0.0106522874796592,0.368517329498834,0.0815903054448871,0,"Économique",0.368517329498834,0.0815903054448871,1,1,1,0,0.184258664749417,0.0407951527224436,0.333333333333333,0,0.167516145241558,16.7516145241558,0.224823081110506,0.815741335250583,0.832483854758442,0.704254692225711,70.4254692225711,"SURVEILLER (FAIBLE VOLUME)"
"PHARMACIE PROVIDENCE NOUVELLE","Pharmacie","HORS-ABIDJAN",85,82,56,1097254,1062995,34259,13381.1463414634,19593.8214285714,0.0322287499000466,1.46428571428571,0,13117.5,1.17391304347826,0.0106522874796592,0.312446337106871,0.119471518687156,3.0255238568794,"Économique",0.312446337106871,0.119471518687156,1,1,1,0,0.156223168553435,0.0597357593435781,0.333333333333333,1,0.264787678369104,26.4787678369104,0.773543821448013,0.843776831446565,0.735212321630896,0.786304425520587,78.6304425520587,"PRIVILÉGIER"
"PHARMACIE PROXIMITE","Pharmacie","HORS-ABIDJAN",5,5,1,42190,42190,0,8438,42190,0,5,0,13117.5,1.17391304347826,0.0106522874796592,0.197025137101927,0.407951527224436,0,"Économique",0.197025137101927,0.407951527224436,1,1,1,0,0.0985125685509634,0.203975763612218,0.333333333333333,0,0.190746499648954,19.0746499648954,0.262928688078389,0.901487431449037,0.809253500351046,0.736882110335711,73.6882110335711,"SURVEILLER (FAIBLE VOLUME)"
"PHARMACIE PTT","Pharmacie","ABIDJAN",381,368,183,13264663,13232063,32600,36045.2798913043,72484.4972677596,0.00246371257452447,2.01092896174863,0.0918635170603675,13117.5,1.17391304347826,0.0106522874796592,0.808220652587405,0.162774469518292,0.231284837104612,"Économique",0.808220652587405,0.162774469518292,1,1,1,0,0.404110326293702,0.081387234759146,0.333333333333333,0.115642418552306,0.257213510171085,25.7213510171085,0.984757757212847,0.595889673706298,0.742786489828915,0.732422016856654,73.2422016856654,"CONSERVER"
"PHARMACIE QUARTIER DIVO","Pharmacie","ABIDJAN",2,2,2,38480,38480,0,19240,19240,0,1,0.5,13117.5,1.17391304347826,0.0106522874796592,0.367085590653729,0.0738894347796492,0,"Économique",0.367085590653729,0.0738894347796492,1,1,1,0,0.183542795326864,0.0369447173898246,0.333333333333333,0,0.166146253815007,16.6146253815007,0.253130103429505,0.816457204673136,0.833853746184993,0.710750401029153,71.0750401029153,"SURVEILLER (FAIBLE VOLUME)"
"PHARMACIE QUARTIER HUBERSON","Pharmacie","HORS-ABIDJAN",2,2,2,31460,31460,0,15730,15730,0,1,0,13117.5,1.17391304347826,0.0106522874796592,0.367291467956069,0.0815903054448871,0,"Économique",0.367291467956069,0.0815903054448871,1,1,1,0,0.183645733978034,0.0407951527224436,0.333333333333333,0,0.167332266010143,16.7332266010143,0.224278715296679,0.816354266021966,0.832667733989857,0.704464543064065,70.4464543064065,"SURVEILLER (FAIBLE VOLUME)"
"PHARMACIE RACINES","Pharmacie","ABIDJAN",13,13,11,138395,129025,9370,10645.7692307692,12581.3636363636,0.0726215849641542,1.18181818181818,0,13117.5,1.17391304347826,0.0106522874796592,0.248575982726687,0.0964249064348666,6.81746386424766,"Économique",0.248575982726687,0.0964249064348666,1,1,1,0,0.124287991363343,0.0482124532174333,0.333333333333333,1,0.251750133374233,25.1750133374233,0.420794774088187,0.875712008636657,0.748249866625767,0.733743704922607,73.3743704922607,"SURVEILLER (FAIBLE VOLUME)"
"PHARMACIE RD POINT - ATTECOUBE","Pharmacie","ABIDJAN",1,1,1,32170,21830,10340,32170,32170,0.473660100778745,1,0,13117.5,1.17391304347826,0.0106522874796592,0.751161253919055,0.0815903054448871,44.4655762138612,"Économique",0.751161253919055,0.0815903054448871,1,1,1,0,0.375580626959527,0.0407951527224436,0.333333333333333,1,0.324912733904591,32.4912733904591,0.226456178551987,0.624419373040473,0.675087266095409,0.56509389136475,56.509389136475,"SURVEILLER (FAIBLE VOLUME)"
"PHARMACIE REGINA","Pharmacie","ABIDJAN",5,5,4,63951,62146,1805,12790.2,15987.75,0.0290445080938435,1.25,0,13117.5,1.17391304347826,0.0106522874796592,0.298647891509963,0.101987881806109,2.7265982212088,"Économique",0.298647891509963,0.101987881806109,1,1,1,0,0.149323945754981,0.0509939409030545,0.333333333333333,1,0.260095365997411,26.0095365997411,0.318998366902559,0.850676054245019,0.739904634002589,0.700031948679555,70.0031948679555,"SURVEILLER (FAIBLE VOLUME)"
"PHARMACIE REINE DES ANGES","Pharmacie","HORS-ABIDJAN",7,7,6,92565,85285,7280,13223.5714285714,15427.5,0.0853608489183326,1.16666666666667,0,13117.5,1.17391304347826,0.0106522874796592,0.30876700328175,0.0951886896857016,8.01338201595962,"Économique",0.30876700328175,0.0951886896857016,1,1,1,0,0.154383501640875,0.0475943448428508,0.333333333333333,1,0.260593353945118,26.0593353945118,0.366902558519325,0.845616498359125,0.739406646054882,0.707389769469468,70.7389769469468,"SURVEILLER (FAIBLE VOLUME)"
"PHARMACIE REINE DES ANGES AZAGUIE","Pharmacie","HORS-ABIDJAN",1,1,1,15390,9775,5615,15390,15390,0.574424552429668,1,0,13117.5,1.17391304347826,0.0106522874796592,0.359352555107686,0.0815903054448871,53.9249953145319,"Économique",0.359352555107686,0.0815903054448871,1,1,1,0,0.179676277553843,0.0407951527224436,0.333333333333333,1,0.266141429082886,26.6141429082886,0.133913990201415,0.820323722446157,0.733858570917114,0.648455715385591,64.8455715385591,"SURVEILLER (FAIBLE VOLUME)"
"PHARMACIE RENAISSANCE","Pharmacie","ABIDJAN",8,8,7,126135,126135,0,15766.875,18019.2857142857,0,1.14285714285714,0,13117.5,1.17391304347826,0.0106522874796592,0.368152489753963,0.0932460633655853,0,"Économique",0.368152489753963,0.0932460633655853,1,1,1,0,0.184076244876982,0.0466230316827926,0.333333333333333,0,0.169209782967932,16.9209782967932,0.408818726183996,0.815923755123018,0.830790217032068,0.740449334098834,74.0449334098834,"SURVEILLER (FAIBLE VOLUME)"
"PHARMACIE RESIDENTIEL ABOBOTE","Pharmacie","ABIDJAN",27,26,16,323332,312197,11135,12435.8461538462,20208.25,0.0356665823182157,1.625,0,13117.5,1.17391304347826,0.0106522874796592,0.290373820033184,0.132584246347942,3.34825570435665,"Économique",0.290373820033184,0.132584246347942,1,1,1,0,0.145186910016592,0.0662921231739708,0.333333333333333,1,0.263443709957169,26.3443709957169,0.560152422427872,0.854813089983408,0.736556290042831,0.74857823649607,74.857823649607,"CONSERVER"
"PHARMACIE RIVIERA III","Pharmacie","ABIDJAN",110,107,74,4484639,4433686,50953,41912.5140186916,60603.2297297297,0.0114922436997117,1.44594594594595,0.00909090909090909,13117.5,1.17391304347826,0.0106522874796592,0.974569180572686,0.117643792543205,1.07885219223162,"Standard",0.974569180572686,0.117643792543205,1,1,1,0,0.487284590286343,0.0588218962716026,0.333333333333333,0.539426096115808,0.317774555578965,31.7774555578964,0.929776810016331,0.512715409713657,0.682225444421035,0.663931703657143,66.3931703657143,"CONSERVER"
"PHARMACIE RIVIERA M'BADON","Pharmacie","ABIDJAN",82,80,44,1352811,1324001,28810,16910.1375,30745.7045454545,0.0217598022962218,1.81818181818182,0.048780487804878,13117.5,1.17391304347826,0.0106522874796592,0.388328510650042,0.147646557555716,2.04273517193117,"Économique",0.388328510650042,0.147646557555716,1,1,1,0,0.194164255325021,0.073823278777858,0.333333333333333,1,0.280396260230864,28.0396260230864,0.801850843767011,0.805835744674979,0.719603739769136,0.770545962531048,77.0545962531048,"PRIVILÉGIER"
"PHARMACIE ROCHE","Pharmacie","ABIDJAN",28,28,26,425223,413000,12223,15186.5357142857,16354.7307692308,0.0295956416464891,1.07692307692308,0.0714285714285714,13117.5,1.17391304347826,0.0106522874796592,0.343614567480634,0.086479857569159,2.77833673781362,"Économique",0.343614567480634,0.086479857569159,1,1,1,0,0.171807283740317,0.0432399287845795,0.333333333333333,1,0.264514163757469,26.4514163757469,0.60587915078933,0.828192716259683,0.735485836242531,0.746647251158752,74.6647251158752,"CONSERVER"
"PHARMACIE ROI DAVID","Pharmacie","HORS-ABIDJAN",3,3,2,38372,31932,6440,12790.6666666667,19186,0.201678566954779,1.5,0,13117.5,1.17391304347826,0.0106522874796592,0.298658788057009,0.122385458167331,18.9328881087644,"Économique",0.298658788057009,0.122385458167331,1,1,1,0,0.149329394028505,0.0611927290836653,0.333333333333333,1,0.263156636933651,26.3156636933651,0.252585737615678,0.850670605971495,0.736843363066349,0.685522735138273,68.5522735138273,"SURVEILLER (FAIBLE VOLUME)"
"PHARMACIE ROMA D'ANOUMABO","Pharmacie","ABIDJAN",16,15,6,292285,292285,0,19485.6666666667,48714.1666666667,0,2.5,0,13117.5,1.17391304347826,0.0106522874796592,0.454985321939138,0.203975763612218,0,"Économique",0.454985321939138,0.203975763612218,1,1,1,0,0.227492660969569,0.101987881806109,0.333333333333333,0,0.198844162832703,19.8844162832703,0.541643984757757,0.772507339030431,0.801155837167297,0.737794067430642,73.7794067430642,"SURVEILLER (FAIBLE VOLUME)"
"PHARMACIE ROND POINT DU CHU","Pharmacie","HORS-ABIDJAN",2,2,2,39715,39715,0,19857.5,19857.5,0,1,0,13117.5,1.17391304347826,0.0106522874796592,0.46366753496107,0.0815903054448871,0,"Économique",0.46366753496107,0.0815903054448871,1,1,1,0,0.231833767480535,0.0407951527224436,0.333333333333333,0,0.181788676060894,18.1788676060894,0.256396298312466,0.768166232519465,0.818211323939106,0.685830282245922,68.5830282245922,"SURVEILLER (FAIBLE VOLUME)"
"PHARMACIE ROND POINT ODIENNE","Pharmacie","HORS-ABIDJAN",2,2,2,18815,18815,0,9407.5,9407.5,0,1,0,13117.5,1.17391304347826,0.0106522874796592,0.219662713591654,0.0815903054448871,0,"Économique",0.219662713591654,0.0815903054448871,1,1,1,0,0.109831356795827,0.0407951527224436,0.333333333333333,0,0.145187952855481,14.5187952855481,0.164398475775721,0.890168643204173,0.854812047144519,0.730871971294621,73.0871971294621,"SURVEILLER (FAIBLE VOLUME)"
"PHARMACIE ROND POINT SAMAKE (EX PHARMACIE MANZAN)","Pharmacie","ABIDJAN",18,17,11,288265,288265,0,16956.7647058824,26205.9090909091,0,1.54545454545455,0,13117.5,1.17391304347826,0.0106522874796592,0.395936109383928,0.126094108414826,0,"Économique",0.395936109383928,0.126094108414826,1,1,1,0,0.197968054691964,0.0630470542074128,0.333333333333333,0,0.178304532669813,17.8304532669813,0.536744692433315,0.802031945308036,0.821695467330187,0.756839903541952,75.6839903541952,"SURVEILLER (FAIBLE VOLUME)"
"PHARMACIE ROUTE D'ABATTA","Pharmacie","ABIDJAN",178,166,114,2509030,2358235,150795,15114.6385542169,22009.0350877193,0.0639440089728123,1.45614035087719,0.0786516853932584,13117.5,1.17391304347826,0.0106522874796592,0.340083470496354,0.116883497356408,6.00284296635019,"Économique",0.340083470496354,0.116883497356408,1,1,1,0,0.170041735248177,0.0584417486782039,0.333333333333333,1,0.268545045177914,26.8545045177914,0.882961350027218,0.829958264751823,0.731454954822086,0.801157557835007,80.1157557835007,"PRIVILÉGIER"
"PHARMACIE ROUTE D'ALEPE SARLU","Pharmacie","ABIDJAN",17,17,12,244665,230725,13940,14392.0588235294,20388.75,0.0604182468306425,1.41666666666667,0,13117.5,1.17391304347826,0.0106522874796592,0.336050884437648,0.115586266046923,5.67185657972645,"Économique",0.336050884437648,0.115586266046923,1,1,1,0,0.168025442218824,0.0577931330234617,0.333333333333333,1,0.267745572572686,26.7745572572686,0.510615133369624,0.831974557781176,0.732254427427314,0.727814620757321,72.7814620757321,"SURVEILLER (FAIBLE VOLUME)"
"PHARMACIE ROUTE DE BASSAM","Pharmacie","ABIDJAN",23,22,16,203650,199815,3835,9256.81818181818,12728.125,0.0191927532967995,1.375,0,13117.5,1.17391304347826,0.0106522874796592,0.216144331761121,0.11218666998672,1.80174946775034,"Économique",0.216144331761121,0.11218666998672,1,1,1,0,0.10807216588056,0.0560933349933599,0.333333333333333,0.90087473387517,0.239337123649693,23.9337123649693,0.47632008709853,0.89192783411944,0.760662876350307,0.756300301607605,75.6300301607605,"PRIVILÉGIER"
"PHARMACIE ROXANNE","Pharmacie","ABIDJAN",73,71,41,841555,832685,8870,11852.8873239437,20525.7317073171,0.0106522874796592,1.73170731707317,0,13117.5,1.17391304347826,0.0106522874796592,0.276761880783798,0.141290528941146,1,"Économique",0.276761880783798,0.141290528941146,1,1,1,0,0.138380940391899,0.070645264470573,0.333333333333333,0.5,0.212707861458742,21.2707861458742,0.725639629831247,0.861619059608101,0.787292138541258,0.804692405225993,80.4692405225993,"PRIVILÉGIER"
"PHARMACIE SACRE-COEUR","Pharmacie","ABIDJAN",23,23,14,284195,281715,2480,12356.3043478261,20299.6428571429,0.00880322311556005,1.64285714285714,0.0434782608695652,13117.5,1.17391304347826,0.0106522874796592,0.283008299852333,0.132074782207171,0.826416216457736,"Économique",0.283008299852333,0.132074782207171,1,1,1,0,0.141504149926166,0.0660373911035856,0.333333333333333,0.413208108228868,0.203583273131812,20.3583273131812,0.5323897659227,0.858495850073834,0.796416726868188,0.768442983961349,76.8442983961349,"PRIVILÉGIER"
"PHARMACIE SAFIR","Pharmacie","ABIDJAN",10,10,8,133090,114825,18265,13309,16636.25,0.159068147180492,1.25,0,13117.5,1.17391304347826,0.0106522874796592,0.310761738526848,0.101987881806109,14.9327688990967,"Économique",0.310761738526848,0.101987881806109,1,1,1,0,0.155380869263424,0.0509939409030545,0.333333333333333,1,0.261912443049944,26.1912443049944,0.416439847577572,0.844619130736576,0.738087556950056,0.716370644590167,71.6370644590167,"SURVEILLER (FAIBLE VOLUME)"
"PHARMACIE SAINT ADELE ABOBODOUME","Pharmacie","ABIDJAN",2,2,2,10910,10910,0,5455,5455,0,1,0,13117.5,1.17391304347826,0.0106522874796592,0.127372851729202,0.0815903054448871,0,"Économique",0.127372851729202,0.0815903054448871,1,1,1,0,0.0636864258646012,0.0407951527224436,0.333333333333333,0,0.131344473576113,13.1344473576113,0.0838323353293413,0.936313574135399,0.868655526423887,0.738754107289582,73.8754107289582,"SURVEILLER (FAIBLE VOLUME)"
"PHARMACIE SAINT AMBROISE DE ANGRE","Pharmacie","ABIDJAN",129,120,77,2083194,2037514,45680,17359.95,27054.4675324675,0.0224194778538945,1.55844155844156,0,13117.5,1.17391304347826,0.0106522874796592,0.40535038265378,0.127153722771253,2.10466323751636,"Économique",0.40535038265378,0.127153722771253,1,1,1,0,0.20267519132689,0.0635768613856263,0.333333333333333,1,0.279875615813755,27.9875615813755,0.859009254218835,0.79732480867311,0.720124384186245,0.778781527987509,77.8781527987509,"PRIVILÉGIER"
"PHARMACIE SAINT ANGE DES AMIS","Pharmacie","ABIDJAN",38,34,15,784435,762475,21960,23071.6176470588,52295.6666666667,0.0288009442932555,2.26666666666667,0.342105263157895,13117.5,1.17391304347826,0.0106522874796592,0.470564952601903,0.182403311806406,2.70373329186353,"Économique",0.470564952601903,0.182403311806406,1,1,1,0,0.235282476300951,0.0912016559032029,0.333333333333333,1,0.297945239661246,29.7945239661246,0.714207947740882,0.764717523699049,0.702054760338754,0.729550503163297,72.9550503163297,"CONSERVER"
"PHARMACIE SAINT ANTOINE - MARCORY","Pharmacie","ABIDJAN",81,79,30,1801271,1750013,51258,22800.8987341772,60042.3666666667,0.0292900681309225,2.63333333333333,0,13117.5,1.17391304347826,0.0106522874796592,0.532395140927757,0.214854471004869,2.74965055034917,"Économique",0.532395140927757,0.214854471004869,1,1,1,0,0.266197570463879,0.107427235502435,0.333333333333333,1,0.312087441789894,31.2087441789894,0.841589548176375,0.733802429536121,0.687912558210106,0.737003904733766,73.7003904733766,"CONSERVER"
"PHARMACIE SAINT AUBIN","Pharmacie","ABIDJAN",22,21,16,260380,256810,3570,12399.0476190476,16273.75,0.0139013278299132,1.3125,0,13117.5,1.17391304347826,0.0106522874796592,0.289514583678144,0.107087275896414,1.30500869944208,"Économique",0.289514583678144,0.107087275896414,1,1,1,0,0.144757291839072,0.0535436379482072,0.333333333333333,0.65250434972104,0.224740713908288,22.4740713908288,0.517691888949374,0.855242708160928,0.775259286091712,0.755739175490931,75.5739175490931,"PRIVILÉGIER"
"PHARMACIE SAINT COME ET DAMIEN","Pharmacie","ABIDJAN",16,14,12,196010,189890,6120,14000.7142857143,16334.1666666667,0.0322291853178156,1.16666666666667,0,13117.5,1.17391304347826,0.0106522874796592,0.32691308979234,0.0951886896857016,3.02556473239744,"Économique",0.32691308979234,0.0951886896857016,1,1,1,0,0.16345654489617,0.0475943448428508,0.333333333333333,1,0.263315266921706,26.3315266921706,0.470876428960261,0.83654345510383,0.736684733078294,0.723466561064902,72.3466561064902,"SURVEILLER (FAIBLE VOLUME)"
"PHARMACIE SAINT FRANCOIS DANGA","Pharmacie","ABIDJAN",1,1,1,19865,19865,0,19865,19865,0,1,0,13117.5,1.17391304347826,0.0106522874796592,0.463842658038608,0.0815903054448871,0,"Économique",0.463842658038608,0.0815903054448871,1,1,1,0,0.231921329019304,0.0407951527224436,0.333333333333333,0,0.181814944522524,18.1814944522524,0.16984213391399,0.768078670980696,0.818185055477476,0.668473917366067,66.8473917366067,"SURVEILLER (FAIBLE VOLUME)"
"PHARMACIE SAINT FRANCOIS DE DANGA","Pharmacie","ABIDJAN",24,22,12,389856,388375,1481,17720.7272727273,32488,0.00381332475056324,1.83333333333333,0,13117.5,1.17391304347826,0.0106522874796592,0.413774439494542,0.14958222664896,0.357981772257357,"Économique",0.413774439494542,0.14958222664896,1,1,1,0,0.206887219747271,0.0747911133244799,0.333333333333333,0.178990886128678,0.202402588534393,20.2402588534393,0.590092542188351,0.793112780252729,0.797597411465607,0.754302585125005,75.4302585125005,"PRIVILÉGIER"
"PHARMACIE SAINT HERMANN","Pharmacie","ABIDJAN",1,1,1,7630,7630,0,7630,7630,0,1,0,13117.5,1.17391304347826,0.0106522874796592,0.178158544215181,0.0815903054448871,0,"Économique",0.178158544215181,0.0815903054448871,1,1,1,0,0.0890792721075907,0.0407951527224436,0.333333333333333,0,0.13896232744901,13.896232744901,0.0522591181273816,0.910920727892409,0.86103767255099,0.719235183802836,71.9235183802836,"SURVEILLER (FAIBLE VOLUME)"
"PHARMACIE SAINT JOSEPH (VALLON)","Pharmacie","ABIDJAN",55,52,49,737856,710650,27206,14189.5384615385,15058.2857142857,0.0382832618025751,1.06122448979592,0,13117.5,1.17391304347826,0.0106522874796592,0.331322085896857,0.0865856302680435,3.59390054724659,"Économique",0.331322085896857,0.0865856302680435,1,1,1,0,0.165661042948428,0.0432928151340217,0.333333333333333,1,0.262686157424735,26.2686157424735,0.702776265650517,0.834338957051572,0.737313842575265,0.769216372980838,76.9216372980838,"PRIVILÉGIER"
"PHARMACIE SAINT JOSEPH - SOUBRE","Pharmacie","HORS-ABIDJAN",1,1,1,12820,12820,0,12820,12820,0,1,0,13117.5,1.17391304347826,0.0106522874796592,0.29934371387138,0.0815903054448871,0,"Économique",0.29934371387138,0.0815903054448871,1,1,1,0,0.14967185693569,0.0407951527224436,0.333333333333333,0,0.15714010289744,15.714010289744,0.10506260206859,0.85032814306431,0.84285989710256,0.698287736480466,69.8287736480466,"SURVEILLER (FAIBLE VOLUME)"
"PHARMACIE SAINT JOSEPH ACADEMIE","Pharmacie","ABIDJAN",26,25,16,267216,267216,-5.11590769747272e-13,10688.64,16701,-1.91452147231929e-18,1.5625,0,13117.5,1.17391304347826,0.0106522874796592,0.249577004199234,0.127484852257636,-1.79728671046019e-16,"Économique",0.249577004199234,0.127484852257636,1,1,1,0,0.124788502099617,0.0637424261288181,0.333333333333333,-8.98643355230096e-17,0.156559278468531,15.6559278468531,0.521502449646162,0.875211497900383,0.843440721531469,0.791761377701973,79.1761377701973,"PRIVILÉGIER"
"PHARMACIE SAINT LAURENT","Pharmacie","HORS-ABIDJAN",48,46,14,514635,486075,28560,11187.7173913043,36759.6428571429,0.0587563647585249,3.28571428571429,0,13117.5,1.17391304347826,0.0106522874796592,0.261230333358539,0.268082432176058,5.51584482400815,"Économique",0.261230333358539,0.268082432176058,1,1,1,0,0.130615166679269,0.134041216088029,0.333333333333333,1,0.279396914830189,27.9396914830189,0.637996733805117,0.869384833320731,0.72060308516981,0.76359451415724,76.359451415724,"PRIVILÉGIER"
"PHARMACIE SAINT PAUL","Pharmacie","ABIDJAN",18,17,17,253540,252850,690,14914.1176470588,14914.1176470588,0.00272889064662844,1,0,13117.5,1.17391304347826,0.0106522874796592,0.348240824148617,0.0815903054448871,0.256178839694228,"Économique",0.348240824148617,0.0815903054448871,1,1,1,0,0.174120412074308,0.0407951527224436,0.333333333333333,0.128089419847114,0.177283611423737,17.7283611423737,0.515514425694066,0.825879587925691,0.822716388576263,0.762541275739595,76.2541275739595,"SURVEILLER (FAIBLE VOLUME)"
"PHARMACIE SAINT PIO DE LA GARE","Pharmacie","HORS-ABIDJAN",36,32,18,437620,430948,6672,13675.625,24312.2222222222,0.0154821463378412,1.77777777777778,0,13117.5,1.17391304347826,0.0106522874796592,0.31932233830049,0.145049431902022,1.45341048740984,"Économique",0.31932233830049,0.145049431902022,1,1,1,0,0.159661169150245,0.0725247159510108,0.333333333333333,0.726705243704922,0.242326289900869,24.2326289900869,0.611867174741426,0.840338830849755,0.757673710099131,0.76157845132784,76.157845132784,"PRIVILÉGIER"
"PHARMACIE SAINT RAPHAEL ARCHANGE","Pharmacie","ABIDJAN",3,2,2,35353,35353,4.54747350886464e-13,17676.5,17676.5,1.28630484226647e-17,1,0,13117.5,1.17391304347826,0.0106522874796592,0.412741744013061,0.0815903054448871,1.20753861057796e-15,"Économique",0.412741744013061,0.0815903054448871,1,1,1,0,0.20637087200653,0.0407951527224436,0.333333333333333,6.03769305288981e-16,0.174149807418692,17.4149807418692,0.24169842133914,0.79362912799347,0.825850192581308,0.696131412497739,69.6131412497739,"SURVEILLER (FAIBLE VOLUME)"
"PHARMACIE SAINTE ADELE","Pharmacie","ABIDJAN",47,44,32,507270,480405,26865,11528.8636363636,15852.1875,0.0559215661785369,1.375,0.0212765957446809,13117.5,1.17391304347826,0.0106522874796592,0.266484812598363,0.111460632564888,5.24972371289458,"Économique",0.266484812598363,0.111460632564888,1,1,1,0,0.133242406299181,0.0557303162824442,0.333333333333333,1,0.256691816774488,25.6691816774488,0.636908002177463,0.866757593700819,0.743308183225512,0.771407911206025,77.1407911206025,"PRIVILÉGIER"
"PHARMACIE SAINTE ADELE ABOBODOUME","Pharmacie","ABIDJAN",3,3,3,34905,32210,2695,11635,11635,0.0836696678050295,1,0,13117.5,1.17391304347826,0.0106522874796592,0.271674267620398,0.0815903054448871,7.85461976733156,"Économique",0.271674267620398,0.0815903054448871,1,1,1,0,0.135837133810199,0.0407951527224436,0.333333333333333,1,0.252989685959793,25.2989685959793,0.238976592270005,0.864162866189801,0.747010314040207,0.692264590546004,69.2264590546004,"SURVEILLER (FAIBLE VOLUME)"
"PHARMACIE SAINTE AGNES","Pharmacie","ABIDJAN",133,121,62,2004519,2001510,3009,16566.2727272727,32330.9516129032,0.00150336495945561,1.95161290322581,0.0075187969924812,13117.5,1.17391304347826,0.0106522874796592,0.38539241961596,0.158699148702523,0.141130716038816,"Économique",0.38539241961596,0.158699148702523,1,1,1,0,0.19269620980798,0.0793495743512613,0.333333333333333,0.0705653580194079,0.188670271049713,18.8670271049713,0.855198693522047,0.80730379019202,0.811329728950287,0.818493146361332,81.8493146361332,"PRIVILÉGIER"
"PHARMACIE SAINTE ANNE D'ABATTA","Pharmacie","ABIDJAN",30,30,27,364387,359797,4590,12146.2333333333,13495.8148148148,0.0127571936397469,1.11111111111111,0.0333333333333333,13117.5,1.17391304347826,0.0106522874796592,0.27944167175957,0.0899613828028179,1.19760132873874,"Économique",0.27944167175957,0.0899613828028179,1,1,1,0,0.139720835879785,0.0449806914014089,0.333333333333333,0.598800664369369,0.215290524621295,21.5290524621295,0.577027762656505,0.860279164120215,0.784709475378705,0.773401008330869,77.3401008330869,"PRIVILÉGIER"
"PHARMACIE SAINTE ANNE D'ABOBO BAOULE","Pharmacie","ABIDJAN",1,1,1,10300,7800,2500,10300,10300,0.320512820512821,1,1,13117.5,1.17391304347826,0.0106522874796592,0.166132605448972,0.067516879219805,30.0886378747145,"Économique",0.166132605448972,0.067516879219805,1,1,1,0,0.0830663027244862,0.0337584396099025,0.333333333333333,1,0.235047422700317,23.5047422700317,0.08056614044638,0.916933697275514,0.764952577299683,0.688867737919355,68.8867737919355,"SURVEILLER (FAIBLE VOLUME)"
"PHARMACIE SAINTE CATHERINE","Pharmacie","HORS-ABIDJAN",1,1,1,82535,82535,0,82535,82535,0,1,0,13117.5,1.17391304347826,0.0106522874796592,1.92717109394495,0.0815903054448871,0,"Coût Élevé",1.92717109394495,0.0815903054448871,1,1,1,0,0.963585546972477,0.0407951527224436,0.333333333333333,0,0.401314209908476,40.1314209908476,0.350027218290691,0.0364144530275228,0.598685790091524,0.324045540905757,32.4045540905757,"SURVEILLER (FAIBLE VOLUME)"
"PHARMACIE SAINTE EUNICE","Pharmacie","HORS-ABIDJAN",98,92,60,1330624,1304067,26557,14463.3043478261,22177.0666666667,0.0203647511975995,1.53333333333333,0.0102040816326531,13117.5,1.17391304347826,0.0106522874796592,0.336079157501788,0.12467201802601,1.91177258748288,"Économique",0.336079157501788,0.12467201802601,1,1,1,0,0.168039578750894,0.0623360090130049,0.333333333333333,0.95588629374144,0.264701305703314,26.4701305703314,0.799673380511704,0.831960421249106,0.735298694296686,0.786838322320658,78.6838322320658,"PRIVILÉGIER"
"PHARMACIE SAINTE FAMILLE - COCODY","Pharmacie","ABIDJAN",53,51,41,805945,748025,57920,15802.8431372549,19657.1951219512,0.0774305671601885,1.24390243902439,0,13117.5,1.17391304347826,0.0106522874796592,0.368992336539214,0.10149037994364,7.26891452263603,"Économique",0.368992336539214,0.10149037994364,1,1,1,0,0.184496168269607,0.05074518997182,0.333333333333333,1,0.270572407472428,27.0572407472428,0.716929776810016,0.815503831730393,0.729427592527572,0.761358525065189,76.1358525065189,"PRIVILÉGIER"
"PHARMACIE SAINTE FAMILLE ABENGOUROU","Pharmacie","HORS-ABIDJAN",17,16,14,226321,213274,13047,14145.0625,16165.7857142857,0.0611748267486895,1.14285714285714,0,13117.5,1.17391304347826,0.0106522874796592,0.330283583595381,0.0932460633655853,5.74288169235992,"Économique",0.330283583595381,0.0932460633655853,1,1,1,0,0.16514179179769,0.0466230316827926,0.333333333333333,1,0.263529447044145,26.3529447044145,0.496461622210125,0.83485820820231,0.736470552955855,0.727823828905291,72.7823828905291,"SURVEILLER (FAIBLE VOLUME)"
"PHARMACIE SAINTE FAMILLE DE TOLAKOUADIOKRO","Pharmacie","HORS-ABIDJAN",3,3,2,25795,25795,0,8598.33333333333,12897.5,0,1.5,0,13117.5,1.17391304347826,0.0106522874796592,0.200768879337292,0.122385458167331,0,"Économique",0.200768879337292,0.122385458167331,1,1,1,0,0.100384439668646,0.0611927290836653,0.333333333333333,0,0.148473150625693,14.8473150625693,0.203592814371257,0.899615560331354,0.851526849374307,0.741175526756516,74.1175526756516,"SURVEILLER (FAIBLE VOLUME)"
"PHARMACIE SAINTE HARMONY","Pharmacie","ABIDJAN",9,9,9,146745,142970,3775,16305,16305,0.0264041407288242,1,0,13117.5,1.17391304347826,0.0106522874796592,0.380717570567305,0.0815903054448871,2.47872964180169,"Économique",0.380717570567305,0.0815903054448871,1,1,1,0,0.190358785283652,0.0407951527224436,0.333333333333333,1,0.269346181401829,26.9346181401829,0.429504627109418,0.809641214716348,0.730653818598171,0.702018938747691,70.2018938747691,"SURVEILLER (FAIBLE VOLUME)"
"PHARMACIE SAINTE MARIE DE LA CELLE","Pharmacie","ABIDJAN",68,64,29,848680,802755,45925,13260.625,29264.8275862069,0.0572092356945768,2.20689655172414,0.0147058823529412,13117.5,1.17391304347826,0.0106522874796592,0.307481491502891,0.178776374155035,5.37060568481834,"Économique",0.307481491502891,0.178776374155035,1,1,1,0,0.153740745751445,0.0893881870775177,0.333333333333333,1,0.272938679848689,27.2938679848689,0.727272727272727,0.846259254248555,0.727061320151311,0.774782775214492,77.4782775214492,"PRIVILÉGIER"
"PHARMACIE SAINTE MARIE DE NGATTAKRO","Pharmacie","HORS-ABIDJAN",128,120,81,2150210,1987221,162989,17918.4166666667,26545.8024691358,0.0820185575736166,1.48148148148148,0,13117.5,1.17391304347826,0.0106522874796592,0.418390436169643,0.120874526585018,7.6996192348576,"Économique",0.418390436169643,0.120874526585018,1,1,1,0,0.209195218084822,0.060437263292509,0.333333333333333,1,0.280889744413199,28.0889744413199,0.86336418072945,0.790804781915178,0.719110255586801,0.776638851146682,77.6638851146682,"PRIVILÉGIER"
"PHARMACIE SAINTE MARIE DES BEATITUDES","Pharmacie","ABIDJAN",17,16,12,253787,250750,3037,15861.6875,21148.9166666667,0.012111665004985,1.33333333333333,0,13117.5,1.17391304347826,0.0106522874796592,0.370366337325838,0.108787073926516,1.13700132747192,"Économique",0.370366337325838,0.108787073926516,1,1,1,0,0.185183168662919,0.0543935369632581,0.333333333333333,0.568500663735962,0.228723078061449,22.8723078061449,0.516058791507893,0.814816831337081,0.771276921938551,0.737649259611831,73.7649259611832,"SURVEILLER (FAIBLE VOLUME)"
"PHARMACIE SAINTE MARIE DIVO","Pharmacie","HORS-ABIDJAN",62,60,39,695278,687477,7801,11587.9666666667,17827.641025641,0.011347288709295,1.53846153846154,0,13117.5,1.17391304347826,0.0106522874796592,0.270576051343038,0.125523546838288,1.0652443178015,"Économique",0.270576051343038,0.125523546838288,1,1,1,0,0.135288025671519,0.0627617734191439,0.333333333333333,0.53262215890075,0.212677155617274,21.2677155617274,0.688078388677191,0.864711974328481,0.787322844382726,0.798429605219921,79.8429605219921,"PRIVILÉGIER"
"PHARMACIE SAINTE MARIE TIASSALE","Pharmacie","HORS-ABIDJAN",2,2,2,17340,17340,0,8670,8670,0,1,0,13117.5,1.17391304347826,0.0106522874796592,0.202442277633765,0.0815903054448871,0,"Économique",0.202442277633765,0.0815903054448871,1,1,1,0,0.101221138816882,0.0407951527224436,0.333333333333333,0,0.142604887461798,14.2604887461798,0.14534567229178,0.898778861183118,0.857395112538202,0.731538723946884,73.1538723946884,"SURVEILLER (FAIBLE VOLUME)"
"PHARMACIE SAINTE MARTHE","Pharmacie","ABIDJAN",65,65,58,843020,802387,40633,12969.5384615385,14534.8275862069,0.0506401524451418,1.12068965517241,0.0153846153846154,13117.5,1.17391304347826,0.0106522874796592,0.300764046021978,0.0911099760333969,4.7539228115877,"Économique",0.300764046021978,0.0911099760333969,1,1,1,0,0.150382023010989,0.0455549880166984,0.333333333333333,1,0.258781103308306,25.8781103308306,0.726183995645074,0.849617976989011,0.741218896691694,0.781571548601297,78.1571548601297,"PRIVILÉGIER"
"PHARMACIE SAINTE PIERRE D'ANGLE","Pharmacie","ABIDJAN",9,9,7,106709,106709,-1.33582034322899e-12,11856.5555555556,15244.1428571429,-1.25183474986083e-17,1.28571428571429,0,13117.5,1.17391304347826,0.0106522874796592,0.276847533051664,0.104901821286283,-1.17517927698744e-15,"Économique",0.276847533051664,0.104901821286283,1,1,1,0,0.138423766525832,0.0524509106431417,0.333333333333333,-5.87589638493721e-16,0.157262403150692,15.7262403150692,0.38704409363092,0.861576233474168,0.842737596849308,0.759134350855574,75.9134350855574,"SURVEILLER (FAIBLE VOLUME)"
"PHARMACIE SAINTE RITA DE BONOUA ( EX PHCIE NVELLE SEGUELA)","Pharmacie","HORS-ABIDJAN",13,11,5,248411,236427,11984,22582.8181818182,49682.2,0.050687950191814,2.2,0,13117.5,1.17391304347826,0.0106522874796592,0.527303015930388,0.179498671978752,4.75840989915114,"Économique",0.527303015930388,0.179498671978752,1,1,1,0,0.263651507965194,0.0897493359893758,0.333333333333333,1,0.306020253186371,30.6020253186371,0.512248230811105,0.736348492034806,0.693979746813629,0.674580941701595,67.4580941701595,"SURVEILLER (FAIBLE VOLUME)"
"PHARMACIE SAINTE RUTH","Pharmacie","ABIDJAN",298,295,177,4405251,4334890,70361,14933.0542372881,24888.4237288136,0.016231323055487,1.66666666666667,0.0100671140939597,13117.5,1.17391304347826,0.0106522874796592,0.34710283664951,0.135505111852094,1.52374061312945,"Économique",0.34710283664951,0.135505111852094,1,1,1,0,0.173551418324755,0.0677525559260471,0.333333333333333,0.761870306564723,0.248578222931713,24.8578222931713,0.92814371257485,0.826448581675245,0.751421777068287,0.816776886012383,81.6776886012383,"PRIVILÉGIER"
"PHARMACIE SAINTE TRINITE","Pharmacie","ABIDJAN",5,5,5,75726,64335,11391,15145.2,15145.2,0.177057589181627,1,0,13117.5,1.17391304347826,0.0106522874796592,0.35363653785685,0.0815903054448871,16.6215556536306,"Économique",0.35363653785685,0.0815903054448871,1,1,1,0,0.176818268928425,0.0407951527224436,0.333333333333333,1,0.265284026495261,26.5284026495261,0.342406096897115,0.823181731071575,0.734715973504739,0.691640301209949,69.1640301209949,"SURVEILLER (FAIBLE VOLUME)"
"PHARMACIE SAINTS ANDRE ET MARTHE","Pharmacie","ABIDJAN",60,58,41,626095,621180,4915,10794.7413793103,15270.6097560976,0.00791236034643743,1.41463414634146,0.0666666666666667,13117.5,1.17391304347826,0.0106522874796592,0.244505906591781,0.114836605369198,0.742785093018404,"Économique",0.244505906591781,0.114836605369198,1,1,1,0,0.12225295329589,0.0574183026845988,0.333333333333333,0.371392546509202,0.191040631445067,19.1040631445067,0.67065868263473,0.87774704670411,0.808959368554933,0.808814302630563,80.8814302630563,"PRIVILÉGIER"
"PHARMACIE SALEM","Pharmacie","HORS-ABIDJAN",6,6,6,68827,68825,2,11471.1666666667,11471.1666666667,2.90592081365783e-05,1,0,13117.5,1.17391304347826,0.0106522874796592,0.267848801282182,0.0815903054448871,0.00272797821050808,"Économique",0.267848801282182,0.0815903054448871,1,1,1,0,0.133924400641091,0.0407951527224436,0.333333333333333,0.00136398910525404,0.152552264919586,15.2552264919586,0.330430048992923,0.866075599358909,0.847447735080414,0.751495343574314,75.1495343574314,"SURVEILLER (FAIBLE VOLUME)"
"PHARMACIE SANDRINA","Pharmacie","ABIDJAN",39,38,32,577993,564223,13770,15210.3421052632,18062.28125,0.024405244025855,1.1875,0,13117.5,1.17391304347826,0.0106522874796592,0.355157589316981,0.0968884877158035,2.29108011518254,"Économique",0.355157589316981,0.0968884877158035,1,1,1,0,0.17757879465849,0.0484442438579017,0.333333333333333,1,0.267806911554918,26.7806911554918,0.654872074033751,0.82242120534151,0.732193088445082,0.752820132321387,75.2820132321387,"PRIVILÉGIER"
"PHARMACIE SANTE POUR TOUS D'ANYAMA","Pharmacie","ABIDJAN",10,10,9,155000,155000,0,15500,17222.2222222222,0,1.11111111111111,0,13117.5,1.17391304347826,0.0106522874796592,0.361921026911574,0.0906558949387635,0,"Économique",0.361921026911574,0.0906558949387635,1,1,1,0,0.180960513455787,0.0453279474693817,0.333333333333333,0,0.167886538277551,16.7886538277551,0.437125748502994,0.819039486544213,0.832113461722449,0.747886329007264,74.7886329007264,"SURVEILLER (FAIBLE VOLUME)"
"PHARMACIE SARA-ANNA - SASSANDRA","Pharmacie","HORS-ABIDJAN",9,9,3,96055,90225,5830,10672.7777777778,32018.3333333333,0.0646162371848157,3,0,13117.5,1.17391304347826,0.0106522874796592,0.249206625376282,0.244770916334661,6.06594943181942,"Économique",0.249206625376282,0.244770916334661,1,1,1,0,0.124603312688141,0.122385458167331,0.333333333333333,1,0.274096631256641,27.4096631256641,0.371801850843767,0.875396687311859,0.725903368743359,0.714880392590841,71.4880392590841,"SURVEILLER (FAIBLE VOLUME)"
"PHARMACIE SARAH","Pharmacie","ABIDJAN",13,13,9,156515,151340,5175,12039.6153846154,17390.5555555556,0.0341945288753799,1.44444444444444,0,13117.5,1.17391304347826,0.0106522874796592,0.281121933136799,0.117852663420393,3.21006440547866,"Économique",0.281121933136799,0.117852663420393,1,1,1,0,0.1405609665684,0.0589263317101963,0.333333333333333,1,0.259846189483579,25.9846189483579,0.437670114316821,0.8594390334316,0.740153810516421,0.727371160442573,72.7371160442573,"SURVEILLER (FAIBLE VOLUME)"
"PHARMACIE SEGAI","Pharmacie","ABIDJAN",42,42,27,482540,463215,19325,11489.0476190476,17871.8518518519,0.0417192880196021,1.55555555555556,0,13117.5,1.17391304347826,0.0106522874796592,0.268266316936883,0.126918252914269,3.9164628347917,"Économique",0.268266316936883,0.126918252914269,1,1,1,0,0.134133158468442,0.0634591264571344,0.333333333333333,1,0.259277685477673,25.9277685477673,0.629286880783887,0.865866841531558,0.740722314522327,0.768493038578332,76.8493038578332,"PRIVILÉGIER"
"PHARMACIE SIDECI-LEM","Pharmacie","ABIDJAN",6,3,3,38967,38964,3.00000000000023,12989,12989,7.6994148444724e-05,1,0,13117.5,1.17391304347826,0.0106522874796592,0.303289820551899,0.0815903054448871,0.00722794503919899,"Économique",0.303289820551899,0.0815903054448871,1,1,1,0,0.15164491027595,0.0407951527224436,0.333333333333333,0.00361397251959949,0.158093416151478,15.8093416151478,0.254218835057158,0.84835508972405,0.841906583848522,0.726948436440461,72.6948436440461,"SURVEILLER (FAIBLE VOLUME)"
"PHARMACIE SINI-KENEYA","Pharmacie","HORS-ABIDJAN",1,1,1,27525,27525,0,27525,27525,0,1,0,13117.5,1.17391304347826,0.0106522874796592,0.642701694563941,0.0815903054448871,0,"Économique",0.642701694563941,0.0815903054448871,1,1,1,0,0.32135084728197,0.0407951527224436,0.333333333333333,0,0.208643800001324,20.8643800001324,0.21012520413718,0.67864915271803,0.791356199998676,0.630027181914118,63.0027181914118,"SURVEILLER (FAIBLE VOLUME)"
"PHARMACIE SIPOREX","Pharmacie","ABIDJAN",8,8,7,103160,98560,4600,12895,14737.1428571429,0.0466720779220779,1.14285714285714,0,13117.5,1.17391304347826,0.0106522874796592,0.301094944646758,0.0932460633655853,4.38141366454853,"Économique",0.301094944646758,0.0932460633655853,1,1,1,0,0.150547472323379,0.0466230316827926,0.333333333333333,1,0.259151151201852,25.9151151201851,0.379422972237344,0.849452527676621,0.740848848798148,0.712005145037377,71.2005145037377,"SURVEILLER (FAIBLE VOLUME)"
"PHARMACIE SOKOURA - ABOISSO","Pharmacie","HORS-ABIDJAN",1,1,1,3610,3610,0,3610,3610,0,1,0,13117.5,1.17391304347826,0.0106522874796592,0.0842925746548893,0.0815903054448871,0,"Économique",0.0842925746548893,0.0815903054448871,1,1,1,0,0.0421462873274446,0.0407951527224436,0.333333333333333,0,0.124882432014966,12.4882432014966,0.0157866086009799,0.957853712672555,0.875117567985034,0.736345833983232,73.6345833983232,"SURVEILLER (FAIBLE VOLUME)"
"PHARMACIE SPRING","Pharmacie","ABIDJAN",17,14,14,202787,201727,1060,14484.7857142857,14484.7857142857,0.00525462630188324,1,0,13117.5,1.17391304347826,0.0106522874796592,0.338216033568283,0.0815903054448871,0.493286189648663,"Économique",0.338216033568283,0.0815903054448871,1,1,1,0,0.169108016784142,0.0407951527224436,0.333333333333333,0.246643094824332,0.187635260334409,18.7635260334409,0.47468698965705,0.830891983215858,0.812364739665591,0.75224008708399,75.224008708399,"SURVEILLER (FAIBLE VOLUME)"
"PHARMACIE ST ALEXANDRE","Pharmacie","ABIDJAN",6,5,5,69299,69295,4,13859.8,13859.8,5.77242225268778e-05,1,0,13117.5,1.17391304347826,0.0106522874796592,0.323622777341228,0.0815903054448871,0.00541895087201728,"Économique",0.323622777341228,0.0815903054448871,1,1,1,0,0.161811388670614,0.0407951527224436,0.333333333333333,0.00270947543600864,0.161052909961518,16.1052909961518,0.331518780620577,0.838188611329386,0.838947090038482,0.737158036671263,73.7158036671263,"SURVEILLER (FAIBLE VOLUME)"
"PHARMACIE ST ANDRE","Pharmacie","ABIDJAN",40,39,31,540035,499254,40781,13847.0512820513,17420.4838709677,0.0816838723375276,1.25806451612903,0,13117.5,1.17391304347826,0.0106522874796592,0.323325098044983,0.102645868140342,7.66820013950103,"Économique",0.323325098044983,0.102645868140342,1,1,1,0,0.161662549022491,0.0513229340701709,0.333333333333333,1,0.263895644927799,26.3895644927799,0.645617855198694,0.838337450977509,0.736104355072201,0.758900293459623,75.8900293459623,"PRIVILÉGIER"
"PHARMACIE ST ANGE","Pharmacie","ABIDJAN",179,168,101,2912910,2891231,21679,17338.75,28840.6930693069,0.00749819021724656,1.66336633663366,0.0111731843575419,13117.5,1.17391304347826,0.0106522874796592,0.402709249138768,0.13543505756698,0.703904230106872,"Économique",0.402709249138768,0.13543505756698,1,1,1,0,0.201354624569384,0.0677175287834898,0.333333333333333,0.351952115053436,0.215916857511206,21.5916857511206,0.896026129559064,0.798645375430616,0.784083142488794,0.812296633079577,81.2296633079577,"PRIVILÉGIER"
"PHARMACIE ST ANGE EMMANUELLE","Pharmacie","ABIDJAN",1,1,1,10035,10035,0,10035,10035,0,1,0,13117.5,1.17391304347826,0.0106522874796592,0.234314677745655,0.0815903054448871,0,"Économique",0.234314677745655,0.0815903054448871,1,1,1,0,0.117157338872827,0.0407951527224436,0.333333333333333,0,0.147385747478581,14.7385747478581,0.0783886771910724,0.882842661127173,0.852614252521419,0.709860500897651,70.9860500897651,"SURVEILLER (FAIBLE VOLUME)"
"PHARMACIE ST ANTOINE ZONE 4","Pharmacie","ABIDJAN",1,1,1,17464,17464,2.27373675443232e-13,17464,17464,1.30195645581328e-17,1,0,13117.5,1.17391304347826,0.0106522874796592,0.407779923482822,0.0815903054448871,1.22223180542152e-15,"Économique",0.407779923482822,0.0815903054448871,1,1,1,0,0.203889961741411,0.0407951527224436,0.333333333333333,6.11115902710758e-16,0.173405534339156,17.3405534339156,0.146978769733261,0.796110038258589,0.826594465660844,0.678477555514425,67.8477555514425,"SURVEILLER (FAIBLE VOLUME)"
"PHARMACIE ST ARMEL DU PALAIS","Pharmacie","ABIDJAN",7,6,3,89750,89750,0,14958.3333333333,29916.6666666667,0,2,0.285714285714286,13117.5,1.17391304347826,0.0106522874796592,0.325023617747321,0.152579248106988,0,"Économique",0.325023617747321,0.152579248106988,1,1,1,0,0.162511808873661,0.0762896240534938,0.333333333333333,0,0.171640429878146,17.1640429878146,0.359281437125749,0.837488191126339,0.828359570121854,0.738195391924427,73.8195391924427,"SURVEILLER (FAIBLE VOLUME)"
"PHARMACIE ST ATHANASE","Pharmacie","ABIDJAN",23,23,18,253265,241560,11705,11011.5217391304,14070.2777777778,0.0484558701771816,1.27777777777778,0,13117.5,1.17391304347826,0.0106522874796592,0.257116210044207,0.104254279179578,4.54886992767604,"Économique",0.257116210044207,0.104254279179578,1,1,1,0,0.128558105022104,0.052127139589789,0.333333333333333,1,0.254205573383568,25.4205573383568,0.51497005988024,0.871441894977896,0.745794426616432,0.749888540613779,74.9888540613779,"CONSERVER"
"PHARMACIE ST AUGUST","Pharmacie","ABIDJAN",2,2,2,18300,18300,0,9150,9150,0,1,0,13117.5,1.17391304347826,0.0106522874796592,0.213650154596187,0.0815903054448871,0,"Économique",0.213650154596187,0.0815903054448871,1,1,1,0,0.106825077298094,0.0407951527224436,0.333333333333333,0,0.144286069006161,14.4286069006161,0.160043549265106,0.893174922701906,0.855713930993839,0.731564251331319,73.1564251331319,"SURVEILLER (FAIBLE VOLUME)"
"PHARMACIE ST BERNARD","Pharmacie","ABIDJAN",164,159,103,2531721,2426160,105561,15922.7735849057,24579.8155339806,0.0435094964882778,1.54368932038835,0.0365853658536585,13117.5,1.17391304347826,0.0106522874796592,0.365616481593875,0.124439104320612,4.0845214299145,"Économique",0.365616481593875,0.124439104320612,1,1,1,0,0.182808240796937,0.0622195521603059,0.333333333333333,1,0.273508337887173,27.3508337887173,0.885138813282526,0.817191759203063,0.726491662112827,0.794501131182861,79.4501131182861,"PRIVILÉGIER"
"PHARMACIE ST CHRISTOPHE","Pharmacie","ABIDJAN",3,3,2,25960,25960,0,8653.33333333333,12980,0,1.5,0,13117.5,1.17391304347826,0.0106522874796592,0.202053115239236,0.122385458167331,0,"Économique",0.202053115239236,0.122385458167331,1,1,1,0,0.101026557619618,0.0611927290836653,0.333333333333333,0,0.148665786010985,14.8665786010985,0.204137180185084,0.898973442380382,0.851334213989015,0.740950498584776,74.0950498584776,"SURVEILLER (FAIBLE VOLUME)"
"PHARMACIE ST CLEMENT","Pharmacie","ABIDJAN",30,30,14,298374,297264,1110,9945.8,21312.4285714286,0.00373405457774907,2.14285714285714,0.0666666666666667,13117.5,1.17391304347826,0.0106522874796592,0.225502101564896,0.172271455052832,0.350540161902253,"Économique",0.225502101564896,0.172271455052832,1,1,1,0,0.112751050782448,0.086135727526416,0.333333333333333,0.175270080951127,0.177193041587772,17.7193041587772,0.545454545454545,0.887248949217552,0.822806958412228,0.793113272142821,79.3113272142821,"PRIVILÉGIER"
"PHARMACIE ST EMMANUEL","Pharmacie","ABIDJAN",2,2,2,11890,11890,0,5945,5945,0,1,0,13117.5,1.17391304347826,0.0106522874796592,0.138814226128343,0.0815903054448871,0,"Économique",0.138814226128343,0.0815903054448871,1,1,1,0,0.0694071130641713,0.0407951527224436,0.333333333333333,0,0.133060679735984,13.3060679735984,0.0930865541643985,0.930592886935829,0.866939320264016,0.737630193712817,73.7630193712817,"SURVEILLER (FAIBLE VOLUME)"
"PHARMACIE ST ETIENNE","Pharmacie","ABIDJAN",19,19,14,217405,217405,0,11442.3684210526,15528.9285714286,0,1.35714285714286,0,13117.5,1.17391304347826,0.0106522874796592,0.267176369628899,0.110729700246633,0,"Économique",0.267176369628899,0.110729700246633,1,1,1,0,0.13358818481445,0.0553648501233163,0.333333333333333,0,0.15668591048133,15.668591048133,0.489929232444203,0.86641181518555,0.84331408951867,0.781876208370529,78.1876208370529,"SURVEILLER (FAIBLE VOLUME)"
"PHARMACIE ST FRANCOIS","Pharmacie","ABIDJAN",9,9,5,105985,105985,0,11776.1111111111,21197,0,1.8,0,13117.5,1.17391304347826,0.0106522874796592,0.274969175894073,0.146862549800797,0,"Économique",0.274969175894073,0.146862549800797,1,1,1,0,0.137484587947037,0.0734312749003984,0.333333333333333,0,0.16327475885423,16.327475885423,0.386499727817093,0.862515412052963,0.83672524114577,0.756996206842912,75.6996206842912,"SURVEILLER (FAIBLE VOLUME)"
"PHARMACIE ST GEORGES","Pharmacie","ABIDJAN",13,12,10,118705,112125,6580,9892.08333333333,11870.5,0.0586845039018952,1.2,0,13117.5,1.17391304347826,0.0106522874796592,0.230977610212572,0.0979083665338645,5.50909877469556,"Économique",0.230977610212572,0.0979083665338645,1,1,1,0,0.115488805106286,0.0489541832669323,0.333333333333333,1,0.249332896511966,24.9332896511966,0.397387044093631,0.884511194893714,0.750667103488034,0.733548728171426,73.3548728171426,"SURVEILLER (FAIBLE VOLUME)"
"PHARMACIE ST GIL","Pharmacie","ABIDJAN",5,4,3,73535,73535,0,18383.75,24511.6666666667,0,1.33333333333333,0,13117.5,1.17391304347826,0.0106522874796592,0.429255850224881,0.108787073926516,0,"Économique",0.429255850224881,0.108787073926516,1,1,1,0,0.214627925112441,0.0543935369632581,0.333333333333333,0,0.18070643862271,18.070643862271,0.3380511703865,0.78537207488756,0.81929356137729,0.70947648858324,70.947648858324,"SURVEILLER (FAIBLE VOLUME)"
"PHARMACIE ST GIL DEUX PLATEAUX","Pharmacie","ABIDJAN",1,1,1,3470,3470,0,3470,3470,0,1,0,13117.5,1.17391304347826,0.0106522874796592,0.0810236105408492,0.0815903054448871,0,"Économique",0.0810236105408492,0.0815903054448871,1,1,1,0,0.0405118052704246,0.0407951527224436,0.333333333333333,0,0.12439208739786,12.439208739786,0.0141535111594992,0.959488194729575,0.87560791260214,0.736869145164586,73.6869145164586,"SURVEILLER (FAIBLE VOLUME)"
"PHARMACIE ST JEAN","Pharmacie","ABIDJAN",47,45,35,906317,878762,27555,20140.3777777778,25894.7714285714,0.0313566130533637,1.28571428571429,0.0212765957446809,13117.5,1.17391304347826,0.0106522874796592,0.465640539214018,0.104280775401687,2.94365065843745,"Économique",0.465640539214018,0.104280775401687,1,1,1,0,0.232820269607009,0.0521403877008433,0.333333333333333,1,0.285488197192356,28.5488197192356,0.743059335873707,0.767179730392991,0.714511802807644,0.741288480454996,74.1288480454996,"CONSERVER"
"PHARMACIE ST JEAN - PAUL II","Pharmacie","ABIDJAN",61,58,38,1062535,1037370,25165,18319.5689655172,27961.4473684211,0.0242584613011751,1.52631578947368,0.0163934426229508,13117.5,1.17391304347826,0.0106522874796592,0.42448102928335,0.12385319406899,2.27730065936516,"Économique",0.42448102928335,0.12385319406899,1,1,1,0,0.212240514641675,0.0619265970344951,0.333333333333333,1,0.282250133502851,28.2250133502851,0.766467065868264,0.787759485358325,0.717749866497149,0.755497153915842,75.5497153915842,"PRIVILÉGIER"
"PHARMACIE ST JOSEPH ARTISAN","Pharmacie","ABIDJAN",1,1,1,2180,2180,0,2180,2180,0,1,0,13117.5,1.17391304347826,0.0106522874796592,0.0509024412043376,0.0815903054448871,0,"Économique",0.0509024412043376,0.0815903054448871,1,1,1,0,0.0254512206021688,0.0407951527224436,0.333333333333333,0,0.119873911997384,11.9873911997384,0.0065323897659227,0.974548779397831,0.880126088002616,0.743176424913364,74.3176424913364,"SURVEILLER (FAIBLE VOLUME)"
"PHARMACIE ST LAURENT","Pharmacie","ABIDJAN",18,18,14,284015,277845,6170,15778.6111111111,20286.7857142857,0.0222066259965088,1.28571428571429,0,13117.5,1.17391304347826,0.0106522874796592,0.36842652494011,0.104901821286283,2.08468143944791,"Économique",0.36842652494011,0.104901821286283,1,1,1,0,0.184213262470055,0.0524509106431417,0.333333333333333,1,0.270999251933959,27.0999251933959,0.531845400108873,0.815786737529945,0.729000748066041,0.724284074260169,72.4284074260169,"SURVEILLER (FAIBLE VOLUME)"
"PHARMACIE ST LOUIS DE GONZAG","Pharmacie","ABIDJAN",14,14,12,152580,152580,0,10898.5714285714,12715,0,1.16666666666667,0,13117.5,1.17391304347826,0.0106522874796592,0.254478849245014,0.0951886896857016,0,"Économique",0.254478849245014,0.0951886896857016,1,1,1,0,0.127239424622507,0.0475943448428508,0.333333333333333,0,0.152450130839607,15.2450130839607,0.434948285247686,0.872760575377493,0.847549869160393,0.775113834864692,77.5113834864692,"SURVEILLER (FAIBLE VOLUME)"
"PHARMACIE ST LUCIEN","Pharmacie","ABIDJAN",3,3,3,25315,25315,0,8438.33333333333,8438.33333333333,0,1,0,13117.5,1.17391304347826,0.0106522874796592,0.197032920349817,0.0815903054448871,0,"Économique",0.197032920349817,0.0815903054448871,1,1,1,0,0.0985164601749087,0.0407951527224436,0.333333333333333,0,0.141793483869206,14.1793483869206,0.199782253674469,0.901483539825091,0.858206516130794,0.743832473117248,74.3832473117248,"SURVEILLER (FAIBLE VOLUME)"
"PHARMACIE ST MARIE TIASSALE","Pharmacie","HORS-ABIDJAN",1,1,1,25130,19730,5400,25130,25130,0.273694880892043,1,0,13117.5,1.17391304347826,0.0106522874796592,0.586779058470185,0.0815903054448871,25.6935312170902,"Économique",0.586779058470185,0.0815903054448871,1,1,1,0,0.293389529235092,0.0407951527224436,0.333333333333333,1,0.300255404587261,30.0255404587261,0.198693522046815,0.706610470764908,0.699744595412739,0.602280730880422,60.2280730880422,"SURVEILLER (FAIBLE VOLUME)"
"PHARMACIE ST MARTIN","Pharmacie","ABIDJAN",41,40,20,415272,405020,10252,10381.8,20763.6,0.025312330255296,2,0,13117.5,1.17391304347826,0.0106522874796592,0.242412368851005,0.163180610889774,2.37623424110836,"Économique",0.242412368851005,0.163180610889774,1,1,1,0,0.121206184425503,0.0815903054448871,0.333333333333333,1,0.260838946961117,26.0838946961117,0.603157321720196,0.878793815574497,0.739161053038883,0.767813411789391,76.7813411789391,"PRIVILÉGIER"
"PHARMACIE ST MARTIN DE FAYA","Pharmacie","ABIDJAN",46,42,31,613410,555850,57560,14605,19787.4193548387,0.103553116848071,1.35483870967742,0.0217391304347826,13117.5,1.17391304347826,0.0106522874796592,0.337426577519657,0.109803389421003,9.72120936895553,"Économique",0.337426577519657,0.109803389421003,1,1,1,0,0.168713288759829,0.0549016947105017,0.333333333333333,1,0.267084495041099,26.7084495041099,0.667392487751769,0.831286711240171,0.732915504958901,0.759159384029983,75.9159384029983,"PRIVILÉGIER"
"PHARMACIE ST MICHEL","Pharmacie","ABIDJAN",20,20,17,193494,172568,20926,9674.7,11382,0.121262342960456,1.17647058823529,0,13117.5,1.17391304347826,0.0106522874796592,0.225901765100736,0.0959885946410437,11.383690422551,"Économique",0.225901765100736,0.0959885946410437,1,1,1,0,0.112950882550368,0.0479942973205218,0.333333333333333,1,0.248283553961267,24.8283553961267,0.469243331518781,0.887049117449632,0.751716446038733,0.749354891699102,74.9354891699102,"CONSERVER"
"PHARMACIE ST PIERRE D'ANONO","Pharmacie","ABIDJAN",65,63,42,662626,636455,26171,10517.873015873,15776.8095238095,0.0411199534923914,1.5,0,13117.5,1.17391304347826,0.0106522874796592,0.245589638892277,0.122385458167331,3.86019937697993,"Économique",0.245589638892277,0.122385458167331,1,1,1,0,0.122794819446139,0.0611927290836653,0.333333333333333,1,0.255196264558941,25.5196264558941,0.680457267283615,0.877205180553861,0.744803735441059,0.784895019854691,78.4895019854691,"PRIVILÉGIER"
"PHARMACIE ST PIERRE DES ROSEES","Pharmacie","ABIDJAN",2,2,2,26070,26070,0,13035,13035,0,1,0,13117.5,1.17391304347826,0.0106522874796592,0.304363908760798,0.0815903054448871,0,"Économique",0.304363908760798,0.0815903054448871,1,1,1,0,0.152181954380399,0.0407951527224436,0.333333333333333,0,0.157893132130853,15.7893132130853,0.206859009254219,0.847818045619601,0.842106867869147,0.717341767246343,71.7341767246343,"SURVEILLER (FAIBLE VOLUME)"
"PHARMACIE ST RAPHAEL","Pharmacie","ABIDJAN",88,88,44,1066194,1047180,19014,12115.8409090909,24231.6818181818,0.0181573368475334,2,0,13117.5,1.17391304347826,0.0106522874796592,0.282901779594545,0.163180610889774,1.70454814350488,"Économique",0.282901779594545,0.163180610889774,1,1,1,0,0.141450889797272,0.0815903054448871,0.333333333333333,0.852274071752442,0.252139765747892,25.2139765747892,0.768100163309744,0.858549110202728,0.747860234252108,0.796183770443883,79.6183770443883,"PRIVILÉGIER"
"PHARMACIE ST SYLVESTRE","Pharmacie","ABIDJAN",545,530,301,7994741,7895570,99171,15084.4169811321,26560.6013289037,0.012560334466036,1.76079734219269,0.0055045871559633,13117.5,1.17391304347826,0.0106522874796592,0.351327047701713,0.14336614897346,1.17912086864162,"Économique",0.351327047701713,0.14336614897346,1,1,1,0,0.175663523850857,0.0716830744867299,0.333333333333333,0.589560434320812,0.233160022933357,23.3160022933357,0.968971148611867,0.824336476149143,0.766839977066643,0.830264811008688,83.0264811008688,"PRIVILÉGIER"
"PHARMACIE ST URIEL","Pharmacie","ABIDJAN",74,71,45,1031844,987677,44167,14533.014084507,22929.8666666667,0.0447180606615321,1.57777777777778,0,13117.5,1.17391304347826,0.0106522874796592,0.339342153650656,0.128731370813044,4.19797726515759,"Économique",0.339342153650656,0.128731370813044,1,1,1,0,0.169671076825328,0.0643656854065221,0.333333333333333,1,0.270211028669555,27.0211028669555,0.759390310288514,0.830328923174672,0.729788971330445,0.77592521985975,77.592521985975,"PRIVILÉGIER"
"PHARMACIE STAR 9 D'ANGRE","Pharmacie","ABIDJAN",68,67,57,898319,890150,8169,13407.7462686567,15759.9824561404,0.00917710498230635,1.17543859649123,0,13117.5,1.17391304347826,0.0106522874796592,0.313067438588521,0.0959043941194287,0.861514956278666,"Économique",0.313067438588521,0.0959043941194287,1,1,1,0,0.15653371929426,0.0479521970597144,0.333333333333333,0.430757478139333,0.204421522720126,20.4421522720126,0.741970604246053,0.84346628070574,0.795578477279874,0.804012024043456,80.4012024043456,"PRIVILÉGIER"
"PHARMACIE STE AGATHE - COCODY","Pharmacie","ABIDJAN",127,123,95,4046849,4027925,18924,32901.2113821138,42598.4105263158,0.00469820068645767,1.29473684210526,0.015748031496063,13117.5,1.17391304347826,0.0106522874796592,0.762683348735847,0.105176431276441,0.441050872446787,"Économique",0.762683348735847,0.105176431276441,1,1,1,0,0.381341674367924,0.0525882156382203,0.333333333333333,0.220525436223394,0.252231510624183,25.2231510624183,0.923244420250408,0.618658325632076,0.747768489375817,0.731219610053239,73.1219610053239,"CONSERVER"
"PHARMACIE STE AGATHE - KOUMASSI","Pharmacie","ABIDJAN",11,11,10,141510,136315,5195,12864.5454545455,14151,0.0381102593258262,1.1,0,13117.5,1.17391304347826,0.0106522874796592,0.300383838816756,0.0897493359893758,3.57765967155869,"Économique",0.300383838816756,0.0897493359893758,1,1,1,0,0.150191919408378,0.0448746679946879,0.333333333333333,1,0.25851997622092,25.851997622092,0.425694066412629,0.849808080591622,0.74148002377908,0.721654055030807,72.1654055030807,"SURVEILLER (FAIBLE VOLUME)"
"PHARMACIE STE ANNE","Pharmacie","ABIDJAN",74,73,31,1272956,1263002,9954,17437.7534246575,41063.0967741935,0.00788122267423171,2.35483870967742,0.027027027027027,13117.5,1.17391304347826,0.0106522874796592,0.40223388923908,0.189582515190091,0.739861995771435,"Économique",0.40223388923908,0.189582515190091,1,1,1,0,0.20111694461954,0.0947912575950455,0.333333333333333,0.369930997885718,0.225765560452947,22.5765560452947,0.792596624931954,0.79888305538046,0.774234439547053,0.787766322957396,78.7766322957396,"PRIVILÉGIER"
"PHARMACIE STE BEATRICE DES ROSIERS","Pharmacie","ABIDJAN",117,110,73,1980153,1931718,48435,18001.3909090909,27125.3835616438,0.0250735355781745,1.50684931506849,0,13117.5,1.17391304347826,0.0106522874796592,0.420327863461604,0.122944295875857,2.35381702062144,"Économique",0.420327863461604,0.122944295875857,1,1,1,0,0.210163931730802,0.0614721479379287,0.333333333333333,1,0.281490823900619,28.1490823900619,0.851932498639085,0.789836068269198,0.718509176099381,0.773724597475249,77.3724597475249,"PRIVILÉGIER"
"PHARMACIE STE CECILE DES VALLONS","Pharmacie","ABIDJAN",115,109,71,2378749,2303359,75390,21823.3853211009,33503.5070422535,0.0327304601670864,1.53521126760563,0.0173913043478261,13117.5,1.17391304347826,0.0106522874796592,0.505419034357135,0.124891696951717,3.07262268593352,"Économique",0.505419034357135,0.124891696951717,1,1,1,0,0.252709517178568,0.0624458484758584,0.333333333333333,1,0.294546609696328,29.4546609696328,0.875884594447469,0.747290482821432,0.705453390303672,0.756274468139536,75.6274468139536,"PRIVILÉGIER"
"PHARMACIE STE CLEMENTINE","Pharmacie","ABIDJAN",30,30,30,373064,345430,27634,12435.4666666667,12435.4666666667,0.0799988420229858,1,0.0333333333333333,13117.5,1.17391304347826,0.0106522874796592,0.286095903073689,0.0810273193127567,7.51001530664148,"Économique",0.286095903073689,0.0810273193127567,1,1,1,0,0.143047951536845,0.0405136596563783,0.333333333333333,1,0.255068483357967,25.5068483357967,0.582471420794774,0.856952048463155,0.744931516642033,0.75724771020103,75.724771020103,"PRIVILÉGIER"
"PHARMACIE STE DOROTHEE","Pharmacie","ABIDJAN",1,1,1,11095,11095,0,11095,11095,0,1,0,13117.5,1.17391304347826,0.0106522874796592,0.259065406037672,0.0815903054448871,0,"Économique",0.259065406037672,0.0815903054448871,1,1,1,0,0.129532703018836,0.0407951527224436,0.333333333333333,0,0.151098356722384,15.1098356722384,0.0865541643984758,0.870467296981164,0.848901643277616,0.705058408983207,70.5058408983207,"SURVEILLER (FAIBLE VOLUME)"
"PHARMACIE STE JEANNE","Pharmacie","ABIDJAN",6,6,6,95980,95980,0,15996.6666666667,15996.6666666667,0,1,0.166666666666667,13117.5,1.17391304347826,0.0106522874796592,0.347585145753626,0.0788509818642148,0,"Économique",0.347585145753626,0.0788509818642148,1,1,1,0,0.173792572876813,0.0394254909321074,0.333333333333333,0,0.163965419142676,16.3965419142676,0.370713119216113,0.826207427123187,0.836034580857324,0.739039427035427,73.9039427035427,"SURVEILLER (FAIBLE VOLUME)"
"PHARMACIE STE MADELEINE NIMBO","Pharmacie","HORS-ABIDJAN",1,1,1,4000,4000,0,4000,4000,0,1,0,13117.5,1.17391304347826,0.0106522874796592,0.0933989746868579,0.0815903054448871,0,"Économique",0.0933989746868579,0.0815903054448871,1,1,1,0,0.046699487343429,0.0407951527224436,0.333333333333333,0,0.126248392019762,12.6248392019762,0.0179640718562874,0.953300512656571,0.873751607980238,0.734413662625981,73.4413662625981,"SURVEILLER (FAIBLE VOLUME)"
"PHARMACIE STE MARIE - TIASSALE","Pharmacie","HORS-ABIDJAN",35,33,21,374335,341710,32625,11343.4848484848,17825.4761904762,0.0954756957654151,1.57142857142857,0,13117.5,1.17391304347826,0.0106522874796592,0.264867463556098,0.12821333712768,8.96292894345261,"Économique",0.264867463556098,0.12821333712768,1,1,1,0,0.132433731778049,0.0641066685638399,0.333333333333333,1,0.258962120102567,25.8962120102567,0.583560152422428,0.867566268221951,0.741037879897433,0.760153689732239,76.0153689732239,"PRIVILÉGIER"
"PHARMACIE STE MARIE MAJEURE","Pharmacie","ABIDJAN",24,24,20,440505,415430,25075,18354.375,22025.25,0.0603591459451652,1.2,0.0416666666666667,13117.5,1.17391304347826,0.0106522874796592,0.420722547412204,0.0968984757000129,5.6663083924859,"Économique",0.420722547412204,0.0968984757000129,1,1,1,0,0.210361273706102,0.0484492378500064,0.333333333333333,1,0.277643153466833,27.7643153466833,0.613500272182907,0.789638726293898,0.722356846533167,0.727498283567408,72.7498283567408,"CONSERVER"
"PHARMACIE STE PAULINE - GAGNOA","Pharmacie","HORS-ABIDJAN",33,32,10,466840,466840,0,14588.75,46684,0,3.2,0,13117.5,1.17391304347826,0.0106522874796592,0.340643572990725,0.261088977423639,0,"Économique",0.340643572990725,0.261088977423639,1,1,1,0,0.170321786495362,0.130544488711819,0.333333333333333,0,0.190259882562154,19.0259882562154,0.624931954273272,0.829678213504638,0.809740117437846,0.780753723231648,78.0753723231648,"PRIVILÉGIER"
"PHARMACIE STE RITA CASCIA","Pharmacie","ABIDJAN",64,62,35,722930,721750,1180,11660.1612903226,20655.1428571429,0.00163491513682023,1.77142857142857,0.015625,13117.5,1.17391304347826,0.0106522874796592,0.270310081957697,0.143675734997879,0.15348019286394,"Économique",0.270310081957697,0.143675734997879,1,1,1,0,0.135155040978849,0.0718378674989396,0.333333333333333,0.0767400964319702,0.169771882186533,16.9771882186533,0.698965704953729,0.864844959021151,0.830228117813467,0.817822371724593,81.7822371724593,"PRIVILÉGIER"
"PHARMACIE STE THERESE","Pharmacie","ABIDJAN",4,4,4,29700,29700,0,7425,7425,0,1,0,13117.5,1.17391304347826,0.0106522874796592,0.17337184676248,0.0815903054448871,0,"Économique",0.17337184676248,0.0815903054448871,1,1,1,0,0.08668592338124,0.0407951527224436,0.333333333333333,0,0.138244322831105,13.8244322831105,0.213935764833968,0.91331407661876,0.861755677168895,0.752815054481856,75.2815054481856,"SURVEILLER (FAIBLE VOLUME)"
"PHARMACIE TCHERGNIM","Pharmacie","HORS-ABIDJAN",3,3,3,24015,19855,4160,8005,8005,0.209519012843113,1,0.333333333333333,13117.5,1.17391304347826,0.0106522874796592,0.162645167315742,0.0762896240534938,19.6689221205487,"Économique",0.162645167315742,0.0762896240534938,1,1,1,0,0.081322583657871,0.0381448120267469,0.333333333333333,1,0.235840218705385,23.5840218705385,0.191072400653239,0.918677416342129,0.764159781294615,0.711349359185345,71.1349359185345,"SURVEILLER (FAIBLE VOLUME)"
"PHARMACIE TEHIA","Pharmacie","HORS-ABIDJAN",13,13,6,281505,274410,7095,21654.2307692308,46917.5,0.0258554717393681,2.16666666666667,0,13117.5,1.17391304347826,0.0106522874796592,0.505620737869691,0.176778995130589,2.42722248988678,"Économique",0.505620737869691,0.176778995130589,1,1,1,0,0.252810368934846,0.0883894975652944,0.333333333333333,1,0.302359959950042,30.2359959950042,0.529667936853566,0.747189631065154,0.697640040049958,0.683865455816758,68.3865455816758,"SURVEILLER (FAIBLE VOLUME)"
"PHARMACIE TERA","Pharmacie","ABIDJAN",81,76,51,1031329,1000196,31133,13570.1184210526,20222.137254902,0.031126899127771,1.49019607843137,0.037037037037037,13117.5,1.17391304347826,0.0106522874796592,0.311356950003889,0.120599742166959,2.922085907577,"Économique",0.311356950003889,0.120599742166959,1,1,1,0,0.155678475001945,0.0602998710834795,0.333333333333333,1,0.264793503825627,26.4793503825627,0.758845944474687,0.844321524998055,0.735206496174373,0.783580397363909,78.3580397363909,"PRIVILÉGIER"
"PHARMACIE TEREZA","Pharmacie","ABIDJAN",82,81,62,1405020,1395330,9690,17345.9259259259,22661.6129032258,0.00694459375201565,1.30645161290323,0.0121951219512195,13117.5,1.17391304347826,0.0106522874796592,0.402796835231203,0.106236620205821,0.651934503765181,"Économique",0.402796835231203,0.106236620205821,1,1,1,0,0.201398417615601,0.0531183101029105,0.333333333333333,0.32596725188259,0.208951743503813,20.8951743503813,0.807838867719107,0.798601582384398,0.791048256496187,0.797427709096056,79.7427709096056,"PRIVILÉGIER"
"PHARMACIE THEODORA","Pharmacie","ABIDJAN",1,1,1,8510,8510,0,8510,8510,0,1,0,13117.5,1.17391304347826,0.0106522874796592,0.19870631864629,0.0815903054448871,0,"Économique",0.19870631864629,0.0815903054448871,1,1,1,0,0.0993531593231451,0.0407951527224436,0.333333333333333,0,0.142044493613677,14.2044493613677,0.0582471420794774,0.900646840676855,0.857955506386323,0.715090367241167,71.5090367241167,"SURVEILLER (FAIBLE VOLUME)"
"PHARMACIE TIZRA","Pharmacie","ABIDJAN",46,44,28,1256445,1236660,19785,28555.5681818182,44873.0357142857,0.0159987385376741,1.57142857142857,0,13117.5,1.17391304347826,0.0106522874796592,0.66676519744562,0.12821333712768,1.50190638097442,"Économique",0.66676519744562,0.12821333712768,1,1,1,0,0.33338259872281,0.0641066685638399,0.333333333333333,0.750953190487211,0.294342099234716,29.4342099234716,0.78987479586282,0.66661740127719,0.705657900765284,0.706885079989554,70.6885079989554,"CONSERVER"
"PHARMACIE TSF","Pharmacie","ABIDJAN",55,55,39,830380,822290,8090,15097.8181818182,21291.7948717949,0.00983837818774398,1.41025641025641,0.0181818181818182,13117.5,1.17391304347826,0.0106522874796592,0.349684055343917,0.114451542754861,0.923593003524419,"Économique",0.349684055343917,0.114451542754861,1,1,1,0,0.174842027671958,0.0572257713774306,0.333333333333333,0.46179650176221,0.215799989891038,21.5799989891038,0.722373434948285,0.825157972328042,0.784200010108962,0.788217879964459,78.8217879964459,"PRIVILÉGIER"
"PHARMACIE TSF DE BOUAKE","Pharmacie","HORS-ABIDJAN",43,41,23,560112,545090,15022,13661.2682926829,24352.6956521739,0.0275587517657635,1.78260869565217,0,13117.5,1.17391304347826,0.0106522874796592,0.318987112864667,0.145443587966973,2.58712054273672,"Économique",0.318987112864667,0.145443587966973,1,1,1,0,0.159493556432333,0.0727217939834864,0.333333333333333,1,0.269664605124746,26.9664605124746,0.651061513336962,0.840506443567667,0.730335394875254,0.758549038044561,75.8549038044561,"PRIVILÉGIER"
"PHARMACIE VAL D'OISE","Pharmacie","ABIDJAN",320,311,173,4858732,4685757,172975,15622.9324758842,28085.1560693642,0.0369150598291802,1.79768786127168,0.003125,13117.5,1.17391304347826,0.0106522874796592,0.364267143089394,0.146497390902061,3.46545846604971,"Économique",0.364267143089394,0.146497390902061,1,1,1,0,0.182133571544697,0.0732486954510307,0.333333333333333,1,0.276614680098718,27.6614680098718,0.934676102340773,0.817866428455303,0.723385319901282,0.803435919810788,80.3435919810788,"PRIVILÉGIER"
"PHARMACIE VALENTINE AYA","Pharmacie","HORS-ABIDJAN",5,5,4,45990,43890,2100,9198,11497.5,0.0478468899521531,1.25,0,13117.5,1.17391304347826,0.0106522874796592,0.21477094229243,0.101987881806109,4.49170096502916,"Économique",0.21477094229243,0.101987881806109,1,1,1,0,0.107385471146215,0.0509939409030545,0.333333333333333,1,0.247513823614781,24.7513823614781,0.275449101796407,0.892614528853785,0.752486176385219,0.713130102454883,71.3130102454883,"SURVEILLER (FAIBLE VOLUME)"
"PHARMACIE VICTOIRE-MARIE DE BLOCKHAUSS","Pharmacie","ABIDJAN",14,14,9,159270,150140,9130,11376.4285714286,17696.6666666667,0.0608099107499667,1.55555555555556,0,13117.5,1.17391304347826,0.0106522874796592,0.265636691042426,0.126918252914269,5.70862463729831,"Économique",0.265636691042426,0.126918252914269,1,1,1,0,0.132818345521213,0.0634591264571344,0.333333333333333,1,0.258883241593504,25.8883241593504,0.440391943385955,0.867181654478787,0.741116758406496,0.731397753831304,73.1397753831304,"SURVEILLER (FAIBLE VOLUME)"
"PHARMACIE VICTOR TENENA","Pharmacie","HORS-ABIDJAN",2,2,2,14430,14430,0,7215,7215,0,1,0,13117.5,1.17391304347826,0.0106522874796592,0.16846840059142,0.0815903054448871,0,"Économique",0.16846840059142,0.0815903054448871,1,1,1,0,0.08423420029571,0.0407951527224436,0.333333333333333,0,0.137508805905446,13.7508805905446,0.115405552531301,0.91576579970429,0.862491194094554,0.734383908025798,73.4383908025798,"SURVEILLER (FAIBLE VOLUME)"
"PHARMACIE VRIDI PALM BEACH","Pharmacie","ABIDJAN",1,1,1,5290,5290,0,5290,5290,0,1,0,13117.5,1.17391304347826,0.0106522874796592,0.12352014402337,0.0815903054448871,0,"Économique",0.12352014402337,0.0815903054448871,1,1,1,0,0.0617600720116848,0.0407951527224436,0.333333333333333,0,0.130766567420239,13.0766567420239,0.0321175830157866,0.938239927988315,0.869233432579761,0.729412860830388,72.9412860830388,"SURVEILLER (FAIBLE VOLUME)"
"PHARMACIE VRIDI-VILLAGE","Pharmacie","ABIDJAN",1,1,1,16840,16840,0,16840,16840,0,1,0,13117.5,1.17391304347826,0.0106522874796592,0.393209683431672,0.0815903054448871,0,"Économique",0.393209683431672,0.0815903054448871,1,1,1,0,0.196604841715836,0.0407951527224436,0.333333333333333,0,0.171219998331484,17.1219998331484,0.142079477408819,0.803395158284164,0.828780001668516,0.681285959462836,68.1285959462836,"SURVEILLER (FAIBLE VOLUME)"
"PHARMACIE WAHON","Pharmacie","HORS-ABIDJAN",1,1,1,2025,2025,0,2025,2025,0,1,0,13117.5,1.17391304347826,0.0106522874796592,0.0472832309352218,0.0815903054448871,0,"Économique",0.0472832309352218,0.0815903054448871,1,1,1,0,0.0236416154676109,0.0407951527224436,0.333333333333333,0,0.119331030457016,11.9331030457016,0.00598802395209581,0.976358384532389,0.880668969542984,0.744008546420568,74.4008546420568,"SURVEILLER (FAIBLE VOLUME)"
"PHARMACIE WASSAKARA","Pharmacie","ABIDJAN",5,5,5,72505,72505,0,14501,14501,0,1,0,13117.5,1.17391304347826,0.0106522874796592,0.338594632983532,0.0815903054448871,0,"Économique",0.338594632983532,0.0815903054448871,1,1,1,0,0.169297316491766,0.0407951527224436,0.333333333333333,0,0.163027740764263,16.3027740764263,0.336962438758846,0.830702683508234,0.836972259235737,0.734462464849358,73.4462464849358,"SURVEILLER (FAIBLE VOLUME)"
"PHARMACIE WASSIA - GD-BASSAM","Pharmacie","HORS-ABIDJAN",6,5,5,70620,70320,300,14124,14124,0.00426621160409556,1,0,13117.5,1.17391304347826,0.0106522874796592,0.329791779619295,0.0815903054448871,0.400497227683914,"Économique",0.329791779619295,0.0815903054448871,1,1,1,0,0.164895889809648,0.0407951527224436,0.333333333333333,0.200248613841957,0.181732174143823,18.1732174143823,0.334784975503538,0.835104110190352,0.818267825856177,0.728305769519319,72.8305769519319,"SURVEILLER (FAIBLE VOLUME)"
"PHARMACIE WATTA -HIRE","Pharmacie","HORS-ABIDJAN",1,1,1,11880,11880,0,11880,11880,0,1,0,13117.5,1.17391304347826,0.0106522874796592,0.277394954819968,0.0815903054448871,0,"Économique",0.277394954819968,0.0815903054448871,1,1,1,0,0.138697477409984,0.0407951527224436,0.333333333333333,0,0.153847789039728,15.3847789039728,0.0925421883505716,0.861302522590016,0.846152210960272,0.701490331090229,70.1490331090229,"SURVEILLER (FAIBLE VOLUME)"
"PHARMACIE WILLIAM PONTY","Pharmacie","ABIDJAN",19,18,18,197400,195605,1795,10966.6666666667,10966.6666666667,0.00917665703841926,1,0,13117.5,1.17391304347826,0.0106522874796592,0.256068855599802,0.0815903054448871,0.861472904851876,"Économique",0.256068855599802,0.0815903054448871,1,1,1,0,0.128034427799901,0.0407951527224436,0.333333333333333,0.430736452425938,0.193722519399297,19.3722519399297,0.472509526401742,0.871965572200099,0.806277480600703,0.765799126400669,76.5799126400669,"SURVEILLER (FAIBLE VOLUME)"
"PHARMACIE YACINE","Pharmacie","ABIDJAN",17,16,13,187265,171115,16150,11704.0625,14405,0.0943809718610291,1.23076923076923,0,13117.5,1.17391304347826,0.0106522874796592,0.273286859292726,0.10041883747063,8.8601600399212,"Économique",0.273286859292726,0.10041883747063,1,1,1,0,0.136643429646363,0.0502094187353152,0.333333333333333,1,0.256055854514503,25.6055854514503,0.462710941752858,0.863356570353637,0.743944145485497,0.735462474686225,73.5462474686225,"SURVEILLER (FAIBLE VOLUME)"
"PHARMACIE YANDI","Pharmacie","ABIDJAN",2,2,2,18710,18710,0,9355,9355,0,1,0,13117.5,1.17391304347826,0.0106522874796592,0.218436852048889,0.0815903054448871,0,"Économique",0.218436852048889,0.0815903054448871,1,1,1,0,0.109218426024444,0.0407951527224436,0.333333333333333,0,0.145004073624066,14.5004073624066,0.162221012520414,0.890781573975556,0.854995926375934,0.730755202644678,73.0755202644678,"SURVEILLER (FAIBLE VOLUME)"
"PHARMACIE YARAPHA","Pharmacie","ABIDJAN",4,4,4,51750,51750,0,12937.5,12937.5,0,1,0,13117.5,1.17391304347826,0.0106522874796592,0.302087308752806,0.0815903054448871,0,"Économique",0.302087308752806,0.0815903054448871,1,1,1,0,0.151043654376403,0.0407951527224436,0.333333333333333,0,0.157551642129654,15.7551642129654,0.288513881328253,0.848956345623597,0.842448357870346,0.734264657663228,73.4264657663228,"SURVEILLER (FAIBLE VOLUME)"
"PHARMACIE YELE - GD-BASSAM","Pharmacie","HORS-ABIDJAN",62,62,55,766680,738640,28040,12365.8064516129,13939.6363636364,0.0379616592656775,1.12727272727273,0.0161290322580645,13117.5,1.17391304347826,0.0106522874796592,0.286668603648109,0.0916272703125416,3.563709610557,"Économique",0.286668603648109,0.0916272703125416,1,1,1,0,0.143334301824054,0.0458136351562708,0.333333333333333,1,0.256744381094098,25.6744381094098,0.70930865541644,0.856665698175946,0.743255618905902,0.781830257916027,78.1830257916027,"PRIVILÉGIER"
"PHARMACIE YOP ANADOR","Pharmacie","ABIDJAN",110,106,70,1870984,1843515,27469,17650.7924528302,26728.3428571429,0.0149003398399254,1.51428571428571,0.0272727272727273,13117.5,1.17391304347826,0.0106522874796592,0.406985211294363,0.122457091108767,1.39879250051953,"Économique",0.406985211294363,0.122457091108767,1,1,1,0,0.203492605647182,0.0612285455543834,0.333333333333333,0.699396250259766,0.249355970386446,24.9355970386446,0.844311377245509,0.796507394352818,0.750644029613554,0.787722845035651,78.7722845035651,"PRIVILÉGIER"
"PHARMACIE YOPOUGON KOUTE","Pharmacie","ABIDJAN",1,1,1,12280,12280,0,12280,12280,0,1,0,13117.5,1.17391304347826,0.0106522874796592,0.286734852288654,0.0815903054448871,0,"Économique",0.286734852288654,0.0815903054448871,1,1,1,0,0.143367426144327,0.0407951527224436,0.333333333333333,0,0.155248773660031,15.5248773660031,0.0996189439303212,0.856632573855673,0.844751226339969,0.700477308864321,70.0477308864321,"SURVEILLER (FAIBLE VOLUME)"
"PHARMACIE YOTIKI - DIMBOKRO","Pharmacie","HORS-ABIDJAN",15,15,11,146921,138490,8431,9794.73333333333,13356.4545454545,0.0608780417358654,1.36363636363636,0,13117.5,1.17391304347826,0.0106522874796592,0.228704512666131,0.111259507424846,5.7150205392141,"Économique",0.228704512666131,0.111259507424846,1,1,1,0,0.114352256333065,0.055629753712423,0.333333333333333,1,0.250994603013647,25.0994603013647,0.430048992923244,0.885647743666935,0.749005396986353,0.739871054845964,73.9871054845964,"SURVEILLER (FAIBLE VOLUME)"
"PHARMACIE ZANON PIERRE - ABOBO BAOULE","Pharmacie","ABIDJAN",21,21,17,228806,219220,9586,10895.5238095238,13459.1764705882,0.043727762065505,1.23529411764706,0,13117.5,1.17391304347826,0.0106522874796592,0.254407688121443,0.100788024373096,4.10501144932525,"Économique",0.254407688121443,0.100788024373096,1,1,1,0,0.127203844060721,0.0503940121865479,0.333333333333333,1,0.253279356874181,25.3279356874181,0.498094719651606,0.872796155939279,0.746720643125819,0.74742566355636,74.742566355636,"CONSERVER"
"PHARMACIE ZEULAYET","Pharmacie","ABIDJAN",16,16,16,220941,204890,16051,13808.8125,13808.8125,0.07833959685685,1,0,13117.5,1.17391304347826,0.0106522874796592,0.322432232285767,0.0815903054448871,7.35425109455988,"Économique",0.322432232285767,0.0815903054448871,1,1,1,0,0.161216116142883,0.0407951527224436,0.333333333333333,1,0.260603380659598,26.0603380659598,0.49210669569951,0.838783883857117,0.739396619340402,0.72969354041891,72.969354041891,"SURVEILLER (FAIBLE VOLUME)"
"PHARMACIE ZONE INDUSTRIELLE YOP","Pharmacie","ABIDJAN",5,4,4,115920,115920,0,28980,28980,0,1,0.2,13117.5,1.17391304347826,0.0106522874796592,0.608568677506629,0.0775491590623363,0,"Économique",0.608568677506629,0.0775491590623363,1,1,1,0,0.304284338753314,0.0387745795311681,0.333333333333333,0,0.202917675485345,20.2917675485345,0.394665215024496,0.695715661246686,0.797082324514655,0.676052237309436,67.6052237309436,"SURVEILLER (FAIBLE VOLUME)"
"PHARMACIE ZONE MICAO","Pharmacie","ABIDJAN",43,43,18,1539817,1532660,7157,35809.6976744186,85545.3888888889,0.00466965928516435,2.38888888888889,0.0232558139534884,13117.5,1.17391304347826,0.0106522874796592,0.827532209289732,0.192678919268697,0.438371504156379,"Économique",0.827532209289732,0.192678919268697,1,1,1,0,0.413766104644866,0.0963394596343486,0.333333333333333,0.219185752078189,0.274950244491583,27.4950244491583,0.818726183995645,0.586233895355134,0.725049755508417,0.688258697144549,68.8258697144549,"CONSERVER"
"PHCE COLOMBE","Autre","ABIDJAN",1,1,1,3485,3485,0,3485,3485,0,1,0,31737.9656862745,1,0.0133114157048418,0.081373856695925,0.0815903054448871,0,"Économique",0.081373856695925,0.0815903054448871,1,1,1,0,0.0406869283479625,0.0407951527224436,0.333333333333333,0,0.124444624321122,12.4444624321122,0.0146978769733261,0.959313071652037,0.875555375678878,0.736886954327031,73.6886954327031,"SURVEILLER (FAIBLE VOLUME)"
"PHCIE 8E TRANCHE","Pharmacie","ABIDJAN",2,2,2,24210,24210,0,12105,12105,0,1,0,13117.5,1.17391304347826,0.0106522874796592,0.282648647146104,0.0815903054448871,0,"Économique",0.282648647146104,0.0815903054448871,1,1,1,0,0.141324323573052,0.0407951527224436,0.333333333333333,0,0.154635842888649,15.4635842888649,0.19270549809472,0.858675676426948,0.845364157111351,0.720157033034264,72.0157033034264,"SURVEILLER (FAIBLE VOLUME)"
"PHCIE AKRE ALBERT ASSAN","Pharmacie","ABIDJAN",1,1,1,5470,5470,0,5470,5470,0,1,0,13117.5,1.17391304347826,0.0106522874796592,0.127723097884278,0.0815903054448871,0,"Économique",0.127723097884278,0.0815903054448871,1,1,1,0,0.0638615489421391,0.0407951527224436,0.333333333333333,0,0.131397010499375,13.1397010499375,0.0332063146434404,0.936138451057861,0.868602989500625,0.728537839152082,72.8537839152083,"SURVEILLER (FAIBLE VOLUME)"
"PHCIE AN-NASR ANYAMA","Pharmacie","ABIDJAN",1,1,1,12665,12665,0,12665,12665,0,1,0,13117.5,1.17391304347826,0.0106522874796592,0.295724503602264,0.0815903054448871,0,"Économique",0.295724503602264,0.0815903054448871,1,1,1,0,0.147862251801132,0.0407951527224436,0.333333333333333,0,0.156597221357073,15.6597221357073,0.103973870440936,0.852137748198868,0.843402778642927,0.699010984824906,69.9010984824906,"SURVEILLER (FAIBLE VOLUME)"
"PHCIE BAB ATTAWHID","Pharmacie","ABIDJAN",1,1,1,26037,16437,9600,26037,26037,0.584048183975178,1,0,13117.5,1.17391304347826,0.0106522874796592,0.60795727598043,0.0815903054448871,54.828428644123,"Économique",0.60795727598043,0.0815903054448871,1,1,1,0,0.303978637990215,0.0407951527224436,0.333333333333333,1,0.303432137213798,30.3432137213798,0.206314643440392,0.696021362009785,0.696567862786202,0.598298618606473,59.8298618606473,"SURVEILLER (FAIBLE VOLUME)"
"PHCIE BLV Y4","Pharmacie","ABIDJAN",1,1,1,4505,4505,0,4505,4505,0,1,0,13117.5,1.17391304347826,0.0106522874796592,0.105190595241074,0.0815903054448871,0,"Économique",0.105190595241074,0.0815903054448871,1,1,1,0,0.0525952976205369,0.0407951527224436,0.333333333333333,0,0.128017135102894,12.8017135102894,0.0223189983669026,0.947404702379463,0.871982864897106,0.732218826584008,73.2218826584008,"SURVEILLER (FAIBLE VOLUME)"
"PHCIE BLVD Y 4","Pharmacie","ABIDJAN",1,1,1,3045,3045,0,3045,3045,0,1,0,13117.5,1.17391304347826,0.0106522874796592,0.0710999694803706,0.0815903054448871,0,"Économique",0.0710999694803706,0.0815903054448871,1,1,1,0,0.0355499847401853,0.0407951527224436,0.333333333333333,0,0.122903541238789,12.2903541238789,0.0108873162765378,0.964450015259815,0.877096458761211,0.738796052863718,73.8796052863718,"SURVEILLER (FAIBLE VOLUME)"
"PHCIE BOULEVARD Y 4","Pharmacie","ABIDJAN",1,1,1,19650,19650,0,19650,19650,0,1,0,13117.5,1.17391304347826,0.0106522874796592,0.45882246314919,0.0815903054448871,0,"Économique",0.45882246314919,0.0815903054448871,1,1,1,0,0.229411231574595,0.0407951527224436,0.333333333333333,0,0.181061915289111,18.1061915289111,0.168753402286336,0.770588768425405,0.818938084710888,0.669561421711785,66.9561421711785,"SURVEILLER (FAIBLE VOLUME)"
"PHCIE CARREFOUR BOBY","Pharmacie","ABIDJAN",1,1,1,19125,19125,0,19125,19125,0,1,0,13117.5,1.17391304347826,0.0106522874796592,0.446563847721539,0.0815903054448871,0,"Économique",0.446563847721539,0.0815903054448871,1,1,1,0,0.22328192386077,0.0407951527224436,0.333333333333333,0,0.179223122974964,17.9223122974964,0.166031573217202,0.77671807613923,0.820776877025036,0.672204295909147,67.2204295909147,"SURVEILLER (FAIBLE VOLUME)"
"PHCIE DE L'ARCHANGE","Pharmacie","ABIDJAN",1,1,1,9085,9085,0,9085,9085,0,1,0,13117.5,1.17391304347826,0.0106522874796592,0.212132421257526,0.0815903054448871,0,"Économique",0.212132421257526,0.0815903054448871,1,1,1,0,0.106066210628763,0.0407951527224436,0.333333333333333,0,0.144058409005362,14.4058409005362,0.0642351660315732,0.893933789371237,0.855941590994638,0.712797185352665,71.2797185352665,"SURVEILLER (FAIBLE VOLUME)"
"PHCIE DE L'ETERNEL OUELLE","Pharmacie","ABIDJAN",2,2,1,19360,19360,0,9680,19360,0,2,0,13117.5,1.17391304347826,0.0106522874796592,0.226025518742196,0.163180610889774,0,"Économique",0.226025518742196,0.163180610889774,1,1,1,0,0.113012759371098,0.0815903054448871,0.333333333333333,0,0.158380919444796,15.8380919444796,0.167664670658683,0.886987240628902,0.841619080555204,0.724975462605379,72.4975462605379,"SURVEILLER (FAIBLE VOLUME)"
"PHCIE DE L'IMMACULEE","Pharmacie","ABIDJAN",1,1,1,19660,19660,0,19660,19660,0,1,0,13117.5,1.17391304347826,0.0106522874796592,0.459055960585907,0.0815903054448871,0,"Économique",0.459055960585907,0.0815903054448871,1,1,1,0,0.229527980292953,0.0407951527224436,0.333333333333333,0,0.181096939904619,18.1096939904619,0.169297768100163,0.770472019707047,0.818903060095381,0.669609585541004,66.9609585541004,"SURVEILLER (FAIBLE VOLUME)"
"PHCIE DE L'OCEAN","Pharmacie","ABIDJAN",1,1,1,15720,15720,0,15720,15720,0,1,0,13117.5,1.17391304347826,0.0106522874796592,0.367057970519352,0.0815903054448871,0,"Économique",0.367057970519352,0.0815903054448871,1,1,1,0,0.183528985259676,0.0407951527224436,0.333333333333333,0,0.167297241394636,16.7297241394636,0.137180185084377,0.816471014740324,0.832702758605364,0.687105546355151,68.7105546355151,"SURVEILLER (FAIBLE VOLUME)"
"PHCIE DE LA CITE POLICIERE","Pharmacie","ABIDJAN",1,1,1,15075,15075,0,15075,15075,0,1,0,13117.5,1.17391304347826,0.0106522874796592,0.351997385851096,0.0815903054448871,0,"Économique",0.351997385851096,0.0815903054448871,1,1,1,0,0.175998692925548,0.0407951527224436,0.333333333333333,0,0.165038153694397,16.5038153694397,0.131192161132281,0.824001307074452,0.834961846305603,0.689823693578478,68.9823693578478,"SURVEILLER (FAIBLE VOLUME)"
"PHCIE DE LA CITE SIR","Pharmacie","ABIDJAN",1,1,1,2560,2560,0,2560,2560,0,1,0,13117.5,1.17391304347826,0.0106522874796592,0.0597753437995891,0.0815903054448871,0,"Économique",0.0597753437995891,0.0815903054448871,1,1,1,0,0.0298876718997945,0.0407951527224436,0.333333333333333,0,0.121204847386671,12.1204847386671,0.00762112139357648,0.970112328100205,0.878795152613329,0.741087216564129,74.1087216564129,"SURVEILLER (FAIBLE VOLUME)"
"PHCIE DE LA DJIBI","Pharmacie","ABIDJAN",1,1,1,30711,19635,11076,30711,30711,0.564094728800611,1,0,13117.5,1.17391304347826,0.0106522874796592,0.717093977902023,0.0815903054448871,52.9552671083807,"Économique",0.717093977902023,0.0815903054448871,1,1,1,0,0.358546988951012,0.0407951527224436,0.333333333333333,1,0.319802642502037,31.9802642502037,0.221556886227545,0.641453011048988,0.680197357497963,0.57297152466429,57.297152466429,"SURVEILLER (FAIBLE VOLUME)"
"PHCIE DE LA PAIX DAOUKRO","Pharmacie","HORS-ABIDJAN",1,1,1,6820,4345,2475,6820,6820,0.569620253164557,1,0,13117.5,1.17391304347826,0.0106522874796592,0.159245251841093,0.0815903054448871,53.4739842735433,"Économique",0.159245251841093,0.0815903054448871,1,1,1,0,0.0796226259205464,0.0407951527224436,0.333333333333333,1,0.236125333592897,23.6125333592897,0.0435492651061513,0.920377374079454,0.763874666407103,0.682410669215853,68.2410669215853,"SURVEILLER (FAIBLE VOLUME)"
"PHCIE DE LA RIVIERA","Pharmacie","ABIDJAN",2,2,2,31070,23150,7920,15535,15535,0.342116630669546,1,0,13117.5,1.17391304347826,0.0106522874796592,0.362738267940084,0.0815903054448871,32.1167290427363,"Économique",0.362738267940084,0.0815903054448871,1,1,1,0,0.181369133970042,0.0407951527224436,0.333333333333333,1,0.266649286007746,26.6649286007746,0.222645617855199,0.818630866029958,0.733350713992254,0.665321755579925,66.5321755579925,"SURVEILLER (FAIBLE VOLUME)"
"PHCIE DE LOCODJORO","Pharmacie","ABIDJAN",1,1,1,9100,9100,0,9100,9100,0,1,0,13117.5,1.17391304347826,0.0106522874796592,0.212482667412602,0.0815903054448871,0,"Économique",0.212482667412602,0.0815903054448871,1,1,1,0,0.106241333706301,0.0407951527224436,0.333333333333333,0,0.144110945928623,14.4110945928623,0.0647795318454001,0.893758666293699,0.855889054071377,0.71281499451511,71.281499451511,"SURVEILLER (FAIBLE VOLUME)"
"PHCIE DE PRIKRO","Pharmacie","ABIDJAN",1,1,1,5960,5960,0,5960,5960,0,1,0,13117.5,1.17391304347826,0.0106522874796592,0.139164472283418,0.0815903054448871,0,"Économique",0.139164472283418,0.0815903054448871,1,1,1,0,0.0695822361417092,0.0407951527224436,0.333333333333333,0,0.133113216659246,13.3113216659246,0.0381056069678824,0.930417763858291,0.866886783340754,0.726542940273195,72.6542940273195,"SURVEILLER (FAIBLE VOLUME)"
"PHCIE DE YAOU","Pharmacie","ABIDJAN",1,1,1,12661,9845,2816,12661,12661,0.286033519553073,1,0,13117.5,1.17391304347826,0.0106522874796592,0.295631104627577,0.0815903054448871,26.8518400483709,"Économique",0.295631104627577,0.0815903054448871,1,1,1,0,0.147815552313789,0.0407951527224436,0.333333333333333,1,0.25658321151087,25.658321151087,0.103429504627109,0.852184447686211,0.74341678848913,0.658926395395559,65.8926395395559,"SURVEILLER (FAIBLE VOLUME)"
"PHCIE DES 4 ETAGES","Pharmacie","ABIDJAN",2,2,2,8520,8520,0,4260,4260,0,1,0,13117.5,1.17391304347826,0.0106522874796592,0.0994699080415037,0.0815903054448871,0,"Économique",0.0994699080415037,0.0815903054448871,1,1,1,0,0.0497349540207518,0.0407951527224436,0.333333333333333,0,0.127159032022959,12.7159032022959,0.0587915078933043,0.950265045979248,0.872840967977041,0.741000707161177,74.1000707161177,"SURVEILLER (FAIBLE VOLUME)"
"PHCIE DES 4 ETAGES ET DE LETOILE","Pharmacie","ABIDJAN",1,1,1,55080,44140,10940,55080,55080,0.247847757136384,1,0,13117.5,1.17391304347826,0.0106522874796592,1.28610388143803,0.0815903054448871,23.267092407115,"Coût Élevé",1.28610388143803,0.0815903054448871,1,1,1,0,0.643051940719017,0.0407951527224436,0.333333333333333,1,0.405154128032438,40.5154128032438,0.298856831790964,0.356948059280983,0.594845871967562,0.440488938857611,44.0488938857611,"SURVEILLER (FAIBLE VOLUME)"
"PHCIE DES BANQUES","Pharmacie","ABIDJAN",2,2,2,11420,11420,0,5710,5710,0,1,0,13117.5,1.17391304347826,0.0106522874796592,0.13332703636549,0.0815903054448871,0,"Économique",0.13332703636549,0.0815903054448871,1,1,1,0,0.0666635181827448,0.0407951527224436,0.333333333333333,0,0.132237601271557,13.2237601271557,0.0887316276537833,0.933336481817255,0.867762398728444,0.738185877749036,73.8185877749036,"SURVEILLER (FAIBLE VOLUME)"
"PHCIE DES GRACES","Pharmacie","ABIDJAN",2,2,2,7686,6890,796,3843,3843,0.115529753265602,1,0,13117.5,1.17391304347826,0.0106522874796592,0.0897330649303987,0.0815903054448871,10.8455346784631,"Économique",0.0897330649303987,0.0815903054448871,1,1,1,0,0.0448665324651994,0.0407951527224436,0.333333333333333,1,0.225698505556293,22.5698505556293,0.0533478497550354,0.955133467534801,0.774301494443707,0.70244355474241,70.244355474241,"SURVEILLER (FAIBLE VOLUME)"
"PHCIE DU BOULEVARD CARDE","Pharmacie","ABIDJAN",2,2,2,25370,25370,0,12685,12685,0,1,0,13117.5,1.17391304347826,0.0106522874796592,0.296191498475698,0.0815903054448871,0,"Économique",0.296191498475698,0.0815903054448871,1,1,1,0,0.148095749237849,0.0407951527224436,0.333333333333333,0,0.156667270588088,15.6667270588088,0.200326619488296,0.851904250762151,0.843332729411912,0.718160115967285,71.8160115967285,"SURVEILLER (FAIBLE VOLUME)"
"PHCIE DU GRD MARCHE DE BASSAM","Pharmacie","ABIDJAN",1,1,1,3070,3070,0,3070,3070,0,1,0,13117.5,1.17391304347826,0.0106522874796592,0.0716837130721635,0.0815903054448871,0,"Économique",0.0716837130721635,0.0815903054448871,1,1,1,0,0.0358418565360817,0.0407951527224436,0.333333333333333,0,0.122991102777558,12.2991102777558,0.0119760479041916,0.964158143463918,0.877008897222442,0.738862025855383,73.8862025855383,"SURVEILLER (FAIBLE VOLUME)"
"PHCIE DU MARCHE anyama","Pharmacie","ABIDJAN",1,1,1,4205,4205,0,4205,4205,0,1,0,13117.5,1.17391304347826,0.0106522874796592,0.0981856721395594,0.0815903054448871,0,"Économique",0.0981856721395594,0.0815903054448871,1,1,1,0,0.0490928360697797,0.0407951527224436,0.333333333333333,0,0.126966396637667,12.6966396637667,0.020141535111595,0.95090716393022,0.873033603362333,0.73360461393934,73.360461393934,"SURVEILLER (FAIBLE VOLUME)"
"PHCIE DU NORD","Pharmacie","ABIDJAN",1,1,1,24000,15750,8250,24000,24000,0.523809523809524,1,0,13117.5,1.17391304347826,0.0106522874796592,0.560393848121147,0.0815903054448871,49.173431040962,"Économique",0.560393848121147,0.0815903054448871,1,1,1,0,0.280196924060574,0.0407951527224436,0.333333333333333,1,0.296297623034905,29.6297623034905,0.189983669025585,0.719803075939426,0.703702376965095,0.607398914966925,60.7398914966925,"SURVEILLER (FAIBLE VOLUME)"
"PHCIE DU PETIT MARCHE","Pharmacie","ABIDJAN",2,2,2,18710,18710,0,9355,9355,0,1,0,13117.5,1.17391304347826,0.0106522874796592,0.218436852048889,0.0815903054448871,0,"Économique",0.218436852048889,0.0815903054448871,1,1,1,0,0.109218426024444,0.0407951527224436,0.333333333333333,0,0.145004073624066,14.5004073624066,0.162221012520414,0.890781573975556,0.854995926375934,0.730755202644678,73.0755202644678,"SURVEILLER (FAIBLE VOLUME)"
"PHCIE DU PONT D'ANOUMANBO","Pharmacie","ABIDJAN",1,1,1,21380,21380,0,21380,21380,0,1,0,13117.5,1.17391304347826,0.0106522874796592,0.499217519701256,0.0815903054448871,0,"Économique",0.499217519701256,0.0815903054448871,1,1,1,0,0.249608759850628,0.0407951527224436,0.333333333333333,0,0.187121173771921,18.7121173771921,0.176374523679913,0.750391240149372,0.812878826228079,0.660582931286963,66.0582931286963,"SURVEILLER (FAIBLE VOLUME)"
"PHCIE DU SOLEIT","Pharmacie","ABIDJAN",1,1,1,35865,23325,12540,35865,35865,0.537620578778135,1,0,13117.5,1.17391304347826,0.0106522874796592,0.83743855678604,0.0815903054448871,50.4699652356112,"Économique",0.83743855678604,0.0815903054448871,1,1,1,0,0.41871927839302,0.0407951527224436,0.333333333333333,1,0.337854329334639,33.7854329334639,0.242787152966794,0.58128072160698,0.662145670665361,0.545927987502295,54.5927987502295,"SURVEILLER (FAIBLE VOLUME)"
"PHCIE EL RAPHA","Pharmacie","ABIDJAN",1,1,1,11575,11575,0,11575,11575,0,1,0,13117.5,1.17391304347826,0.0106522874796592,0.270273283000095,0.0815903054448871,0,"Économique",0.270273283000095,0.0815903054448871,1,1,1,0,0.135136641500048,0.0407951527224436,0.333333333333333,0,0.152779538266747,15.2779538266747,0.0909090909090909,0.864863358499952,0.847220461733253,0.7030153462751,70.30153462751,"SURVEILLER (FAIBLE VOLUME)"
"PHCIE ELOMA GONZAG","Pharmacie","ABIDJAN",1,1,1,19930,12010,7920,19930,19930,0.659450457951707,1,0,13117.5,1.17391304347826,0.0106522874796592,0.46536039137727,0.0815903054448871,61.9069339999456,"Économique",0.46536039137727,0.0815903054448871,1,1,1,0,0.232680195688635,0.0407951527224436,0.333333333333333,1,0.282042604523324,28.2042604523324,0.170386499727817,0.767319804311365,0.717957395476676,0.62818817986078,62.818817986078,"SURVEILLER (FAIBLE VOLUME)"
"PHCIE ELORA GONZAG","Pharmacie","ABIDJAN",1,1,1,11235,11235,0,11235,11235,0,1,0,13117.5,1.17391304347826,0.0106522874796592,0.262334370151712,0.0815903054448871,0,"Économique",0.262334370151712,0.0815903054448871,1,1,1,0,0.131167185075856,0.0407951527224436,0.333333333333333,0,0.15158870133949,15.158870133949,0.0870985302123027,0.868832814924144,0.84841129866051,0.704317351476322,70.4317351476322,"SURVEILLER (FAIBLE VOLUME)"
"PHCIE GARDE DE HIRE","Pharmacie","HORS-ABIDJAN",1,1,1,8741,8441,300,8741,8741,0.0355408126999171,1,0,13117.5,1.17391304347826,0.0106522874796592,0.204100109434456,0.0815903054448871,3.33644888647468,"Économique",0.204100109434456,0.0815903054448871,1,1,1,0,0.102050054717228,0.0407951527224436,0.333333333333333,1,0.242853562231901,24.2853562231901,0.0615133369624388,0.897949945282772,0.757146437768099,0.674341220612836,67.4341220612836,"SURVEILLER (FAIBLE VOLUME)"
"PHCIE JNANE EL ALIA","Pharmacie","ABIDJAN",3,3,2,42603,37495,5108,14201,21301.5,0.136231497533004,1.5,0,13117.5,1.17391304347826,0.0106522874796592,0.331589709882017,0.122385458167331,12.78894301277,"Économique",0.331589709882017,0.122385458167331,1,1,1,0,0.165794854941009,0.0611927290836653,0.333333333333333,1,0.268096275207402,26.8096275207402,0.264017419706042,0.834205145058991,0.731903724792598,0.679247031881844,67.9247031881844,"SURVEILLER (FAIBLE VOLUME)"
"PHCIE KAMELIA LA GRACE DE DIVO","Pharmacie","HORS-ABIDJAN",1,1,1,5605,5605,0,5605,5605,0,1,0,13117.5,1.17391304347826,0.0106522874796592,0.13087531327996,0.0815903054448871,0,"Économique",0.13087531327996,0.0815903054448871,1,1,1,0,0.0654376566399798,0.0407951527224436,0.333333333333333,0,0.131869842808727,13.1869842808727,0.035383777898748,0.93456234336002,0.868130157191273,0.728153755800267,72.8153755800267,"SURVEILLER (FAIBLE VOLUME)"
"PHCIE LEA","Pharmacie","ABIDJAN",1,1,1,12245,12245,0,12245,12245,0,1,0,13117.5,1.17391304347826,0.0106522874796592,0.285917611260144,0.0815903054448871,0,"Économique",0.285917611260144,0.0815903054448871,1,1,1,0,0.142958805630072,0.0407951527224436,0.333333333333333,0,0.155126187505755,15.5126187505755,0.0990745781164943,0.857041194369928,0.844873812494245,0.700580918368968,70.0580918368968,"SURVEILLER (FAIBLE VOLUME)"
"PHCIE LES 7 COLINNES","Pharmacie","ABIDJAN",1,1,1,14915,14415,500,14915,14915,0.0346860908775581,1,0,13117.5,1.17391304347826,0.0106522874796592,0.348261426863621,0.0815903054448871,3.25621055043737,"Économique",0.348261426863621,0.0815903054448871,1,1,1,0,0.174130713431811,0.0407951527224436,0.333333333333333,1,0.264477759846276,26.4477759846276,0.118671747414262,0.825869286568189,0.735522240153724,0.648290960171618,64.8290960171618,"SURVEILLER (FAIBLE VOLUME)"
"PHCIE LONCHAMPS","Pharmacie","ABIDJAN",1,1,1,19115,13425,5690,19115,19115,0.423836126629423,1,1,13117.5,1.17391304347826,0.0106522874796592,0.308313082830787,0.067516879219805,39.788273405008,"Économique",0.308313082830787,0.067516879219805,1,1,1,0,0.154156541415394,0.0337584396099025,0.333333333333333,1,0.256374494307589,25.6374494307589,0.165487207403375,0.845843458584606,0.743625505692411,0.668885027191482,66.8885027191482,"SURVEILLER (FAIBLE VOLUME)"
"PHCIE MAI","Pharmacie","ABIDJAN",1,1,1,7095,7095,0,7095,7095,0,1,0,13117.5,1.17391304347826,0.0106522874796592,0.165666431350814,0.0815903054448871,0,"Économique",0.165666431350814,0.0815903054448871,1,1,1,0,0.0828332156754071,0.0407951527224436,0.333333333333333,0,0.137088510519355,13.7088510519355,0.0468154599891127,0.917166784324593,0.862911489480645,0.721394401519918,72.1394401519918,"SURVEILLER (FAIBLE VOLUME)"
"PHCIE MATHE ROBIN","Pharmacie","ABIDJAN",1,1,1,15840,15840,0,15840,15840,0,1,1,13117.5,1.17391304347826,0.0106522874796592,0.255489366049682,0.067516879219805,0,"Économique",0.255489366049682,0.067516879219805,1,1,1,0,0.127744683024841,0.0337584396099025,0.333333333333333,0,0.148450936790423,14.8450936790423,0.13826891671203,0.872255316975159,0.851549063209577,0.717175535416301,71.7175535416301,"SURVEILLER (FAIBLE VOLUME)"
"PHCIE NGOHESSE","Pharmacie","ABIDJAN",1,1,1,5815,5815,0,5815,5815,0,1,0,13117.5,1.17391304347826,0.0106522874796592,0.13577875945102,0.0815903054448871,0,"Économique",0.13577875945102,0.0815903054448871,1,1,1,0,0.0678893797255098,0.0407951527224436,0.333333333333333,0,0.132605359734386,13.2605359734386,0.0364725095264017,0.93211062027449,0.867394640265614,0.727096606121322,72.7096606121322,"SURVEILLER (FAIBLE VOLUME)"
"PHCIE NVELLE PPLE ABOBOTE","Pharmacie","ABIDJAN",1,1,1,8580,8580,0,8580,8580,0,1,0,13117.5,1.17391304347826,0.0106522874796592,0.20034080070331,0.0815903054448871,0,"Économique",0.20034080070331,0.0815903054448871,1,1,1,0,0.100170400351655,0.0407951527224436,0.333333333333333,0,0.14228966592223,14.228966592223,0.0593358737071312,0.899829599648345,0.85771033407777,0.714883148231872,71.4883148231873,"SURVEILLER (FAIBLE VOLUME)"
"PHCIE PREMICE DE DOROPO","Pharmacie","HORS-ABIDJAN",1,1,1,5580,3790,1790,5580,5580,0.472295514511873,1,0,13117.5,1.17391304347826,0.0106522874796592,0.130291569688167,0.0815903054448871,44.3374735627192,"Économique",0.130291569688167,0.0815903054448871,1,1,1,0,0.0651457848440834,0.0407951527224436,0.333333333333333,1,0.231782281269958,23.1782281269958,0.0348394120849211,0.934854215155917,0.768217718730042,0.688196655971368,68.8196655971368,"SURVEILLER (FAIBLE VOLUME)"
"PHCIE REINE DES ANGES ANZAGUIE","Pharmacie","ABIDJAN",1,1,1,26460,25960,500,26460,26460,0.0192604006163328,1,0,13117.5,1.17391304347826,0.0106522874796592,0.617834217553565,0.0815903054448871,1.80809996473631,"Économique",0.617834217553565,0.0815903054448871,1,1,1,0,0.308917108776783,0.0407951527224436,0.333333333333333,0.904049982368156,0.295318676686583,29.5318676686583,0.207403375068046,0.691082891223217,0.704681323313417,0.599786360828263,59.9786360828263,"SURVEILLER (FAIBLE VOLUME)"
"PHCIE ROND PT DU CHU","Pharmacie","ABIDJAN",1,1,1,9330,5345,3985,9330,9330,0.74555659494855,1,0,13117.5,1.17391304347826,0.0106522874796592,0.217853108457096,0.0815903054448871,69.9902810895979,"Économique",0.217853108457096,0.0815903054448871,1,1,1,0,0.108926554228548,0.0407951527224436,0.333333333333333,1,0.244916512085297,24.4916512085297,0.0669569951007077,0.891073445771452,0.755083487914703,0.671854172494603,67.1854172494603,"SURVEILLER (FAIBLE VOLUME)"
"PHCIE SANTE POUR TOUS","Pharmacie","ABIDJAN",1,1,1,5990,5430,560,5990,5990,0.103130755064457,1,0,13117.5,1.17391304347826,0.0106522874796592,0.13986496459357,0.0815903054448871,9.6815595017866,"Économique",0.13986496459357,0.0815903054448871,1,1,1,0,0.0699324822967849,0.0407951527224436,0.333333333333333,1,0.233218290505769,23.3218290505769,0.0386499727817093,0.930067517703215,0.766781709494232,0.68646968543532,68.646968543532,"SURVEILLER (FAIBLE VOLUME)"
"PHCIE SHEKINA","Pharmacie","ABIDJAN",1,1,1,5130,5130,0,5130,5130,0,1,0,13117.5,1.17391304347826,0.0106522874796592,0.119784185035895,0.0815903054448871,0,"Économique",0.119784185035895,0.0815903054448871,1,1,1,0,0.0598920925179476,0.0407951527224436,0.333333333333333,0,0.130206173572117,13.0206173572117,0.029940119760479,0.940107907482052,0.869793826427883,0.72994871751607,72.994871751607,"SURVEILLER (FAIBLE VOLUME)"
"PHCIE ST AUBIN","Pharmacie","ABIDJAN",2,2,2,18325,18325,0,9162.5,9162.5,0,1,0,13117.5,1.17391304347826,0.0106522874796592,0.213942026392084,0.0815903054448871,0,"Économique",0.213942026392084,0.0815903054448871,1,1,1,0,0.106971013196042,0.0407951527224436,0.333333333333333,0,0.144329849775546,14.4329849775546,0.160587915078933,0.893028986803958,0.855670150224454,0.731597237827152,73.1597237827152,"SURVEILLER (FAIBLE VOLUME)"
"PHCIE ST AUGUSTE","Pharmacie","ABIDJAN",1,1,1,9520,9520,0,9520,9520,0,1,0,13117.5,1.17391304347826,0.0106522874796592,0.222289559754722,0.0815903054448871,0,"Économique",0.222289559754722,0.0815903054448871,1,1,1,0,0.111144779877361,0.0407951527224436,0.333333333333333,0,0.145581979779941,14.5581979779941,0.0685900925421884,0.888855220122639,0.854418020220059,0.711027314645517,71.1027314645517,"SURVEILLER (FAIBLE VOLUME)"
"PHCIE ST JOSEPH VALLON","Pharmacie","ABIDJAN",1,1,1,12232,12232,0,12232,12232,0,1,0,13117.5,1.17391304347826,0.0106522874796592,0.285614064592412,0.0815903054448871,0,"Économique",0.285614064592412,0.0815903054448871,1,1,1,0,0.142807032296206,0.0407951527224436,0.333333333333333,0,0.155080655505595,15.5080655505595,0.0985302123026674,0.857192967703794,0.844919344494405,0.700550967339813,70.0550967339813,"SURVEILLER (FAIBLE VOLUME)"
"PHCIE STE CHRISTOPHE","Pharmacie","HORS-ABIDJAN",1,1,1,17080,17080,0,17080,17080,0,1,0,13117.5,1.17391304347826,0.0106522874796592,0.398813621912883,0.0815903054448871,0,"Économique",0.398813621912883,0.0815903054448871,1,1,1,0,0.199406810956442,0.0407951527224436,0.333333333333333,0,0.172060589103666,17.2060589103666,0.144256940664126,0.800593189043558,0.827939410896334,0.680264428108783,68.0264428108783,"SURVEILLER (FAIBLE VOLUME)"
"PHCIE STE MARIE","Pharmacie","ABIDJAN",1,1,1,17995,17995,0,17995,17995,0,1,0,13117.5,1.17391304347826,0.0106522874796592,0.420178637372502,0.0815903054448871,0,"Économique",0.420178637372502,0.0815903054448871,1,1,1,0,0.210089318686251,0.0407951527224436,0.333333333333333,0,0.175265341422608,17.5265341422608,0.154599891126837,0.789910681313749,0.824734658577392,0.676778114181824,67.6778114181824,"SURVEILLER (FAIBLE VOLUME)"
"PHCIE STE MARIE BEAT","Pharmacie","ABIDJAN",2,2,2,24140,24140,0,12070,12070,0,1,0.5,13117.5,1.17391304347826,0.0106522874796592,0.230287062327989,0.0738894347796492,0,"Économique",0.230287062327989,0.0738894347796492,1,1,1,0,0.115143531163994,0.0369447173898246,0.333333333333333,0,0.145626474566146,14.5626474566146,0.192161132280893,0.884856468836006,0.854373525433854,0.734124224164123,73.4124224164123,"SURVEILLER (FAIBLE VOLUME)"
"PHCIE VALENTINE","Pharmacie","ABIDJAN",1,1,1,5005,5005,0,5005,5005,0,1,0,13117.5,1.17391304347826,0.0106522874796592,0.116865467076931,0.0815903054448871,0,"Économique",0.116865467076931,0.0815903054448871,1,1,1,0,0.0584327335384655,0.0407951527224436,0.333333333333333,0,0.129768365878273,12.9768365878273,0.0288513881328253,0.941567266461535,0.870231634121727,0.73048983785987,73.048983785987,"SURVEILLER (FAIBLE VOLUME)"
"PHCIE VIESSIA","Pharmacie","ABIDJAN",1,1,1,4725,4725,0,4725,4725,0,1,0,13117.5,1.17391304347826,0.0106522874796592,0.110327538848851,0.0815903054448871,0,"Économique",0.110327538848851,0.0815903054448871,1,1,1,0,0.0551637694244255,0.0407951527224436,0.333333333333333,0,0.128787676644061,12.8787676644061,0.0239520958083832,0.944836230575575,0.871212323355939,0.731209840734282,73.1209840734282,"SURVEILLER (FAIBLE VOLUME)"
"PHCIE YELE ET DU PETIT MARCHE","Pharmacie","ABIDJAN",1,1,1,15435,15435,0,15435,15435,0,1,0,13117.5,1.17391304347826,0.0106522874796592,0.360403293572913,0.0815903054448871,0,"Économique",0.360403293572913,0.0815903054448871,1,1,1,0,0.180201646786456,0.0407951527224436,0.333333333333333,0,0.16629903985267,16.629903985267,0.134458356015242,0.819798353213544,0.83370096014733,0.688291396547398,68.8291396547398,"SURVEILLER (FAIBLE VOLUME)"
"PHOENIX OPTIQUE","Optique","HORS-ABIDJAN",1,1,1,203333.333333333,185000,18333.3333333333,203333.333333333,203333.333333333,0.0990990990990989,1,0,317347.222222222,1,0.452767755831414,4.74778121324861,0.0815903054448871,0.218874020560771,"Coût Élevé",4.74778121324861,0.0815903054448871,1,1,1,0,1,0.0407951527224436,0.333333333333333,0.109437010280385,0.423182246844772,42.3182246844772,0.475775721284703,0,0.576817753155228,0.325882245519032,32.5882245519032,"SURVEILLER (FAIBLE VOLUME)"
"PHRCIE BOULEVARD Y4","Autre","ABIDJAN",1,1,1,3045,3045,0,3045,3045,0,1,0,31737.9656862745,1,0.0133114157048418,0.0710999694803706,0.0815903054448871,0,"Économique",0.0710999694803706,0.0815903054448871,1,1,1,0,0.0355499847401853,0.0407951527224436,0.333333333333333,0,0.122903541238789,12.2903541238789,0.0108873162765378,0.964450015259815,0.877096458761211,0.738796052863718,73.8796052863718,"SURVEILLER (FAIBLE VOLUME)"
"PHRCIE DES 3 O","Autre","ABIDJAN",1,1,1,11530,11530,0,11530,11530,0,1,0,31737.9656862745,1,0.0133114157048418,0.269222544534868,0.0815903054448871,0,"Économique",0.269222544534868,0.0815903054448871,1,1,1,0,0.134611272267434,0.0407951527224436,0.333333333333333,0,0.152621927496963,15.2621927496963,0.0892759934676102,0.865388727732566,0.847378072503037,0.702961918787763,70.2961918787763,"SURVEILLER (FAIBLE VOLUME)"
"PHRCIE PALAIS DE JUSTICE","Autre","HORS-ABIDJAN",1,1,1,33670,30335,3335,33670,33670,0.109939014339871,1,0,31737.9656862745,1,0.0133114157048418,0.786185869426626,0.0815903054448871,8.25900240647453,"Économique",0.786185869426626,0.0815903054448871,1,1,1,0,0.393092934713313,0.0407951527224436,0.333333333333333,1,0.330166426230727,33.0166426230727,0.233532934131737,0.606907065286687,0.669833573769273,0.557402842448731,55.7402842448731,"SURVEILLER (FAIBLE VOLUME)"
"PISAM","Autre","ABIDJAN",9,7,7,549381,446456,102925,78483,78483,0.230537835755371,1,0.333333333333333,31737.9656862745,1,0.0133114157048418,1.72240913727717,0.079230997846924,17.3188067195224,"Coût Élevé",1.72240913727717,0.079230997846924,1,1,1,0,0.861204568638585,0.039615498923462,0.333333333333333,1,0.470246020268614,47.0246020268614,0.647250952640174,0.138795431361415,0.529753979731386,0.396869954965155,39.6869954965155,"SURVEILLER (FAIBLE VOLUME)"
"PMI DAOUKRO","Centre Medical","HORS-ABIDJAN",10,10,5,59500,55500,4000,5950,11900,0.0720720720720721,2,0,33841.4752475248,1.23636363636364,0.0589823610679747,0.138930974846701,0.163180610889774,1.22192585659655,"Économique",0.138930974846701,0.163180610889774,1,0,1,0,0.0694654874233506,0.0815903054448871,0.333333333333333,0.610962928298276,0.206413030690299,20.6413030690299,0.308655416439848,0.930534512576649,0.793586969309701,0.75137967604251,75.137967604251,"SURVEILLER (FAIBLE VOLUME)"
"POLYCLINIQUE AVICENNES","Clinique","ABIDJAN",273,182,116,12576910.6666667,10795222,1781688.66666667,69103.9047619048,108421.643678161,0.16504418961154,1.56896551724138,0.021978021978022,42616.7291666667,1.45454545454545,0.0745173990347981,1.59783808998681,0.127553966446756,2.2148409867938,"Coût Élevé",1.59783808998681,0.127553966446756,1,1.36475409836066,2.98186813186813,1,0.798919044993407,0.0637769832233778,0.454918032786885,1,0.495284218301101,49.5284218301101,0.983124659771366,0.201080955006593,0.504715781698899,0.47894362663647,47.894362663647,"RENÉGOCIER"
"POLYCLINIQUE CENTRALE DE ABOBO","Clinique","ABIDJAN",337,245,157,9256338,8621856,634482,37780.9714285714,58957.5668789809,0.0735899555733707,1.56050955414013,0,42616.7291666667,1.45454545454545,0.0745173990347981,0.882175998525511,0.127322451171958,0.987554001166973,"Économique",0.882175998525511,0.127322451171958,1,1.19117647058824,1.14857142857143,0,0.441087999262756,0.0636612255859788,0.397058823529412,0.493777000583486,0.319920114571792,31.9920114571792,0.97550353837779,0.558912000737244,0.680079885428208,0.690697462141739,69.0697462141739,"CONSERVER"
"POLYCLINIQUE DE YOPOUGON","Clinique","ABIDJAN",27,18,15,757900,705750,52150,42105.5555555556,50526.6666666667,0.0738930216082182,1.2,0.0740740740740741,42616.7291666667,1.45454545454545,0.0745173990347981,0.936569684743872,0.0952608382039713,0.99162105179908,"Standard",0.936569684743872,0.0952608382039713,1,2.25,2.23333333333333,1,0.468284842371936,0.0476304191019857,0.75,0.49581052589954,0.42935563103213,42.935563103213,0.707131192161132,0.531715157628064,0.57064436896787,0.5823700490706,58.23700490706,"SURVEILLER (FAIBLE VOLUME)"
"POLYCLINIQUE DES 2PLATEAUX","Clinique","ABIDJAN",2,2,1,37000,31500,5500,18500,37000,0.174603174603175,2,0,42616.7291666667,1.45454545454545,0.0745173990347981,0.431970257926718,0.163180610889774,2.34311955147064,"Économique",0.431970257926718,0.163180610889774,1,0,0,0,0.215985128963359,0.0815903054448871,0.333333333333333,1,0.289272630322474,28.9272630322474,0.246053347849755,0.784014871036641,0.710727369677526,0.647107565855618,64.7107565855618,"SURVEILLER (FAIBLE VOLUME)"
"POLYCLINIQUE DES DEUX PLATEAUX","Clinique","ABIDJAN",1126,798,411,46621000.2222222,40993656,5627344.22222222,58422.306042885,113433.090565018,0.137273538671989,1.94160583941606,0.0115452930728242,42616.7291666667,1.45454545454545,0.0745173990347981,1.35577982129836,0.157776070813632,1.8421676071636,"Coût Élevé",1.35577982129836,0.157776070813632,1,1.08870967741935,2.11578947368421,1,0.677889910649181,0.0788880354068162,0.362903225806452,0.9210838035818,0.428012731916915,42.8012731916915,0.998366902558519,0.322110089350819,0.571987268083085,0.557312323485265,55.7312323485265,"RENÉGOCIER"
"POLYCLINIQUE FARAH","Clinique","ABIDJAN",2377,1720,808,170943951.666667,141651955,29291996.6666667,99386.0184108527,211564.296617162,0.206788509672646,2.12871287128713,0.0290281867900715,42616.7291666667,1.45454545454545,0.0745173990347981,2.2902387284585,0.172613617117686,2.77503660019158,"Coût Élevé",2.2902387284585,0.172613617117686,1,0.933300876338851,1.85808139534884,0,1,0.0863068085588432,0.333333333333333,1,0.525892042567653,52.5892042567653,1,0,0.474107957432347,0.389643182972939,38.9643182972939,"RENÉGOCIER"
"POLYCLINIQUE GMP (S1)","Clinique","ABIDJAN",1,1,1,17500,17500,0,17500,17500,0,1,0,42616.7291666667,1.45454545454545,0.0745173990347981,0.408620514255003,0.0815903054448871,0,"Économique",0.408620514255003,0.0815903054448871,1,0,0,0,0.204310257127502,0.0407951527224436,0.333333333333333,0,0.173531622954984,17.3531622954984,0.147523135547088,0.795689742872498,0.826468377045016,0.678367875076423,67.8367875076424,"SURVEILLER (FAIBLE VOLUME)"
"POLYCLINIQUE GMP - COCODY","Clinique","ABIDJAN",39,28,20,1775779,1473865,301914,63420.6785714286,88788.95,0.204845084183423,1.4,0,42616.7291666667,1.45454545454545,0.0745173990347981,1.48085658812905,0.114226427622842,2.74895644288073,"Coût Élevé",1.48085658812905,0.114226427622842,1,0.857142857142857,1.43571428571429,0,0.740428294064526,0.057113213811421,0.333333333333333,1,0.439262452362784,43.9262452362784,0.838323353293413,0.259571705935474,0.560737547637216,0.495788372087758,49.5788372087759,"SURVEILLER"
"POLYCLINIQUE GMP - PLATEAU","Clinique","ABIDJAN",444,334,197,25976969.4444444,22824522,3152447.44444444,77775.3576180971,131862.789058094,0.138116690655973,1.69543147208122,0.0743243243243243,42616.7291666667,1.45454545454545,0.0745173990347981,1.75488187917791,0.137313742755213,1.85348244094611,"Coût Élevé",1.75488187917791,0.137313742755213,1,0.626288659793815,1.50449101796407,0,0.877440939588953,0.0686568713776064,0.333333333333333,0.926741220473054,0.476503465337273,47.6503465337273,0.994556341861731,0.122559060411047,0.523496534662727,0.457333506401856,45.7333506401856,"RENÉGOCIER"
"POLYCLINIQUE GROUPE MEDICAL DU PLATEAU","Clinique","ABIDJAN",2,2,2,43500,37500,6000,21750,21750,0.16,1,0,42616.7291666667,1.45454545454545,0.0745173990347981,0.50785692485979,0.0815903054448871,2.14714955262037,"Économique",0.50785692485979,0.0815903054448871,1,0,0,0,0.253928462429895,0.0407951527224436,0.333333333333333,1,0.288417084545702,28.8417084545702,0.26619488296135,0.746071537570105,0.711582915454298,0.636300757802031,63.6300757802031,"SURVEILLER (FAIBLE VOLUME)"
"POLYCLINIQUE INT. DE L'INDENIE","Clinique","ABIDJAN",400,304,166,25856173,22275995,3580178,85053.2006578947,155760.078313253,0.160719105925459,1.83132530120482,0.0175,42616.7291666667,1.45454545454545,0.0745173990347981,1.96570830833669,0.148671653890005,2.15679972740872,"Coût Élevé",1.96570830833669,0.148671653890005,1,0.763761467889908,1.71907894736842,0,0.982854154168345,0.0743358269450026,0.333333333333333,1,0.517156994334004,51.7156994334004,0.994011976047904,0.0171458458316552,0.482843005665996,0.398797935808641,39.8797935808641,"RENÉGOCIER"
"POLYCLINIQUE INTERNATIONALE DIVINES GRACES (POLYDIGRA)","Clinique","ABIDJAN",46,31,23,1172668,1129590,43078,37828,50985.5652173913,0.0381359608353473,1.34782608695652,0.0217391304347826,42616.7291666667,1.45454545454545,0.0745173990347981,0.870700819469087,0.108981867509327,0.511772570289774,"Économique",0.870700819469087,0.108981867509327,1,0.782608695652174,3.24193548387097,1,0.435350409734544,0.0544909337546635,0.333333333333333,0.255886285144887,0.272541031561251,27.2541031561251,0.78116494284159,0.564649590265456,0.727458968438749,0.67307641205,67.307641205,"CONSERVER"
"POLYCLINIQUE INTERNATIONALE SAINTE ANNE MARIE (P.I.S.A.M)","Clinique","ABIDJAN",994,760,417,98490763.1111111,77629251,20861512.1111111,129593.109356725,236188.880362377,0.268732621304193,1.82254196642686,0.0211267605633803,42616.7291666667,1.45454545454545,0.0745173990347981,2.99946484532291,0.148183255920189,3.60630704754872,"Coût Élevé",2.99946484532291,0.148183255920189,1,0.623762376237624,1.34881578947368,0,1,0.0740916279600945,0.333333333333333,1,0.522227488388028,52.2227488388028,0.999455634186173,0,0.477772511611972,0.391000131482023,39.1000131482023,"RENÉGOCIER"
"POLYCLINIQUE KENNEDY","Clinique","HORS-ABIDJAN",48,34,20,1689675,1668700,20975,49696.3235294118,84483.75,0.0125696650086894,1.7,0,42616.7291666667,1.45454545454545,0.0745173990347981,1.16039641583836,0.138703519256308,0.168680941249971,"Standard",1.16039641583836,0.138703519256308,1,1.28571428571429,1.18235294117647,0,0.580198207919179,0.069351759628154,0.428571428571429,0.0843404706249854,0.331870465898127,33.1870465898127,0.832879695155144,0.419801792080821,0.668129534101873,0.601748469504106,60.1748469504106,"CONSERVER"
"POLYCLINIQUE LA SISANGUE","Clinique","HORS-ABIDJAN",77,64,46,1692150,1574800,117350,26439.84375,36785.8695652174,0.0745173990347981,1.39130434782609,0.012987012987013,42616.7291666667,1.45454545454545,0.0745173990347981,0.6130753709839,0.113004879638231,1,"Économique",0.6130753709839,0.113004879638231,1,0.826530612244898,0,0,0.30653768549195,0.0565024398191157,0.333333333333333,0.5,0.25891203759332,25.891203759332,0.833424060968971,0.69346231450805,0.74108796240668,0.740504922959686,74.0504922959686,"CONSERVER"
"POLYCLINIQUE LE PANTHEON MEDICAL","Clinique","ABIDJAN",31,29,18,485990,485990,0,16758.275862069,26999.4444444444,0,1.61111111111111,0,42616.7291666667,1.45454545454545,0.0745173990347981,0.39130144575919,0.131451047661207,0,"Économique",0.39130144575919,0.131451047661207,1,0.173076923076923,0.693103448275862,0,0.195650722879595,0.0657255238306035,0.333333333333333,0,0.17841287401306,17.841287401306,0.630919978225367,0.804349277120405,0.82158712598694,0.776558556888012,77.6558556888012,"PRIVILÉGIER"
"POLYCLINIQUE SACRE COEUR","Clinique","ABIDJAN",1078,798,380,39997124.7777778,36283234,3713890.77777778,50121.7102478418,105255.591520468,0.102358317281689,2.1,0.0343228200371058,42616.7291666667,1.45454545454545,0.0745173990347981,1.15095952093174,0.170777577159026,1.3736163447397,"Standard",1.15095952093174,0.170777577159026,1,0.932432432432432,1.66240601503759,0,0.57547976046587,0.085388788579513,0.333333333333333,0.686808172369852,0.3669413819506,36.69413819506,0.996733805117039,0.42452023953413,0.6330586180494,0.62237830405682,62.237830405682,"CONSERVER"
"POLYCLINIQUE SACRE COEUR D'ABIDJAN","Clinique","ABIDJAN",1,1,1,288657,266262,22395,288657,288657,0.0841088852333416,1,0,42616.7291666667,1.45454545454545,0.0745173990347981,6.74006695904609,0.0815903054448871,1.12871472062604,"Coût Élevé",6.74006695904609,0.0815903054448871,1,0,0,0,1,0.0407951527224436,0.333333333333333,0.564357360313022,0.468674281848035,46.8674281848035,0.538377789874796,0,0.531325718151965,0.320205845235745,32.0205845235745,"SURVEILLER (FAIBLE VOLUME)"
"POLYCLINIQUE SAINTE FRATERNITE","Clinique","HORS-ABIDJAN",3,2,2,49200,49200,0,24600,24600,0,1,0,42616.7291666667,1.45454545454545,0.0745173990347981,0.574403694324176,0.0815903054448871,0,"Économique",0.574403694324176,0.0815903054448871,1,0,0,0,0.287201847162088,0.0407951527224436,0.333333333333333,0,0.198399099965359,19.8399099965359,0.28198149156233,0.712798152837912,0.80160090003464,0.662155919461487,66.2155919461487,"SURVEILLER (FAIBLE VOLUME)"
"POLYCLINIQUE SAINTE MARIE DE LA NAWA","Clinique","HORS-ABIDJAN",22,10,8,850532,730252,120280,85053.2,106316.5,0.164710264401878,1.25,0,42616.7291666667,1.45454545454545,0.0745173990347981,1.98597041845907,0.101987881806109,2.21035981576546,"Coût Élevé",1.98597041845907,0.101987881806109,1,4,8.04,0,0.992985209229533,0.0509939409030545,1,1,0.713193745039776,71.3193745039776,0.728361458900381,0.00701479077046707,0.286806254960224,0.263200710072353,26.3200710072353,"SURVEILLER (FAIBLE VOLUME)"
"POLYCLINIQYE FARAH","Clinique","ABIDJAN",1,1,1,32500,25000,7500,32500,32500,0.3,1,0,42616.7291666667,1.45454545454545,0.0745173990347981,0.75886666933072,0.0815903054448871,4.02590541116319,"Économique",0.75886666933072,0.0815903054448871,1,0,0,0,0.37943333466536,0.0407951527224436,0.333333333333333,1,0.326068546216341,32.6068546216341,0.227000544365814,0.62056666533464,0.673931453783659,0.563199356520482,56.3199356520482,"SURVEILLER (FAIBLE VOLUME)"
"POLYCLINQUE INTERNATIONAL HOTEL DIEU","Clinique","ABIDJAN",172,134,92,5848295,5661790,186505,43643.9925373134,63568.4239130435,0.0329409956921751,1.45652173913043,0.0174418604651163,42616.7291666667,1.45454545454545,0.0745173990347981,1.01231238710237,0.118301983371274,0.44205777602077,"Standard",1.01231238710237,0.118301983371274,1,0.294392523364486,1.35,0,0.506156193551187,0.0591509916856368,0.333333333333333,0.221028888010385,0.291695044372086,29.1695044372086,0.95100707675558,0.493843806448813,0.708304955627914,0.671060920181807,67.1060920181807,"CONSERVER"
"PRECIS OPTIQUE","Optique","ABIDJAN",3,3,3,1106666.66666667,860000,246666.666666666,368888.888888889,368888.888888889,0.286821705426356,1,0,317347.222222222,1,0.452767755831414,8.61346099889912,0.0815903054448871,0.633485273039525,"Coût Élevé",8.61346099889912,0.0815903054448871,1,1,1,0,1,0.0407951527224436,0.333333333333333,0.316742636519762,0.443912809468709,44.3912809468709,0.775176918889494,0,0.556087190531291,0.377470259990415,37.7470259990415,"SURVEILLER (FAIBLE VOLUME)"
"PREMIERE VUE","Autre","ABIDJAN",1,1,1,150000,150000,0,150000,150000,0,1,0,31737.9656862745,1,0.0133114157048418,3.50246155075717,0.0815903054448871,0,"Coût Élevé",3.50246155075717,0.0815903054448871,1,1,1,0,1,0.0407951527224436,0.333333333333333,0,0.412238545816733,41.2238545816733,0.431682090364725,0,0.587761454183267,0.321440999746252,32.1440999746252,"SURVEILLER (FAIBLE VOLUME)"
"PRESTIGE VISION","Optique","ABIDJAN",1,1,1,168888.888888889,140000,28888.8888888888,168888.888888889,168888.888888889,0.206349206349206,1,0,317347.222222222,1,0.452767755831414,3.94351226455622,0.0815903054448871,0.45575066618931,"Coût Élevé",3.94351226455622,0.0815903054448871,1,1,1,0,1,0.0407951527224436,0.333333333333333,0.227875333094655,0.435026079126199,43.5026079126199,0.448013064779532,0,0.564973920873801,0.315592181305427,31.5592181305427,"SURVEILLER (FAIBLE VOLUME)"
"PROVIDENCE OPTIQUE","Optique","ABIDJAN",1,1,1,132500,110000,22500,132500,132500,0.204545454545455,1,0,317347.222222222,1,0.452767755831414,3.09384103650217,0.0815903054448871,0.45176683169465,"Coût Élevé",3.09384103650217,0.0815903054448871,1,1,1,0,1,0.0407951527224436,0.333333333333333,0.225883415847325,0.434826887401466,43.4826887401465,0.415895481763745,0,0.565173112598534,0.309248341392163,30.9248341392163,"SURVEILLER (FAIBLE VOLUME)"
"PRUNELLE VISION","Optique","ABIDJAN",2,2,2,713333.333333333,540000,173333.333333333,356666.666666667,356666.666666667,0.320987654320987,1,0,317347.222222222,1,0.452767755831414,8.32807524291149,0.0815903054448871,0.708945480738927,"Coût Élevé",8.32807524291149,0.0815903054448871,1,1,1,0,1,0.0407951527224436,0.333333333333333,0.354472740369464,0.447685819853679,44.7685819853679,0.694610778443114,0,0.552314180146321,0.359847827747151,35.9847827747151,"SURVEILLER (FAIBLE VOLUME)"
"Pharmacie Abobo Belleville et Manzan","Pharmacie","ABIDJAN",1,1,1,8495,8495,0,8495,8495,0,1,0,13117.5,1.17391304347826,0.0106522874796592,0.198356072491215,0.0815903054448871,0,"Économique",0.198356072491215,0.0815903054448871,1,1,1,0,0.0991780362456073,0.0407951527224436,0.333333333333333,0,0.141991956690415,14.1991956690415,0.0577027762656505,0.900821963754393,0.858008043309585,0.715072558078721,71.5072558078721,"SURVEILLER (FAIBLE VOLUME)"
"Pharmacie Belleville","Pharmacie","ABIDJAN",1,1,1,10675,10675,0,10675,10675,0,1,0,13117.5,1.17391304347826,0.0106522874796592,0.249258513695552,0.0815903054448871,0,"Économique",0.249258513695552,0.0815903054448871,1,1,1,0,0.124629256847776,0.0407951527224436,0.333333333333333,0,0.149627322871066,14.9627322871066,0.0821992378878606,0.875370743152224,0.850372677128934,0.706737215690035,70.6737215690035,"SURVEILLER (FAIBLE VOLUME)"
"Pharmacie CYD NIKO DL","Pharmacie","ABIDJAN",1,1,1,9550,9550,0,9550,9550,0,1,0,13117.5,1.17391304347826,0.0106522874796592,0.222990052064873,0.0815903054448871,0,"Économique",0.222990052064873,0.0815903054448871,1,1,1,0,0.111495026032437,0.0407951527224436,0.333333333333333,0,0.145687053626464,14.5687053626464,0.0696788241698421,0.888504973967563,0.854312946373536,0.711062932970408,71.1062932970408,"SURVEILLER (FAIBLE VOLUME)"
"Pharmacie Christ Marie","Pharmacie","ABIDJAN",1,1,1,8840,6390,2450,8840,8840,0.383411580594679,1,0,13117.5,1.17391304347826,0.0106522874796592,0.206411734057956,0.0815903054448871,35.9933564811139,"Économique",0.206411734057956,0.0815903054448871,1,1,1,0,0.103205867028978,0.0407951527224436,0.333333333333333,1,0.243200305925426,24.3200305925426,0.0626020685900925,0.896794132971022,0.756799694074574,0.673957944536257,67.3957944536257,"SURVEILLER (FAIBLE VOLUME)"
"Pharmacie Dunia","Pharmacie","ABIDJAN",1,1,1,7210,7210,0,7210,7210,0,1,0,13117.5,1.17391304347826,0.0106522874796592,0.168351651873061,0.0815903054448871,0,"Économique",0.168351651873061,0.0815903054448871,1,1,1,0,0.0841758259365307,0.0407951527224436,0.333333333333333,0,0.137491293597692,13.7491293597692,0.0473598258029396,0.915824174063469,0.862508706402308,0.720805117346899,72.0805117346899,"SURVEILLER (FAIBLE VOLUME)"
"Pharmacie Jardin d'Eden","Pharmacie","ABIDJAN",1,1,1,28545,23960,4585,28545,28545,0.191360601001669,1,0,13117.5,1.17391304347826,0.0106522874796592,0.66651843310909,0.0815903054448871,17.9642730603241,"Économique",0.66651843310909,0.0815903054448871,1,1,1,0,0.333259216554545,0.0407951527224436,0.333333333333333,1,0.312216310783097,31.2216310783097,0.211213935764834,0.666740783445455,0.687783689216903,0.58405257621791,58.405257621791,"SURVEILLER (FAIBLE VOLUME)"
"Pharmacie Lobia de daloa","Pharmacie","HORS-ABIDJAN",1,1,1,4925,4925,0,4925,4925,0,1,0,13117.5,1.17391304347826,0.0106522874796592,0.114997487583194,0.0815903054448871,0,"Économique",0.114997487583194,0.0815903054448871,1,1,1,0,0.0574987437915969,0.0407951527224436,0.333333333333333,0,0.129488168954212,12.9488168954212,0.025040827436037,0.942501256208403,0.870511831045788,0.730213400388884,73.0213400388884,"SURVEILLER (FAIBLE VOLUME)"
"Pharmacie Niacadie et Pharmacie du Boulevard Carde","Pharmacie","ABIDJAN",1,1,1,10815,10815,0,10815,10815,0,1,0,13117.5,1.17391304347826,0.0106522874796592,0.252527477809592,0.0815903054448871,0,"Économique",0.252527477809592,0.0815903054448871,1,1,1,0,0.126263738904796,0.0407951527224436,0.333333333333333,0,0.150117667488172,15.0117667488172,0.0827436037016875,0.873736261095204,0.849882332511828,0.70599615818315,70.599615818315,"SURVEILLER (FAIBLE VOLUME)"
"Pharmacie Saint Uriel","Pharmacie","ABIDJAN",3,3,2,15450,15450,0,5150,7725,0,1.5,0,13117.5,1.17391304347826,0.0106522874796592,0.12025117990933,0.122385458167331,0,"Économique",0.12025117990933,0.122385458167331,1,1,1,0,0.0601255899546648,0.0611927290836653,0.333333333333333,0,0.136395495711499,13.6395495711499,0.135002721829069,0.939874410045335,0.863604504288501,0.748392110099348,74.8392110099348,"SURVEILLER (FAIBLE VOLUME)"
"Pharmacie Ste Emmanuela daloa","Pharmacie","HORS-ABIDJAN",1,1,1,5195,5195,0,5195,5195,0,1,0,13117.5,1.17391304347826,0.0106522874796592,0.121301918374557,0.0815903054448871,0,"Économique",0.121301918374557,0.0815903054448871,1,1,1,0,0.0606509591872784,0.0407951527224436,0.333333333333333,0,0.130433833572917,13.0433833572917,0.0304844855743059,0.939349040812722,0.869566166427083,0.729662980010783,72.9662980010783,"SURVEILLER (FAIBLE VOLUME)"
"Pharmacie Vallon","Pharmacie","ABIDJAN",1,1,1,11570,11570,0,11570,11570,0,1,0,13117.5,1.17391304347826,0.0106522874796592,0.270156534281737,0.0815903054448871,0,"Économique",0.270156534281737,0.0815903054448871,1,1,1,0,0.135078267140868,0.0407951527224436,0.333333333333333,0,0.152762025958994,15.2762025958994,0.090364725095264,0.864921732859132,0.847237974041007,0.702936827779108,70.2936827779108,"SURVEILLER (FAIBLE VOLUME)"
"Pharmacie adele","Pharmacie","ABIDJAN",1,1,1,18110,15415,2695,18110,18110,0.174829711320143,1,0,13117.5,1.17391304347826,0.0106522874796592,0.422863857894749,0.0815903054448871,16.4124101657963,"Économique",0.422863857894749,0.0815903054448871,1,1,1,0,0.211431928947375,0.0407951527224436,0.333333333333333,1,0.275668124500945,27.5668124500945,0.158410451823625,0.788568071052625,0.724331875499055,0.636842068985397,63.6842068985397,"SURVEILLER (FAIBLE VOLUME)"
"Pharmacie des 220 logements","Pharmacie","ABIDJAN",1,1,1,7610,7610,0,7610,7610,0,1,0,13117.5,1.17391304347826,0.0106522874796592,0.177691549341747,0.0815903054448871,0,"Économique",0.177691549341747,0.0815903054448871,1,1,1,0,0.0888457746708736,0.0407951527224436,0.333333333333333,0,0.138892278217995,13.8892278217995,0.0517147523135547,0.911154225329126,0.861107721782005,0.719247729307164,71.9247729307164,"SURVEILLER (FAIBLE VOLUME)"
"Pharmacie marais","Pharmacie","ABIDJAN",1,1,1,3420,3420,0,3420,3420,0,1,0,13117.5,1.17391304347826,0.0106522874796592,0.0798561233572635,0.0815903054448871,0,"Économique",0.0798561233572635,0.0815903054448871,1,1,1,0,0.0399280616786318,0.0407951527224436,0.333333333333333,0,0.124216964320323,12.4216964320323,0.0136091453456723,0.960071938321368,0.875783035679677,0.737063818669553,73.7063818669553,"SURVEILLER (FAIBLE VOLUME)"
"Polyclinique Sacre Coeur","Clinique","ABIDJAN",3,3,2,2256936.6,1329935,927001.6,752312.2,1128468.3,0.697027749476478,1.5,0.333333333333333,42616.7291666667,1.45454545454545,0.0745173990347981,15.285439555612,0.110834152169474,9.35389262782751,"Coût Élevé",15.285439555612,0.110834152169474,1,0,0,0,1,0.0554170760847369,0.333333333333333,1,0.516625122825421,51.6625122825421,0.869896570495373,0,0.483374877174579,0.367329264968906,36.7329264968906,"SURVEILLER (FAIBLE VOLUME)"
"Polyclinique des 2 plateaux","Clinique","ABIDJAN",1,1,1,25000,25000,0,25000,25000,0,1,0,42616.7291666667,1.45454545454545,0.0745173990347981,0.583743591792862,0.0815903054448871,0,"Économique",0.583743591792862,0.0815903054448871,1,0,0,0,0.291871795896431,0.0407951527224436,0.333333333333333,0,0.199800084585662,19.9800084585662,0.196516058791508,0.708128204103569,0.800199915414338,0.642634459565464,64.2634459565464,"SURVEILLER (FAIBLE VOLUME)"
"Polyclinique sacre-coeur d'Abidjan","Clinique","ABIDJAN",2,2,2,37780,37780,0,18890,18890,0,1,0,42616.7291666667,1.45454545454545,0.0745173990347981,0.441076657958687,0.0815903054448871,0,"Économique",0.441076657958687,0.0815903054448871,1,0,0,0,0.220538328979343,0.0407951527224436,0.333333333333333,0,0.178400044510536,17.8400044510536,0.249863908546543,0.779461671020657,0.821599955489464,0.690397432313357,69.0397432313357,"SURVEILLER (FAIBLE VOLUME)"
"REEL OPTIC DALOA","Optique","HORS-ABIDJAN",2,2,2,638333.333333333,410000,228333.333333333,319166.666666667,319166.666666667,0.55691056910569,1,0,317347.222222222,1,0.452767755831414,7.4524598552222,0.0815903054448871,1.23001375856158,"Coût Élevé",7.4524598552222,0.0815903054448871,1,1,1,0,1,0.0407951527224436,0.333333333333333,0.615006879280791,0.473739233744812,47.3739233744812,0.675557974959173,0,0.526260766255188,0.34561590149391,34.561590149391,"SURVEILLER (FAIBLE VOLUME)"
"REEL OPTICAL","Optique","ABIDJAN",16,16,15,4934007.93650794,3560000,1374007.93650794,308375.496031746,328933.862433862,0.385957285535937,1.06666666666667,0,317347.222222222,1,0.452767755831414,7.20048878697907,0.0870296591412129,0.852439866940627,"Coût Élevé",7.20048878697907,0.0870296591412129,1,1,1,0,1,0.0435148295706065,0.333333333333333,0.426219933470314,0.455676442218213,45.5676442218213,0.936309199782254,0,0.544323557781787,0.404991263069165,40.4991263069165,"SURVEILLER (FAIBLE VOLUME)"
"REGARD OPTICIEN","Optique","ABIDJAN",2,2,2,539000,395000,144000,269500,269500,0.364556962025316,1,0,317347.222222222,1,0.452767755831414,6.29275591952705,0.0815903054448871,0.805174302564641,"Coût Élevé",6.29275591952705,0.0815903054448871,1,1,1,0,1,0.0407951527224436,0.333333333333333,0.402587151282321,0.452497260944965,45.2497260944965,0.645073489384867,0,0.547502739055035,0.348015793498987,34.8015793498987,"SURVEILLER (FAIBLE VOLUME)"
"RIMCA","Autre","ABIDJAN",37,34,30,1132940,1110440,22500,33321.7647058823,37764.6666666667,0.0202622383919888,1.13333333333333,0.027027027027027,31737.9656862745,1,0.0133114157048418,0.767943715000997,0.0918309618877909,1.52217005623366,"Économique",0.767943715000997,0.0918309618877909,1,1,1,0,0.383971857500498,0.0459154809438955,0.333333333333333,0.761085028116832,0.305074704345001,30.5074704345001,0.777898747958628,0.616028142499502,0.694925295654999,0.679961124853526,67.9961124853526,"CONSERVER"
"ROND POINT DU CHU","Hopital","ABIDJAN",1,1,1,4750,4750,0,4750,4750,0,1,0,15500,1,0,0.110911282440644,0.0815903054448871,0,"Économique",0.110911282440644,0.0815903054448871,1,1,1,0,0.0554556412203219,0.0407951527224436,0.333333333333333,0,0.12887523818283,12.887523818283,0.0244964616222101,0.944544358779678,0.87112476181717,0.731166940563181,73.1166940563181,"SURVEILLER (FAIBLE VOLUME)"
"S.A.C.M-CLINIQUE FATIMA","Clinique","ABIDJAN",1,1,1,30000,30000,0,30000,30000,0,1,0,42616.7291666667,1.45454545454545,0.0745173990347981,0.700492310151434,0.0815903054448871,0,"Économique",0.700492310151434,0.0815903054448871,1,0,0,0,0.350246155075717,0.0407951527224436,0.333333333333333,0,0.217312392339448,21.7312392339448,0.214480130647795,0.649753844924283,0.782687607660552,0.615872607163493,61.5872607163493,"SURVEILLER (FAIBLE VOLUME)"
"S.A.C.M-FATIMA","Autre","ABIDJAN",2,2,2,31375,28875,2500,15687.5,15687.5,0.0865800865800866,1,0,31737.9656862745,1,0.0133114157048418,0.366299103850021,0.0815903054448871,6.50419823855357,"Économique",0.366299103850021,0.0815903054448871,1,1,1,0,0.18314955192501,0.0407951527224436,0.333333333333333,1,0.267183411394236,26.7183411394236,0.223189983669026,0.81685044807499,0.732816588605764,0.664504811406107,66.4504811406106,"SURVEILLER (FAIBLE VOLUME)"
"SACM- CLINIQUE FATIMA","Clinique","ABIDJAN",4,3,2,124000,97500,26500,41333.3333333333,62000,0.271794871794872,1.5,0.75,42616.7291666667,1.45454545454545,0.0745173990347981,0.743296741965178,0.110834152169474,3.64740148361793,"Économique",0.743296741965178,0.110834152169474,1,0,0,0,0.371648370982589,0.0554170760847369,0.333333333333333,1,0.328119634120198,32.8119634120198,0.40446379967338,0.628351629017411,0.671880365879802,0.600985557893561,60.0985557893561,"SURVEILLER (FAIBLE VOLUME)"
"SAINT CHRIST OPTIQUE","Hopital","ABIDJAN",1,1,1,272500,180000,92500,272500,272500,0.513888888888889,1,0,15500,1,0,6.3628051505422,0.0815903054448871,0,"Coût Élevé",6.3628051505422,0.0815903054448871,1,1,1,0,1,0.0407951527224436,0.333333333333333,0,0.412238545816733,41.2238545816733,0.524224278715297,0,0.587761454183267,0.339949437416366,33.9949437416366,"SURVEILLER (FAIBLE VOLUME)"
"SAL'OPTIC","Optique","ABIDJAN",8,7,7,3006666.66666667,2070000,936666.666666667,429523.80952381,429523.80952381,0.452495974235105,1,0,317347.222222222,1,0.452767755831414,10.0292708532793,0.0815903054448871,0.999399732881132,"Coût Élevé",10.0292708532793,0.0815903054448871,1,1,1,0,1,0.0407951527224436,0.333333333333333,0.499699866440566,0.46220853246079,46.220853246079,0.901469787697333,0,0.53779146753921,0.395410544555151,39.5410544555151,"SURVEILLER (FAIBLE VOLUME)"
"SAM OPTIQUE","Optique","ABIDJAN",5,5,5,1178333.33333333,810000,368333.333333333,235666.666666667,235666.666666667,0.454732510288066,1,0,317347.222222222,1,0.452767755831414,5.50275625863405,0.0815903054448871,1.00433943104682,"Coût Élevé",5.50275625863405,0.0815903054448871,1,1,1,0,1,0.0407951527224436,0.333333333333333,0.502169715523408,0.462455517369074,46.2455517369074,0.782253674469243,0,0.537544482630926,0.371468527946219,37.1468527946219,"SURVEILLER (FAIBLE VOLUME)"
"SDOL II INTERNATIONAL OPTIC","Optique","ABIDJAN",18,18,18,12949462.2222222,7700420,5249042.22222222,719414.567901235,719414.567901235,0.68165661382395,1,0,317347.222222222,1,0.452767755831414,16.7981457541911,0.0815903054448871,1.50553259379575,"Coût Élevé",16.7981457541911,0.0815903054448871,1,1,1,0,1,0.0407951527224436,0.333333333333333,0.752766296897876,0.487515175506521,48.7515175506521,0.983669025585193,0,0.512484824493479,0.40172773491443,40.172773491443,"SURVEILLER (FAIBLE VOLUME)"
"SELECT OPTIC","Optique","ABIDJAN",3,3,3,1262777.77777778,785000,477777.777777778,420925.925925926,420925.925925926,0.608634111818825,1,0,317347.222222222,1,0.452767755831414,9.82851247514945,0.0815903054448871,1.34425233241531,"Coût Élevé",9.82851247514945,0.0815903054448871,1,1,1,0,1,0.0407951527224436,0.333333333333333,0.672126166207657,0.479451162437499,47.9451162437499,0.7915078933043,0,0.520548837562501,0.366521113685861,36.6521113685861,"SURVEILLER (FAIBLE VOLUME)"
"SGOM FRANCE OPTIQUE","Optique","ABIDJAN",8,8,8,6411666.66666667,3685000,2726666.66666667,801458.333333333,801458.333333333,0.739936680235188,1,0,317347.222222222,1,0.452767755831414,18.7138466468928,0.0815903054448871,1.63425215401315,"Coût Élevé",18.7138466468928,0.0815903054448871,1,1,1,0,1,0.0407951527224436,0.333333333333333,0.817126077006574,0.49395115351739,49.395115351739,0.956450734893849,0,0.50604884648261,0.393709685571814,39.3709685571814,"SURVEILLER (FAIBLE VOLUME)"
"SIGH CLINIQUE PROCREA","Clinique","ABIDJAN",225,160,94,15747801,12432842,3314959,98423.75625,167529.79787234,0.266629222827733,1.70212765957447,0,42616.7291666667,1.45454545454545,0.0745173990347981,2.29816947964481,0.138877115650872,3.57808010318802,"Coût Élevé",2.29816947964481,0.138877115650872,1,0.991525423728814,1.25625,0,1,0.0694385578254358,0.333333333333333,1,0.520831567347631,52.0831567347631,0.988023952095808,0,0.479168432652369,0.389272163480109,38.9272163480109,"RENÉGOCIER"
"SMART VISION","Optique","ABIDJAN",2,2,2,868044.888888888,520828,347216.888888888,434022.444444444,434022.444444444,0.666663253298379,1,0,317347.222222222,1,0.452767755831414,10.1343128255487,0.0815903054448871,1.47241769033263,"Coût Élevé",10.1343128255487,0.0815903054448871,1,1,1,0,1,0.0407951527224436,0.333333333333333,0.736208845166315,0.485859430333365,48.5859430333365,0.733260751224823,0,0.514140569666635,0.352308378111619,35.2308378111619,"SURVEILLER (FAIBLE VOLUME)"
"SOCIAL VISION","Optique","ABIDJAN",5,5,5,1032500,760000,272500,206500,206500,0.358552631578947,1,0,317347.222222222,1,0.452767755831414,4.82172206820904,0.0815903054448871,0.791912911113867,"Coût Élevé",4.82172206820904,0.0815903054448871,1,1,1,0,1,0.0407951527224436,0.333333333333333,0.395956455556933,0.451834191372426,45.1834191372426,0.759934676102341,0,0.548165808627574,0.371253258671498,37.1253258671498,"SURVEILLER (FAIBLE VOLUME)"
"SOCIETE MEDICALE ANDRE FOURCHE","Centre Medical","ABIDJAN",63,45,39,1801725,1693450,108275,40038.3333333333,46198.0769230769,0.0639375239894889,1.15384615384615,0.0158730158730159,33841.4752475248,1.23636363636364,0.0589823610679747,0.925676336773311,0.0936421713448864,1.08401092855207,"Standard",0.925676336773311,0.0936421713448864,1,2.86309523809524,1,1,0.462838168386655,0.0468210856724432,0.954365079365079,0.542005464276037,0.493407846454857,49.3407846454857,0.842133913990201,0.537161831613345,0.506592153545143,0.585928376861435,58.5928376861435,"SURVEILLER"
"SOCIETE MEDICALE CURANTIS","Centre Medical","ABIDJAN",110,75,58,2348897,2174200,174697,31318.6266666667,40498.224137931,0.0803500137981786,1.29310344827586,0,33841.4752475248,1.23636363636364,0.0589823610679747,0.731281904816788,0.105504705316664,1.36227191220064,"Économique",0.731281904816788,0.105504705316664,1,2.89455782312925,1,1,0.365640952408394,0.0527523526583322,0.964852607709751,0.681135956100322,0.483087369442975,48.3087369442975,0.874251497005988,0.634359047591606,0.516912630557025,0.63535897066065,63.535897066065,"CONSERVER"
"SOCIETE MEDICALE DE SONGON","Centre Medical","HORS-ABIDJAN",35,22,18,855203,807500,47703,38872.8636363636,47511.2777777778,0.0590749226006192,1.22222222222222,0,33841.4752475248,1.23636363636364,0.0589823610679747,0.907671401694602,0.0997214844326398,1.00156930870465,"Standard",0.907671401694602,0.0997214844326398,1,2.74074074074074,1,0,0.453835700847301,0.0498607422163199,0.91358024691358,0.500784654352323,0.475261472428393,47.5261472428393,0.730538922155689,0.546164299152699,0.524738527571607,0.57446891512086,57.446891512086,"SURVEILLER"
"SOCIETE MEDICALE ESTHER","Centre Medical","HORS-ABIDJAN",75,49,32,2471237,2330449,140788,50433.4081632653,77226.15625,0.0604123926333509,1.53125,0,33841.4752475248,1.23636363636364,0.0589823610679747,1.1776071531032,0.124935155212483,1.02424507156857,"Standard",1.1776071531032,0.124935155212483,1,3.30357142857143,1,1,0.588803576551599,0.0624675776062417,1,0.512122535784285,0.54659359982578,54.659359982578,0.879695155144257,0.411196423448401,0.45340640017422,0.5217801604779,52.17801604779,"SURVEILLER"
"SOCIETE MEDICALE LES PERLES","Centre Medical","ABIDJAN",710,507,282,22741407.4444444,20857440,1883967.44444444,44854.8470304624,80643.2888100867,0.0903259194054709,1.79787234042553,0.0140845070422535,33841.4752475248,1.23636363636364,0.0589823610679747,1.03909203321836,0.145719562945108,1.53140562313831,"Standard",1.03909203321836,0.145719562945108,1,1.92708333333333,1,0,0.519546016609179,0.0728597814725541,0.642361111111111,0.765702811569157,0.447000353914769,44.7000353914769,0.992378878606423,0.480453983390821,0.552999646085231,0.611857227511705,61.1857227511705,"CONSERVER"
"SOIN A L'ETRANGER ( CASBLANCA) DR HIND SAMI","Autre","HORS COTE D'IVOIRE",1,1,1,5455,5455,0,5455,5455,0,1,0,31737.9656862745,1,0.0133114157048418,0.127372851729202,0.0815903054448871,0,"Économique",0.127372851729202,0.0815903054448871,1,1,1,0,0.0636864258646012,0.0407951527224436,0.333333333333333,0,0.131344473576113,13.1344473576113,0.0326619488296135,0.936313574135399,0.868655526423887,0.728520029989637,72.8520029989637,"SURVEILLER (FAIBLE VOLUME)"
"SOIN A L'ETRANGER (FRANCE)","Autre","ABIDJAN",1,1,1,100455,76419,24036,100455,100455,0.314529109252934,1,0,31737.9656862745,1,0.0133114157048418,2.34559850054208,0.0815903054448871,23.6285242852516,"Coût Élevé",2.34559850054208,0.0815903054448871,1,1,1,0,1,0.0407951527224436,0.333333333333333,1,0.512238545816733,51.2238545816733,0.377245508982036,0,0.487761454183267,0.270553683469714,27.0553683469714,"SURVEILLER (FAIBLE VOLUME)"
"SOIN A L'ETRANGER (TURQUIE)","Autre","HORS COTE D'IVOIRE",1,1,1,35398,35398,0,35398,35398,0,1,0,31737.9656862745,1,0.0133114157048418,0.826534226491349,0.0815903054448871,0,"Économique",0.826534226491349,0.0815903054448871,1,1,1,0,0.413267113245675,0.0407951527224436,0.333333333333333,0,0.236218679790435,23.6218679790435,0.242242787152967,0.586732886754325,0.763781320209565,0.588654240216149,58.8654240216149,"SURVEILLER (FAIBLE VOLUME)"
"SOIN A L'EXTERIEUR","Autre","ABIDJAN",1,1,1,1708510,1374575,333935,1708510,1708510,0.242936907771493,1,0,31737.9656862745,1,0.0133114157048418,39.8932705605609,0.0815903054448871,18.2502682778608,"Coût Élevé",39.8932705605609,0.0815903054448871,1,1,1,0,1,0.0407951527224436,0.333333333333333,1,0.512238545816733,51.2238545816733,0.835601524224279,0,0.487761454183267,0.362224886518163,36.2224886518163,"SURVEILLER (FAIBLE VOLUME)"
"SOLEIL OPTIC","Optique","ABIDJAN",3,3,3,721388.888888889,520000,201388.888888889,240462.962962963,240462.962962963,0.387286324786325,1,0,317347.222222222,1,0.452767755831414,5.61474854772616,0.0815903054448871,0.855375233324983,"Coût Élevé",5.61474854772616,0.0815903054448871,1,1,1,0,1,0.0407951527224436,0.333333333333333,0.427687616662492,0.455007307482982,45.5007307482982,0.698421339139902,0,0.544992692517018,0.357681344834788,35.7681344834788,"SURVEILLER (FAIBLE VOLUME)"
"SOURIRE D'ENFANCE","Autre","ABIDJAN",1,1,1,17500,17500,0,17500,17500,0,1,0,31737.9656862745,1,0.0133114157048418,0.408620514255003,0.0815903054448871,0,"Économique",0.408620514255003,0.0815903054448871,1,1,1,0,0.204310257127502,0.0407951527224436,0.333333333333333,0,0.173531622954984,17.3531622954984,0.147523135547088,0.795689742872498,0.826468377045016,0.678367875076423,67.8367875076424,"SURVEILLER (FAIBLE VOLUME)"
"SSSU-SAJ( SERVICE DE SANTE SCOLAIRE ET UNIVERSITAIRE SANTE ADOLESCENTS ET JEUNES DE LAKOTA","Autre","HORS-ABIDJAN",14,8,3,267000,182000,85000,33375,89000,0.467032967032967,2.66666666666667,0,31737.9656862745,1,0.0133114157048418,0.779297695043471,0.217574147853032,35.0851462675823,"Économique",0.779297695043471,0.217574147853032,1,1,1,0,0.389648847521735,0.108787073926516,0.333333333333333,1,0.349530776434475,34.9530776434475,0.520958083832335,0.610351152478265,0.650469223565525,0.608519767183983,60.8519767183983,"SURVEILLER (FAIBLE VOLUME)"
"ST CHRIST OPTIQUE - PALMERAIE","Hopital","ABIDJAN",6,6,5,2780000,1670000,1110000,463333.333333333,556000,0.664670658682635,1.2,0,15500,1,0,10.8187145678944,0.0979083665338645,0,"Coût Élevé",10.8187145678944,0.0979083665338645,1,1,1,0,1,0.0489541832669323,0.333333333333333,0,0.41468625498008,41.468625498008,0.891126837234622,0,0.58531374501992,0.412350865454893,41.2350865454893,"SURVEILLER (FAIBLE VOLUME)"
"SUD OPTIC","Optique","ABIDJAN",11,11,10,2785833.33333333,2030000,755833.333333333,253257.575757576,278583.333333333,0.372331691297209,1.1,0,317347.222222222,1,0.452767755831414,5.9134994768592,0.0897493359893758,0.822345863860157,"Coût Élevé",5.9134994768592,0.0897493359893758,1,1,1,0,1,0.0448746679946879,0.333333333333333,0.411172931930078,0.454579693591414,45.4579693591414,0.892759934676102,0,0.545420306408586,0.396720109498655,39.6720109498655,"SURVEILLER (FAIBLE VOLUME)"
"SWISS OPTIC","Optique","ABIDJAN",1,1,1,230000,230000,0,230000,230000,0,1,0,317347.222222222,1,0.452767755831414,5.37044104449433,0.0815903054448871,0,"Coût Élevé",5.37044104449433,0.0815903054448871,1,1,1,0,1,0.0407951527224436,0.333333333333333,0,0.412238545816733,41.2238545816733,0.499727817093087,0,0.587761454183267,0.335050145091924,33.5050145091924,"SURVEILLER (FAIBLE VOLUME)"
"Smile Infinity","Autre","ABIDJAN",2,1,1,47500,47500,0,47500,47500,0,1,1,31737.9656862745,1,0.0133114157048418,0.766145510565649,0.067516879219805,0,"Économique",0.766145510565649,0.067516879219805,1,1,1,0,0.383072755282825,0.0337584396099025,0.333333333333333,0,0.225049358467818,22.5049358467818,0.279259662493195,0.616927244717175,0.774950641532182,0.612603086998382,61.2603086998382,"SURVEILLER (FAIBLE VOLUME)"
"TENDANCES OPTIQUE","Optique","ABIDJAN",7,7,7,2523888.88888889,1715000,808888.888888888,360555.555555555,360555.555555555,0.471655328798185,1,0.142857142857143,317347.222222222,1,0.452767755831414,7.91284970483971,0.079230997846924,1.04171580843271,"Coût Élevé",7.91284970483971,0.079230997846924,1,1,1,0,1,0.039615498923462,0.333333333333333,0.520857904216355,0.463970440098674,46.3970440098674,0.884594447468699,0,0.536029559901326,0.39133071345427,39.133071345427,"SURVEILLER (FAIBLE VOLUME)"
"TOP OPTIQUE","Optique","ABIDJAN",4,4,4,1098333.33333333,790000,308333.333333333,274583.333333333,274583.333333333,0.390295358649789,1,0,317347.222222222,1,0.452767755831414,6.41145044985827,0.0815903054448871,0.862021099389228,"Coût Élevé",6.41145044985827,0.0815903054448871,1,1,1,0,1,0.0407951527224436,0.333333333333333,0.431010549694614,0.455339600786194,45.5339600786194,0.77408818726184,0,0.544660399213805,0.37268179713789,37.268179713789,"SURVEILLER (FAIBLE VOLUME)"
"TOP VISION","Optique","ABIDJAN",3,3,3,1268333.33333333,780000,488333.333333333,422777.777777778,422777.777777778,0.626068376068376,1,0,317347.222222222,1,0.452767755831414,9.87175274120818,0.0815903054448871,1.38275830821639,"Coût Élevé",9.87175274120818,0.0815903054448871,1,1,1,0,1,0.0407951527224436,0.333333333333333,0.691379154108194,0.481376461227552,48.1376461227552,0.792052259118127,0,0.518623538772448,0.365859867332605,36.5859867332605,"SURVEILLER (FAIBLE VOLUME)"
"TULIPE OPTIQUE","Optique","HORS-ABIDJAN",5,5,5,2653333.33333333,1560000,1093333.33333333,530666.666666667,530666.666666667,0.700854700854701,1,0,317347.222222222,1,0.452767755831414,12.3909306417898,0.0815903054448871,1.54793421534121,"Coût Élevé",12.3909306417898,0.0815903054448871,1,1,1,0,1,0.0407951527224436,0.333333333333333,0.773967107670606,0.489635256583794,48.9635256583794,0.888405008165487,0,0.510364743416206,0.38182689899958,38.182689899958,"SURVEILLER (FAIBLE VOLUME)"
"UNIVERS OPTIC","Optique","ABIDJAN",1,1,1,160000,150000,10000,160000,160000,0.0666666666666667,1,0,317347.222222222,1,0.452767755831414,3.73595898747432,0.0815903054448871,0.147242522922701,"Coût Élevé",3.73595898747432,0.0815903054448871,1,1,1,0,1,0.0407951527224436,0.333333333333333,0.0736212614613503,0.419600671962868,41.9600671962868,0.442025040827436,0,0.580399328037132,0.32056473938034,32.056473938034,"SURVEILLER (FAIBLE VOLUME)"
"UNOPTIQUE","Optique","ABIDJAN",1,1,1,233333.333333333,2e+05,33333.3333333333,233333.333333333,233333.333333333,0.166666666666666,1,0,317347.222222222,1,0.452767755831414,5.44827352340004,0.0815903054448871,0.368106307306751,"Coût Élevé",5.44827352340004,0.0815903054448871,1,1,1,0,1,0.0407951527224436,0.333333333333333,0.184053153653376,0.430643861182071,43.0643861182071,0.504082743603702,0,0.569356138817929,0.328559004247912,32.8559004247912,"SURVEILLER (FAIBLE VOLUME)"
"VAN OPTIC","Optique","ABIDJAN",2,2,2,577500,420000,157500,288750,288750,0.375,1,0,317347.222222222,1,0.452767755831414,6.74223848520756,0.0815903054448871,0.828239191440191,"Coût Élevé",6.74223848520756,0.0815903054448871,1,1,1,0,1,0.0407951527224436,0.333333333333333,0.414119595720095,0.453650505388743,45.3650505388743,0.653783342406097,0,0.546349494611257,0.349296466325722,34.9296466325722,"SURVEILLER (FAIBLE VOLUME)"
"VICTOIRE OPTIQUE","Optique","ABIDJAN",2,2,2,685833.333333333,470000,215833.333333333,342916.666666667,342916.666666667,0.459219858156028,1,0,317347.222222222,1,0.452767755831414,8.00701626742542,0.0815903054448871,1.01425035736647,"Coût Élevé",8.00701626742542,0.0815903054448871,1,1,1,0,1,0.0407951527224436,0.333333333333333,0.507125178683237,0.462951063685057,46.2951063685057,0.68644529123571,0,0.537048936314943,0.352108632773119,35.2108632773119,"SURVEILLER (FAIBLE VOLUME)"
"VIE OPTIC","Optique","ABIDJAN",3,3,3,743333.333333333,530000,213333.333333333,247777.777777778,247777.777777778,0.40251572327044,1,0,317347.222222222,1,0.452767755831414,5.78554759865814,0.0815903054448871,0.889011459155928,"Coût Élevé",5.78554759865814,0.0815903054448871,1,1,1,0,1,0.0407951527224436,0.333333333333333,0.444505729577964,0.456689118774529,45.6689118774529,0.703864997278171,0,0.543310881225471,0.358097351945822,35.8097351945822,"SURVEILLER (FAIBLE VOLUME)"
"VISEO CENTRE DE VISION","Optique","ABIDJAN",7,7,7,3832333.33333333,2492000,1340333.33333333,547476.19047619,547476.19047619,0.537854467629748,1,0,317347.222222222,1,0.452767755831414,12.7834287139858,0.0815903054448871,1.18792573168575,"Coût Élevé",12.7834287139858,0.0815903054448871,1,1,1,0,1,0.0407951527224436,0.333333333333333,0.593962865842876,0.471634832401021,47.1634832401021,0.91943385955362,0,0.528365167598979,0.395232838950316,39.5232838950316,"SURVEILLER (FAIBLE VOLUME)"
"VISION 2000","Optique","ABIDJAN",4,4,4,956111.111111111,640000,316111.111111111,239027.777777778,239027.777777778,0.493923611111111,1,0,317347.222222222,1,0.452767755831414,5.58123734153064,0.0815903054448871,1.09089837946636,"Coût Élevé",5.58123734153064,0.0815903054448871,1,1,1,0,1,0.0407951527224436,0.333333333333333,0.545449189733181,0.466783464790051,46.6783464790051,0.749047359825803,0,0.533216535209949,0.36309608604914,36.309608604914,"SURVEILLER (FAIBLE VOLUME)"
"VISION CONFORT","Optique","ABIDJAN",10,10,10,4945000,3060000,1885000,494500,494500,0.616013071895425,1,0,317347.222222222,1,0.452767755831414,11.5464482456628,0.0815903054448871,1.36054978288868,"Coût Élevé",11.5464482456628,0.0815903054448871,1,1,1,0,1,0.0407951527224436,0.333333333333333,0.68027489144434,0.480266034961167,48.0266034961167,0.937942297223734,0,0.519733965038833,0.39548204546028,39.548204546028,"SURVEILLER (FAIBLE VOLUME)"
"VISION ECLAT'S","Optique","ABIDJAN",6,6,6,1883333.33333333,1360000,523333.333333333,313888.888888889,313888.888888889,0.384803921568627,1,0.166666666666667,317347.222222222,1,0.452767755831414,6.82036560918242,0.0788509818642148,0.849892503634706,"Coût Élevé",6.82036560918242,0.0788509818642148,1,1,1,0,1,0.0394254909321074,0.333333333333333,0.424946251817353,0.454322272461367,45.4322272461367,0.846488840500817,0,0.545677727538633,0.387568859115616,38.7568859115616,"SURVEILLER (FAIBLE VOLUME)"
"VISION OPTIMALE","Optique","ABIDJAN",5,5,5,1763333.33333333,1315000,448333.333333333,352666.666666667,352666.666666667,0.340937896070976,1,0,317347.222222222,1,0.452767755831414,8.23467626822464,0.0815903054448871,0.75300833966172,"Coût Élevé",8.23467626822464,0.0815903054448871,1,1,1,0,1,0.0407951527224436,0.333333333333333,0.37650416983086,0.449888962799819,44.9888962799819,0.837234621665759,0,0.550111037200181,0.387491339213224,38.7491339213224,"SURVEILLER (FAIBLE VOLUME)"
"VISION ORIGINALE","Optique","ABIDJAN",7,7,7,1936111.11111111,1415000,521111.11111111,276587.301587301,276587.301587301,0.368276403612092,1,0,317347.222222222,1,0.452767755831414,6.45824259491468,0.0815903054448871,0.813389202011147,"Coût Élevé",6.45824259491468,0.0815903054448871,1,1,1,0,1,0.0407951527224436,0.333333333333333,0.406694601005574,0.45290800591729,45.290800591729,0.849755035383778,0,0.54709199408271,0.388787804709839,38.8787804709839,"SURVEILLER (FAIBLE VOLUME)"
"VISIONET OPTIQUE BONOUA","Optique","HORS-ABIDJAN",2,2,2,222500,220000,2500,111250,111250,0.0113636363636364,1,0,317347.222222222,1,0.452767755831414,2.59765898347824,0.0815903054448871,0.0250981573163694,"Coût Élevé",2.59765898347824,0.0815903054448871,1,1,1,0,1,0.0407951527224436,0.333333333333333,0.0125490786581847,0.413493453682551,41.3493453682552,0.493739793140991,0,0.586506546317449,0.333350577155178,33.3350577155178,"SURVEILLER (FAIBLE VOLUME)"
"VOIR + OPTIC","Optique","ABIDJAN",14,14,14,4353333.33333333,3310000,1043333.33333333,310952.380952381,310952.380952381,0.31520644511581,1,0,317347.222222222,1,0.452767755831414,7.26065838934741,0.0815903054448871,0.696176883305215,"Coût Élevé",7.26065838934741,0.0815903054448871,1,1,1,0,1,0.0407951527224436,0.333333333333333,0.348088441652608,0.447047389981994,44.7047389981994,0.92651061513337,0,0.552952610018006,0.406483167033876,40.6483167033876,"SURVEILLER (FAIBLE VOLUME)"
"VOOM OPTIC","Optique","ABIDJAN",2,2,2,428333.333333333,340000,88333.3333333333,214166.666666667,214166.666666667,0.259803921568627,1,0,317347.222222222,1,0.452767755831414,5.00073676969218,0.0815903054448871,0.573812773154642,"Coût Élevé",5.00073676969218,0.0815903054448871,1,1,1,0,1,0.0407951527224436,0.333333333333333,0.286906386577321,0.440929184474465,44.0929184474465,0.608600979858465,0,0.559070815525535,0.345348522181907,34.5348522181907,"SURVEILLER (FAIBLE VOLUME)"
"VOS BELLES LUNETTES - COCODY","Autre","ABIDJAN",5,5,5,1580222.22222222,1129000,451222.222222222,316044.444444444,316044.444444444,0.399665387265033,1,0,31737.9656862745,1,0.0133114157048418,7.37955676664718,0.0815903054448871,30.0242585857837,"Coût Élevé",7.37955676664718,0.0815903054448871,1,1,1,0,1,0.0407951527224436,0.333333333333333,1,0.512238545816733,51.2238545816733,0.82308111050626,0,0.487761454183267,0.359720803774559,35.9720803774559,"SURVEILLER (FAIBLE VOLUME)"
"VUD'C","Autre","ABIDJAN",1,1,1,340000,220000,120000,340000,340000,0.545454545454545,1,0,31737.9656862745,1,0.0133114157048418,7.93891284838292,0.0815903054448871,40.9764489028875,"Coût Élevé",7.93891284838292,0.0815903054448871,1,1,1,0,1,0.0407951527224436,0.333333333333333,1,0.512238545816733,51.2238545816733,0.567773543821448,0,0.487761454183267,0.308659290437596,30.8659290437596,"SURVEILLER (FAIBLE VOLUME)"
"Val d’oise","Autre","ABIDJAN",1,1,1,5490,5490,0,5490,5490,0,1,0,31737.9656862745,1,0.0133114157048418,0.128190092757712,0.0815903054448871,0,"Économique",0.128190092757712,0.0815903054448871,1,1,1,0,0.0640950463788562,0.0407951527224436,0.333333333333333,0,0.13146705973039,13.146705973039,0.0337506804572673,0.935904953621144,0.86853294026961,0.728525293647755,72.8525293647755,"SURVEILLER (FAIBLE VOLUME)"
"Vert Optique","Optique","ABIDJAN",1,1,1,1052500,570000,482500,1052500,1052500,0.846491228070175,1,1,317347.222222222,1,0.452767755831414,16.9761715762178,0.067516879219805,1.86959256079482,"Coût Élevé",16.9761715762178,0.067516879219805,1,1,1,0,1,0.0337584396099025,0.333333333333333,0.934796280397408,0.503607159922712,50.3607159922712,0.763200870985302,0,0.496392840077288,0.351197310227976,35.1197310227976,"SURVEILLER (FAIBLE VOLUME)"
"WASPITO","Autre","ABIDJAN",1,1,1,17500,17500,0,17500,17500,0,1,0,31737.9656862745,1,0.0133114157048418,0.408620514255003,0.0815903054448871,0,"Économique",0.408620514255003,0.0815903054448871,1,1,1,0,0.204310257127502,0.0407951527224436,0.333333333333333,0,0.173531622954984,17.3531622954984,0.147523135547088,0.795689742872498,0.826468377045016,0.678367875076423,67.8367875076424,"SURVEILLER (FAIBLE VOLUME)"
"WORO-OPTIQUE","Optique","HORS-ABIDJAN",1,1,1,453333.333333333,310000,143333.333333333,453333.333333333,453333.333333333,0.462365591397848,1,0,317347.222222222,1,0.452767755831414,10.5852171311772,0.0815903054448871,1.02119814285099,"Coût Élevé",10.5852171311772,0.0815903054448871,1,1,1,0,1,0.0407951527224436,0.333333333333333,0.510599071425493,0.463298452959282,46.3298452959282,0.618943930321176,0,0.536701547040718,0.338469404880522,33.8469404880522,"SURVEILLER (FAIBLE VOLUME)"
"XZS","Autre","HORS-ABIDJAN",1,1,1,18040,15000,3040,18040,18040,0.202666666666667,1,0,31737.9656862745,1,0.0133114157048418,0.421229375837729,0.0815903054448871,15.2250272368062,"Économique",0.421229375837729,0.0815903054448871,1,1,1,0,0.210614687918865,0.0407951527224436,0.333333333333333,1,0.275422952192392,27.5422952192392,0.157321720195972,0.789385312081135,0.724577047807608,0.637049287994692,63.7049287994692,"SURVEILLER (FAIBLE VOLUME)"
"Z - OPTIC","Optique","ABIDJAN",4,4,4,806111.111111111,647500,158611.111111111,201527.777777778,201527.777777778,0.244959244959245,1,0,317347.222222222,1,0.452767755831414,4.70562195384135,0.0815903054448871,0.541026258615586,"Coût Élevé",4.70562195384135,0.0815903054448871,1,1,1,0,1,0.0407951527224436,0.333333333333333,0.270513129307793,0.439289858747512,43.9289858747512,0.717474142623843,0,0.560710141252488,0.367778885025764,36.7778885025764,"SURVEILLER (FAIBLE VOLUME)"
"ZAATAR GEORGES","Autre","ABIDJAN",1,1,1,80894,49197,31697,80894,80894,0.644287253287802,1,0,31737.9656862745,1,0.0133114157048418,1.88885416457967,0.0815903054448871,48.4011068074038,"Coût Élevé",1.88885416457967,0.0815903054448871,1,1,1,0,0.944427082289836,0.0407951527224436,0.333333333333333,1,0.495566670503684,49.5566670503684,0.347305389221557,0.0555729177101645,0.504433329496316,0.293463576726904,29.3463576726904,"SURVEILLER (FAIBLE VOLUME)"
"akwaba pharmacie","Pharmacie","ABIDJAN",1,1,1,14850,14850,0,14850,14850,0,1,0,13117.5,1.17391304347826,0.0106522874796592,0.34674369352496,0.0815903054448871,0,"Économique",0.34674369352496,0.0815903054448871,1,1,1,0,0.17337184676248,0.0407951527224436,0.333333333333333,0,0.164250099845477,16.4250099845477,0.118127381600435,0.82662815323752,0.835749900154523,0.688576697676904,68.8576697676904,"SURVEILLER (FAIBLE VOLUME)"
"cabinet d'orthopedie d'electrophysiologie","Cabinet","ABIDJAN",1,1,1,18000,18000,0,18000,18000,0,1,0,35500,1.25,0,0.420295386090861,0.0815903054448871,0,"Économique",0.420295386090861,0.0815903054448871,1,1,1,0,0.21014769304543,0.0407951527224436,0.333333333333333,0,0.175282853730362,17.5282853730362,0.155144256940664,0.78985230695457,0.824717146269638,0.676856632677816,67.6856632677816,"SURVEILLER (FAIBLE VOLUME)"
"cabinet d'orthoptie d'electrophisiologie","Cabinet","ABIDJAN",1,1,1,18000,18000,0,18000,18000,0,1,1,35500,1.25,0,0.290328825056457,0.067516879219805,0,"Économique",0.290328825056457,0.067516879219805,1,1,1,0,0.145164412528228,0.0337584396099025,0.333333333333333,0,0.153676855641439,15.3676855641439,0.155144256940664,0.854835587471772,0.846323144358561,0.711492344120266,71.1492344120266,"SURVEILLER (FAIBLE VOLUME)"
"cabinet medical succar","Cabinet","ABIDJAN",5,4,4,60000,60000,0,15000,15000,0,1,0,35500,1.25,0,0.350246155075717,0.0815903054448871,0,"Économique",0.350246155075717,0.0815903054448871,1,1,1,0,0.175123077537859,0.0407951527224436,0.333333333333333,0,0.164775469078091,16.4775469078091,0.310832879695155,0.824876922462141,0.835224530921909,0.726207157292651,72.6207157292651,"SURVEILLER (FAIBLE VOLUME)"
"centre Medicale Imane","Centre Medical","ABIDJAN",1,1,1,32500,25000,7500,32500,32500,0.3,1,0,33841.4752475248,1.23636363636364,0.0589823610679747,0.75886666933072,0.0815903054448871,5.08626637808315,"Économique",0.75886666933072,0.0815903054448871,1,0,1,0,0.37943333466536,0.0407951527224436,0.333333333333333,1,0.326068546216341,32.6068546216341,0.227000544365814,0.62056666533464,0.673931453783659,0.563199356520482,56.3199356520482,"SURVEILLER (FAIBLE VOLUME)"
"centre communautaire d'angre","Centre Medical","ABIDJAN",1,1,1,15000,15000,0,15000,15000,0,1,0,33841.4752475248,1.23636363636364,0.0589823610679747,0.350246155075717,0.0815903054448871,0,"Économique",0.350246155075717,0.0815903054448871,1,0,1,0,0.175123077537859,0.0407951527224436,0.333333333333333,0,0.164775469078091,16.4775469078091,0.119760479041916,0.824876922462141,0.835224530921909,0.687992677162004,68.7992677162003,"SURVEILLER (FAIBLE VOLUME)"
"centre de sante communautaire urbain Angre","Centre Medical","HORS-ABIDJAN",2,2,2,20000,20000,0,10000,10000,0,1,0,33841.4752475248,1.23636363636364,0.0589823610679747,0.233497436717145,0.0815903054448871,0,"Économique",0.233497436717145,0.0815903054448871,1,0,1,0,0.116748718358572,0.0407951527224436,0.333333333333333,0,0.147263161324305,14.7263161324305,0.170930865541644,0.883251281641428,0.852736838675695,0.728581421235178,72.8581421235178,"SURVEILLER (FAIBLE VOLUME)"
"centre de sante des armees escadron 2-1","Centre Medical","ABIDJAN",1,1,1,10500,8000,2500,10500,10500,0.3125,1,0,33841.4752475248,1.23636363636364,0.0589823610679747,0.245172308553002,0.0815903054448871,5.29819414383661,"Économique",0.245172308553002,0.0815903054448871,1,0,1,0,0.122586154276501,0.0407951527224436,0.333333333333333,1,0.249014392099683,24.9014392099683,0.0816548720740338,0.877413845723499,0.750985607900317,0.667690755864333,66.7690755864333,"SURVEILLER (FAIBLE VOLUME)"
"centre de sante des armees escadron escadron 2-1","Centre Medical","ABIDJAN",1,1,1,1500,1500,0,1500,1500,0,1,0,33841.4752475248,1.23636363636364,0.0589823610679747,0.0350246155075717,0.0815903054448871,0,"Économique",0.0350246155075717,0.0815903054448871,1,0,1,0,0.0175123077537859,0.0407951527224436,0.333333333333333,0,0.117492238142869,11.7492238142869,0.00272182906913446,0.982487692246214,0.882507761857131,0.746542547455165,74.6542547455165,"SURVEILLER (FAIBLE VOLUME)"
"centre de sante urbain Polouroukaha","Centre Medical","ABIDJAN",1,1,1,10100,6000,4100,10100,10100,0.683333333333333,1,0,33841.4752475248,1.23636363636364,0.0589823610679747,0.235832411084316,0.0815903054448871,11.5853845278561,"Économique",0.235832411084316,0.0815903054448871,1,0,1,0,0.117916205542158,0.0407951527224436,0.333333333333333,1,0.24761340747938,24.761340747938,0.0794774088187262,0.882083794457842,0.75238659252062,0.66968363655513,66.968363655513,"SURVEILLER (FAIBLE VOLUME)"
"centre de sante urbain genie 2000","Centre Medical","ABIDJAN",1,1,1,350000,2e+05,150000,350000,350000,0.75,1,0,33841.4752475248,1.23636363636364,0.0589823610679747,8.17241028510007,0.0815903054448871,12.7156659452079,"Coût Élevé",8.17241028510007,0.0815903054448871,1,0,1,0,1,0.0407951527224436,0.333333333333333,1,0.512238545816733,51.2238545816733,0.572128470332063,0,0.487761454183267,0.309530275739719,30.9530275739719,"SURVEILLER (FAIBLE VOLUME)"
"centre de sante urban communautaire d angre","Centre Medical","ABIDJAN",1,1,1,15000,15000,0,15000,15000,0,1,0,33841.4752475248,1.23636363636364,0.0589823610679747,0.350246155075717,0.0815903054448871,0,"Économique",0.350246155075717,0.0815903054448871,1,0,1,0,0.175123077537859,0.0407951527224436,0.333333333333333,0,0.164775469078091,16.4775469078091,0.119760479041916,0.824876922462141,0.835224530921909,0.687992677162004,68.7992677162003,"SURVEILLER (FAIBLE VOLUME)"
"centre medical cemedis","Centre Medical","ABIDJAN",1,1,1,30000,30000,0,30000,30000,0,1,1,33841.4752475248,1.23636363636364,0.0589823610679747,0.483881375094094,0.067516879219805,0,"Économique",0.483881375094094,0.067516879219805,1,0,1,0,0.241940687547047,0.0337584396099025,0.333333333333333,0,0.182709738147085,18.2709738147085,0.214480130647795,0.758059312452953,0.817290261852915,0.673035855851906,67.3035855851906,"SURVEILLER (FAIBLE VOLUME)"
"centre medical de la paix Adjouffou 2eme","Centre Medical","ABIDJAN",1,1,1,8270,8270,0,8270,8270,0,1,0,33841.4752475248,1.23636363636364,0.0589823610679747,0.193102380165079,0.0815903054448871,0,"Économique",0.193102380165079,0.0815903054448871,1,0,1,0,0.0965511900825394,0.0407951527224436,0.333333333333333,0,0.141203902841495,14.1203902841495,0.0566140446379967,0.903448809917461,0.858796097158505,0.716220771757986,71.6220771757986,"SURVEILLER (FAIBLE VOLUME)"
"centre medical entreprise FDFP","Centre Medical","ABIDJAN",1,1,1,9600,9600,0,9600,9600,0,1,0,33841.4752475248,1.23636363636364,0.0589823610679747,0.224157539248459,0.0815903054448871,0,"Économique",0.224157539248459,0.0815903054448871,1,0,1,0,0.11207876962423,0.0407951527224436,0.333333333333333,0,0.145862176704002,14.5862176704002,0.070223189983669,0.88792123037577,0.854137823295998,0.710868259465441,71.0868259465441,"SURVEILLER (FAIBLE VOLUME)"
"chr katiola","Hopital","HORS-ABIDJAN",1,1,1,11000,7000,4000,11000,11000,0.571428571428571,1,0,15500,1,0,0.256847180388859,0.0815903054448871,0,"Économique",0.256847180388859,0.0815903054448871,1,1,1,0,0.12842359019443,0.0407951527224436,0.333333333333333,0,0.150765622875062,15.0765622875062,0.0843767011431682,0.87157640980557,0.849234377124938,0.705199655000837,70.5199655000837,"SURVEILLER (FAIBLE VOLUME)"
"chu cocody","Hopital","ABIDJAN",1,1,1,17085,17085,0,17085,17085,0,1,0,15500,1,0,0.398930370631242,0.0815903054448871,0,"Économique",0.398930370631242,0.0815903054448871,1,1,1,0,0.199465185315621,0.0407951527224436,0.333333333333333,0,0.172078101411419,17.2078101411419,0.144801306477953,0.800534814684379,0.827921898588581,0.680342946604775,68.0342946604775,"SURVEILLER (FAIBLE VOLUME)"
"chu treichville","Hopital","ABIDJAN",2,2,1,20000,20000,0,10000,20000,0,2,0,15500,1,0,0.233497436717145,0.163180610889774,0,"Économique",0.233497436717145,0.163180610889774,1,1,1,0,0.116748718358572,0.0815903054448871,0.333333333333333,0,0.159501707141038,15.9501707141038,0.170930865541644,0.883251281641428,0.840498292858962,0.723686002908485,72.3686002908485,"SURVEILLER (FAIBLE VOLUME)"
"clinique farah","Clinique","ABIDJAN",2,2,2,72500,65000,7500,36250,36250,0.115384615384615,1,0,42616.7291666667,1.45454545454545,0.0745173990347981,0.84642820809965,0.0815903054448871,1.54842515813969,"Économique",0.84642820809965,0.0815903054448871,1,0,0,0,0.423214104049825,0.0407951527224436,0.333333333333333,0.774212579069844,0.316624034938665,31.6624034938665,0.336418072945019,0.576785895950175,0.683375965061335,0.571348358993608,57.1348358993608,"SURVEILLER (FAIBLE VOLUME)"
"clinique medicale chrysalide","Hopital","ABIDJAN",3,2,2,61340,48600,12740,30670,30670,0.262139917695473,1,0,15500,1,0,0.716136638411483,0.0815903054448871,0,"Économique",0.716136638411483,0.0815903054448871,1,1,1,0,0.358068319205742,0.0407951527224436,0.333333333333333,0,0.219659041578456,21.9659041578456,0.314643440391943,0.641931680794259,0.780340958421544,0.63183774376471,63.183774376471,"SURVEILLER (FAIBLE VOLUME)"
"clinique prive international de Casablanca","Clinique","ABIDJAN",1,1,1,25644,21572,4072,25644,25644,0.188763211570554,1,1,42616.7291666667,1.45454545454545,0.0745173990347981,0.413621799430432,0.067516879219805,2.53314278296812,"Économique",0.413621799430432,0.067516879219805,1,0,0,0,0.206810899715216,0.0337584396099025,0.333333333333333,1,0.272170801797535,27.2170801797536,0.203048448557431,0.793189100284784,0.727829198202465,0.649017009106386,64.9017009106386,"SURVEILLER (FAIBLE VOLUME)"
"clinique privee la vie","Clinique","ABIDJAN",2,2,2,23920,18150,5770,11960,11960,0.317906336088154,1,0,42616.7291666667,1.45454545454545,0.0745173990347981,0.279262934313705,0.0815903054448871,4.26620279566788,"Économique",0.279262934313705,0.0815903054448871,1,0,0,0,0.139631467156853,0.0407951527224436,0.333333333333333,1,0.254127985963789,25.4127985963789,0.189439303211758,0.860368532843147,0.745872014036211,0.680384079394095,68.0384079394095,"SURVEILLER (FAIBLE VOLUME)"
"cmida","Autre","ABIDJAN",5,4,4,115235,112395,2840,28808.75,28808.75,0.0252680279371858,1,0,31737.9656862745,1,0.0133114157048418,0.672676928002504,0.0815903054448871,1.89822243534885,"Économique",0.672676928002504,0.0815903054448871,1,1,1,0,0.336338464001252,0.0407951527224436,0.333333333333333,0.949111217674427,0.308051206784551,30.8051206784551,0.393576483396843,0.663661535998748,0.691948793215449,0.620959428365047,62.0959428365047,"SURVEILLER (FAIBLE VOLUME)"
"coeur sacre","Autre","ABIDJAN",1,1,1,80000,70000,10000,80000,80000,0.142857142857143,1,0,31737.9656862745,1,0.0133114157048418,1.86797949373716,0.0815903054448871,10.7319270936134,"Coût Élevé",1.86797949373716,0.0815903054448871,1,1,1,0,0.933989746868579,0.0407951527224436,0.333333333333333,1,0.492435469877307,49.2435469877307,0.346216657593903,0.0660102531314208,0.507564530122693,0.298673244820426,29.8673244820426,"SURVEILLER (FAIBLE VOLUME)"
"croix rouge de port bouet","Autre","ABIDJAN",1,1,1,9600,7000,2600,9600,9600,0.371428571428571,1,0,31737.9656862745,1,0.0133114157048418,0.224157539248459,0.0815903054448871,27.9030104433948,"Économique",0.224157539248459,0.0815903054448871,1,1,1,0,0.11207876962423,0.0407951527224436,0.333333333333333,1,0.245862176704002,24.5862176704002,0.070223189983669,0.88792123037577,0.754137823295998,0.670868259465441,67.0868259465441,"SURVEILLER (FAIBLE VOLUME)"
"csu-com Abobo-te","Centre Medical","ABIDJAN",1,1,1,4500,4500,0,4500,4500,0,1,0,33841.4752475248,1.23636363636364,0.0589823610679747,0.105073846522715,0.0815903054448871,0,"Économique",0.105073846522715,0.0815903054448871,1,0,1,0,0.0525369232613576,0.0407951527224436,0.333333333333333,0,0.12799962279514,12.799962279514,0.0217746325530757,0.947463076738642,0.87200037720486,0.732140308088016,73.2140308088016,"SURVEILLER (FAIBLE VOLUME)"
"district sanitaire de Doropo","Centre Medical","HORS-ABIDJAN",3,3,1,9900,9800,100,3300,9900,0.0102040816326531,3,0,33841.4752475248,1.23636363636364,0.0589823610679747,0.0770541541166578,0.244770916334661,0.17300225775793,"Économique",0.0770541541166578,0.244770916334661,1,0,1,0,0.0385270770583289,0.122385458167331,0.333333333333333,0.0865011288789651,0.156923873455594,15.6923873455594,0.0718562874251497,0.961472922941671,0.843076126544406,0.736190877279461,73.6190877279461,"SURVEILLER (FAIBLE VOLUME)"
"docteur Sabah bereada kabbaj","Autre","ABIDJAN",2,2,1,79635,79635,0,39817.5,79635,0,2,1,31737.9656862745,1,0.0133114157048418,0.642231555093637,0.13503375843961,0,"Économique",0.642231555093637,0.13503375843961,1,1,1,0,0.321115777546818,0.067516879219805,0.333333333333333,0,0.216589797029987,21.6589797029987,0.345672291780076,0.678884222453182,0.783410202970013,0.654052228525293,65.4052228525293,"SURVEILLER (FAIBLE VOLUME)"
"docteur sabah berrada kabbaj","Autre","ABIDJAN",1,1,1,61635,61635,0,61635,61635,0,1,1,31737.9656862745,1,0.0133114157048418,0.994134285130817,0.067516879219805,0,"Standard",0.994134285130817,0.067516879219805,1,1,1,0,0.497067142565408,0.0337584396099025,0.333333333333333,0,0.259247674652593,25.9247674652593,0.315732172019597,0.502932857434592,0.740752325347407,0.560620507516719,56.0620507516719,"SURVEILLER (FAIBLE VOLUME)"
"docteur sabah berrada kebbaj","Autre","ABIDJAN",1,1,1,61635,61635,0,61635,61635,0,1,0,31737.9656862745,1,0.0133114157048418,1.43916145120612,0.0815903054448871,0,"Coût Élevé",1.43916145120612,0.0815903054448871,1,1,1,0,0.719580725603061,0.0407951527224436,0.333333333333333,0,0.328112763497651,32.8112763497651,0.315732172019597,0.280419274396939,0.671887236502349,0.444069038763635,44.4069038763635,"SURVEILLER (FAIBLE VOLUME)"
"formation sanitaire URBAINE A BASE COMMUNAUTAIRE OUASSAKARA-ATTIE","Centre Medical","ABIDJAN",1,1,1,10000,10000,0,10000,10000,0,1,0,33841.4752475248,1.23636363636364,0.0589823610679747,0.233497436717145,0.0815903054448871,0,"Économique",0.233497436717145,0.0815903054448871,1,0,1,0,0.116748718358572,0.0407951527224436,0.333333333333333,0,0.147263161324305,14.7263161324305,0.0724006532389766,0.883251281641428,0.852736838675695,0.708875378774644,70.8875378774644,"SURVEILLER (FAIBLE VOLUME)"
"formation sanitaire urbain a base communautaire d'abobo baoule","Centre Medical","ABIDJAN",1,1,1,11000,11000,0,11000,11000,0,1,0,33841.4752475248,1.23636363636364,0.0589823610679747,0.256847180388859,0.0815903054448871,0,"Économique",0.256847180388859,0.0815903054448871,1,0,1,0,0.12842359019443,0.0407951527224436,0.333333333333333,0,0.150765622875062,15.0765622875062,0.0843767011431682,0.87157640980557,0.849234377124938,0.705199655000837,70.5199655000837,"SURVEILLER (FAIBLE VOLUME)"
"grande phcie iroko","Pharmacie","ABIDJAN",1,1,1,22955,19355,3600,22955,22955,0.185998450012917,1,1,13117.5,1.17391304347826,0.0106522874796592,0.370249898842831,0.067516879219805,17.4608928240141,"Économique",0.370249898842831,0.067516879219805,1,1,1,0,0.185124949421416,0.0337584396099025,0.333333333333333,1,0.265665016709395,26.5665016709395,0.186717474142624,0.814875050578584,0.734334983290605,0.6570275083762,65.70275083762,"SURVEILLER (FAIBLE VOLUME)"
"hopita prive l international de Casablanca","Autre","ABIDJAN",1,1,1,151484,120742,30742,151484,151484,0.254609001010419,1,1,31737.9656862745,1,0.0133114157048418,2.44334287415846,0.067516879219805,19.1271166535509,"Coût Élevé",2.44334287415846,0.067516879219805,1,1,1,0,1,0.0337584396099025,0.333333333333333,1,0.510127531882971,51.0127531882971,0.433315187806206,0,0.489872468117029,0.282612024808053,28.2612024808053,"SURVEILLER (FAIBLE VOLUME)"
"hopital cheikh khalifa Ibn zaid","Hopital","ABIDJAN",1,1,1,55164,36332,18832,55164,55164,0.518330947924694,1,1,15500,1,0,0.889761072523021,0.067516879219805,0,"Économique",0.889761072523021,0.067516879219805,1,1,1,0,0.44488053626151,0.0337584396099025,0.333333333333333,0,0.243591692761424,24.3591692761424,0.29940119760479,0.55511946373849,0.756408307238576,0.584491347911784,58.4491347911784,"SURVEILLER (FAIBLE VOLUME)"
"hopital general Don Orion d'anyama","Hopital","ABIDJAN",1,1,1,1365,1365,0,1365,1365,0,1,0,15500,1,0,0.0318724001118903,0.0815903054448871,0,"Économique",0.0318724001118903,0.0815903054448871,1,1,1,0,0.0159362000559451,0.0407951527224436,0.333333333333333,0,0.117019405833517,11.7019405833517,0.00163309744148067,0.984063799944055,0.882980594166483,0.747144377132512,74.7144377132512,"SURVEILLER (FAIBLE VOLUME)"
"hopital general Don Orione anyama","Hopital","ABIDJAN",1,1,1,15500,15500,0,15500,15500,0,1,0,15500,1,0,0.361921026911574,0.0815903054448871,0,"Économique",0.361921026911574,0.0815903054448871,1,1,1,0,0.180960513455787,0.0407951527224436,0.333333333333333,0,0.166526699853469,16.6526699853469,0.136091453456723,0.819039486544213,0.833473300146531,0.688223405367642,68.8223405367642,"SURVEILLER (FAIBLE VOLUME)"
"hopital general d'alepe","Hopital","HORS-ABIDJAN",2,1,1,23000,17800,5200,23000,23000,0.292134831460674,1,0,15500,1,0,0.537044104449433,0.0815903054448871,0,"Économique",0.537044104449433,0.0815903054448871,1,1,1,0,0.268522052224716,0.0407951527224436,0.333333333333333,0,0.192795161484148,19.2795161484148,0.187261839956451,0.731477947775284,0.807204838515852,0.652925482507744,65.2925482507744,"SURVEILLER (FAIBLE VOLUME)"
"hopital general de Grand Lahou","Hopital","ABIDJAN",1,1,1,500,500,0,500,500,0,1,0,15500,1,0,0.0116748718358572,0.0815903054448871,0,"Économique",0.0116748718358572,0.0815903054448871,1,1,1,0,0.00583743591792862,0.0407951527224436,0.333333333333333,0,0.113989776592112,11.3989776592112,0,0.994162564082071,0.886010223407888,0.752069114995984,75.2069114995984,"SURVEILLER (FAIBLE VOLUME)"
"hopital general prikro","Hopital","HORS-ABIDJAN",1,1,1,4000,4000,0,4000,4000,0,1,0,15500,1,0,0.0933989746868579,0.0815903054448871,0,"Économique",0.0933989746868579,0.0815903054448871,1,1,1,0,0.046699487343429,0.0407951527224436,0.333333333333333,0,0.126248392019762,12.6248392019762,0.0179640718562874,0.953300512656571,0.873751607980238,0.734413662625981,73.4413662625981,"SURVEILLER (FAIBLE VOLUME)"
"hopital general prokro","Hopital","HORS-ABIDJAN",1,1,1,2000,2000,0,2000,2000,0,1,0,15500,1,0,0.046699487343429,0.0815903054448871,0,"Économique",0.046699487343429,0.0815903054448871,1,1,1,0,0.0233497436717145,0.0407951527224436,0.333333333333333,0,0.119243468918247,11.9243468918247,0.00489929232444202,0.976650256328286,0.880756531081753,0.743942573428904,74.3942573428904,"SURVEILLER (FAIBLE VOLUME)"
"hopital mere enfant de Bingerville","Hopital","ABIDJAN",1,1,1,7500,7500,0,7500,7500,0,1,0,15500,1,0,0.175123077537859,0.0815903054448871,0,"Économique",0.175123077537859,0.0815903054448871,1,1,1,0,0.0875615387689293,0.0407951527224436,0.333333333333333,0,0.138507007447412,13.8507007447412,0.0479041916167665,0.912438461231071,0.861492992552588,0.719153419836817,71.9153419836817,"SURVEILLER (FAIBLE VOLUME)"
"hopital municipal de Vridi Cite","Hopital","ABIDJAN",1,1,1,21000,18000,3000,21000,21000,0.166666666666667,1,0,15500,1,0,0.490344617106004,0.0815903054448871,0,"Économique",0.490344617106004,0.0815903054448871,1,1,1,0,0.245172308553002,0.0407951527224436,0.333333333333333,0,0.185790238382634,18.5790238382634,0.175830157866086,0.754827691446998,0.814209761617366,0.662781012798963,66.2781012798963,"SURVEILLER (FAIBLE VOLUME)"
"hopital universitaire international cheikh Khalifa","Hopital","HORS COTE D'IVOIRE",1,1,1,22240,22240,0,22240,22240,0,1,0,15500,1,0,0.51929829925893,0.0815903054448871,0,"Économique",0.51929829925893,0.0815903054448871,1,1,1,0,0.259649149629465,0.0407951527224436,0.333333333333333,0,0.190133290705573,19.0133290705573,0.179640718562874,0.740350850370535,0.809866709294427,0.65601516757856,65.601516757856,"SURVEILLER (FAIBLE VOLUME)"
"infirmerie privee BAFING BERETE SEKOU","Autre","ABIDJAN",1,1,1,16300,16300,0,16300,16300,0,1,0,31737.9656862745,1,0.0133114157048418,0.380600821848946,0.0815903054448871,0,"Économique",0.380600821848946,0.0815903054448871,1,1,1,0,0.190300410924473,0.0407951527224436,0.333333333333333,0,0.169328669094075,16.9328669094075,0.140990745781165,0.809699589075527,0.830671330905925,0.684346517148814,68.4346517148814,"SURVEILLER (FAIBLE VOLUME)"
"institut coeur de grace","Institut","ABIDJAN",1,1,1,17500,17500,0,17500,17500,0,1,0,34500,1,0,0.408620514255003,0.0815903054448871,0,"Économique",0.408620514255003,0.0815903054448871,1,1,1,0,0.204310257127502,0.0407951527224436,0.333333333333333,0,0.173531622954984,17.3531622954984,0.147523135547088,0.795689742872498,0.826468377045016,0.678367875076423,67.8367875076424,"SURVEILLER (FAIBLE VOLUME)"
"institut de cardiologie CHU de trechville","Hopital","ABIDJAN",1,1,1,12000,12000,0,12000,12000,0,1,0,15500,1,0,0.280196924060574,0.0815903054448871,0,"Économique",0.280196924060574,0.0815903054448871,1,1,1,0,0.140098462030287,0.0407951527224436,0.333333333333333,0,0.154268084425819,15.4268084425819,0.0936309199782254,0.859901537969713,0.845731915574181,0.700979565413203,70.0979565413203,"SURVEILLER (FAIBLE VOLUME)"
"institut de cardiologie chu treicville","Hopital","ABIDJAN",1,1,1,25000,25000,0,25000,25000,0,1,0,15500,1,0,0.583743591792862,0.0815903054448871,0,"Économique",0.583743591792862,0.0815903054448871,1,1,1,0,0.291871795896431,0.0407951527224436,0.333333333333333,0,0.199800084585662,19.9800084585662,0.196516058791508,0.708128204103569,0.800199915414338,0.642634459565464,64.2634459565464,"SURVEILLER (FAIBLE VOLUME)"
"laboratoire de pathologie parholab","Laboratoire","ABIDJAN",1,1,1,43197,43197,0,43197,43197,0,1,1,70466.6666666667,1,0.18717005734016,0.696740791997986,0.067516879219805,0,"Économique",0.696740791997986,0.067516879219805,1,1,1,0,0.348370395998993,0.0337584396099025,0.333333333333333,0,0.214638650682669,21.4638650682669,0.264561785519869,0.651629604001007,0.785361349317331,0.627708738431309,62.7708738431309,"SURVEILLER (FAIBLE VOLUME)"
"les bleuets","Autre","ABIDJAN",1,1,1,15000,15000,0,15000,15000,0,1,0,31737.9656862745,1,0.0133114157048418,0.350246155075717,0.0815903054448871,0,"Économique",0.350246155075717,0.0815903054448871,1,1,1,0,0.175123077537859,0.0407951527224436,0.333333333333333,0,0.164775469078091,16.4775469078091,0.119760479041916,0.824876922462141,0.835224530921909,0.687992677162004,68.7992677162003,"SURVEILLER (FAIBLE VOLUME)"
"nouveau Chu angre","Hopital","HORS-ABIDJAN",1,1,1,50000,50000,0,50000,50000,0,1,0,15500,1,0,1.16748718358572,0.0815903054448871,0,"Standard",1.16748718358572,0.0815903054448871,1,1,1,0,0.583743591792862,0.0407951527224436,0.333333333333333,0,0.287361623354592,28.7361623354592,0.284158954817637,0.416256408207138,0.712638376645408,0.508389704904546,50.8389704904546,"SURVEILLER (FAIBLE VOLUME)"
"omnidoc","Autre","ABIDJAN",1,1,1,53568,35534,18034,53568,53568,0.507513930320257,1,0,31737.9656862745,1,0.0133114157048418,1.2507990690064,0.0815903054448871,38.1262174943313,"Coût Élevé",1.2507990690064,0.0815903054448871,1,1,1,0,0.625399534503201,0.0407951527224436,0.333333333333333,1,0.399858406167693,39.9858406167693,0.295046271094175,0.374600465496799,0.600141593832307,0.448906077950478,44.8906077950478,"SURVEILLER (FAIBLE VOLUME)"
"oundif optique","Optique","ABIDJAN",2,2,2,607738,413869,193869,303869,303869,0.468430831978235,1,0.5,317347.222222222,1,0.452767755831414,5.79760557933253,0.0738894347796492,1.03459406272882,"Coût Élevé",5.79760557933253,0.0738894347796492,1,1,1,0,1,0.0369447173898246,0.333333333333333,0.517297031364412,0.462813118353389,46.2813118353389,0.664126292868808,0,0.537186881646611,0.347700011232406,34.7700011232406,"SURVEILLER (FAIBLE VOLUME)"
"pharmacie 4 saisons","Pharmacie","HORS-ABIDJAN",1,1,1,1820,1820,0,1820,1820,0,1,0,13117.5,1.17391304347826,0.0106522874796592,0.0424965334825204,0.0815903054448871,0,"Économique",0.0424965334825204,0.0815903054448871,1,1,1,0,0.0212482667412602,0.0407951527224436,0.333333333333333,0,0.118613025839111,11.8613025839111,0.00381056069678824,0.97875173325874,0.881386974160889,0.744817595107209,74.4817595107209,"SURVEILLER (FAIBLE VOLUME)"
"pharmacie Bethel Attoban","Pharmacie","ABIDJAN",1,1,1,15720,15720,0,15720,15720,0,1,0,13117.5,1.17391304347826,0.0106522874796592,0.367057970519352,0.0815903054448871,0,"Économique",0.367057970519352,0.0815903054448871,1,1,1,0,0.183528985259676,0.0407951527224436,0.333333333333333,0,0.167297241394636,16.7297241394636,0.137180185084377,0.816471014740324,0.832702758605364,0.687105546355151,68.7105546355151,"SURVEILLER (FAIBLE VOLUME)"
"pharmacie Elkanah Yopougon","Pharmacie","ABIDJAN",1,1,1,2400,2400,0,2400,2400,0,1,0,13117.5,1.17391304347826,0.0106522874796592,0.0560393848121147,0.0815903054448871,0,"Économique",0.0560393848121147,0.0815903054448871,1,1,1,0,0.0280196924060574,0.0407951527224436,0.333333333333333,0,0.12064445353855,12.064445353855,0.00707675557974959,0.971980307593943,0.87935554646145,0.741949692738107,74.1949692738107,"SURVEILLER (FAIBLE VOLUME)"
"pharmacie M'badon","Pharmacie","ABIDJAN",2,2,2,8660,8660,0,4330,4330,0,1,0,13117.5,1.17391304347826,0.0106522874796592,0.101104390098524,0.0815903054448871,0,"Économique",0.101104390098524,0.0815903054448871,1,1,1,0,0.0505521950492618,0.0407951527224436,0.333333333333333,0,0.127404204331512,12.7404204331512,0.0598802395209581,0.949447804950738,0.872595795668488,0.740793488151882,74.0793488151882,"SURVEILLER (FAIBLE VOLUME)"
"pharmacie Pierre et Marie Curie","Pharmacie","ABIDJAN",1,1,1,12045,12045,0,12045,12045,0,1,0,13117.5,1.17391304347826,0.0106522874796592,0.281247662525801,0.0815903054448871,0,"Économique",0.281247662525801,0.0815903054448871,1,1,1,0,0.1406238312629,0.0407951527224436,0.333333333333333,0,0.154425695195603,15.4425695195603,0.0968971148611867,0.8593761687371,0.845574304804397,0.701359612388836,70.1359612388836,"SURVEILLER (FAIBLE VOLUME)"
"pharmacie Roxanne yopougon Niangon","Pharmacie","ABIDJAN",1,1,1,37365,37365,0,37365,37365,0,1,0,13117.5,1.17391304347826,0.0106522874796592,0.872463172293611,0.0815903054448871,0,"Économique",0.872463172293611,0.0815903054448871,1,1,1,0,0.436231586146806,0.0407951527224436,0.333333333333333,0,0.243108021660775,24.3108021660775,0.24877517691889,0.563768413853194,0.756891978339225,0.578019192260746,57.8019192260746,"SURVEILLER (FAIBLE VOLUME)"
"pharmacie Saint Uriel de paillet","Pharmacie","ABIDJAN",1,1,1,6270,6270,0,6270,6270,0,1,0,13117.5,1.17391304347826,0.0106522874796592,0.14640289282165,0.0815903054448871,0,"Économique",0.14640289282165,0.0815903054448871,1,1,1,0,0.0732014464108249,0.0407951527224436,0.333333333333333,0,0.134198979739981,13.4198979739981,0.0419161676646707,0.926798553589175,0.86580102026002,0.725423063072612,72.5423063072612,"SURVEILLER (FAIBLE VOLUME)"
"pharmacie Sainte Agathe","Pharmacie","ABIDJAN",1,1,1,23660,23660,0,23660,23660,0,1,0,13117.5,1.17391304347826,0.0106522874796592,0.552454935272765,0.0815903054448871,0,"Économique",0.552454935272765,0.0815903054448871,1,1,1,0,0.276227467636382,0.0407951527224436,0.333333333333333,0,0.195106786107648,19.5106786107648,0.188894937397931,0.723772532363618,0.804893213892352,0.649245285981974,64.9245285981974,"SURVEILLER (FAIBLE VOLUME)"
"pharmacie St ange cocody riviera 2","Pharmacie","ABIDJAN",1,1,1,6060,6060,0,6060,6060,0,1,1,13117.5,1.17391304347826,0.0106522874796592,0.0977440377690071,0.067516879219805,0,"Économique",0.0977440377690071,0.067516879219805,1,1,1,0,0.0488720188845035,0.0337584396099025,0.333333333333333,0,0.124789137548322,12.4789137548322,0.04028307022319,0.951127981115496,0.875210862451678,0.738592151471508,73.8592151471508,"SURVEILLER (FAIBLE VOLUME)"
"pharmacie al Marina monawara","Pharmacie","ABIDJAN",1,1,1,12019,12019,0,12019,12019,0,1,0,13117.5,1.17391304347826,0.0106522874796592,0.280640569190336,0.0815903054448871,0,"Économique",0.280640569190336,0.0815903054448871,1,1,1,0,0.140320284595168,0.0407951527224436,0.333333333333333,0,0.154334631195284,15.4334631195284,0.0963527490473598,0.859679715404832,0.845665368804716,0.701408583493291,70.1408583493291,"SURVEILLER (FAIBLE VOLUME)"
"pharmacie bahja","Pharmacie","ABIDJAN",1,1,1,9536,9536,0,9536,9536,0,1,0,13117.5,1.17391304347826,0.0106522874796592,0.222663155653469,0.0815903054448871,0,"Économique",0.222663155653469,0.0815903054448871,1,1,1,0,0.111331577826735,0.0407951527224436,0.333333333333333,0,0.145638019164753,14.5638019164753,0.0691344583560152,0.888668422173265,0.854361980835247,0.711039052874608,71.1039052874608,"SURVEILLER (FAIBLE VOLUME)"
"pharmacie centrale Dr El AMINE","Pharmacie","ABIDJAN",1,1,1,10420,10420,0,10420,10420,0,1,0,13117.5,1.17391304347826,0.0106522874796592,0.243304329059265,0.0815903054448871,0,"Économique",0.243304329059265,0.0815903054448871,1,1,1,0,0.121652164529632,0.0407951527224436,0.333333333333333,0,0.148734195175623,14.8734195175623,0.0811105062602069,0.878347835470368,0.851265804824377,0.708067557369939,70.8067557369939,"SURVEILLER (FAIBLE VOLUME)"
"pharmacie de Vridi Palm Beach","Pharmacie","ABIDJAN",1,1,1,13850,13850,0,13850,13850,0,1,0,13117.5,1.17391304347826,0.0106522874796592,0.323393949853246,0.0815903054448871,0,"Économique",0.323393949853246,0.0815903054448871,1,1,1,0,0.161696974926623,0.0407951527224436,0.333333333333333,0,0.16074763829472,16.074763829472,0.111050626020686,0.838303025073377,0.83925236170528,0.6932322799156,69.32322799156,"SURVEILLER (FAIBLE VOLUME)"
"pharmacie de bonheur","Pharmacie","ABIDJAN",1,1,1,7920,7920,0,7920,7920,0,1,0,13117.5,1.17391304347826,0.0106522874796592,0.184929969879979,0.0815903054448871,0,"Économique",0.184929969879979,0.0815903054448871,1,1,1,0,0.0924649849399893,0.0407951527224436,0.333333333333333,0,0.13997804129873,13.997804129873,0.0549809471965161,0.907535015060011,0.86002195870127,0.718018978943816,71.8018978943816,"SURVEILLER (FAIBLE VOLUME)"
"pharmacie du Chu et pharmacie ebana","Pharmacie","ABIDJAN",1,1,1,225101,219811,5290,225101,225101,0.0240661295385581,1,0,13117.5,1.17391304347826,0.0106522874796592,5.2560506502466,0.0815903054448871,2.25924521700274,"Coût Élevé",5.2560506502466,0.0815903054448871,1,1,1,0,1,0.0407951527224436,0.333333333333333,1,0.512238545816733,51.2238545816733,0.494828524768645,0,0.487761454183267,0.294070286627036,29.4070286627036,"SURVEILLER (FAIBLE VOLUME)"
"pharmacie makka monawara","Pharmacie","ABIDJAN",1,1,1,32922,32922,0,32922,32922,0,1,1,13117.5,1.17391304347826,0.0106522874796592,0.531011421028259,0.067516879219805,0,"Économique",0.531011421028259,0.067516879219805,1,1,1,0,0.26550571051413,0.0337584396099025,0.333333333333333,0,0.18977924503721,18.977924503721,0.231355470876429,0.73449428948587,0.81022075496279,0.66415711195475,66.415711195475,"SURVEILLER (FAIBLE VOLUME)"
"pharmacie nouvelle de blolequin","Pharmacie","ABIDJAN",1,1,1,4100,4100,0,4100,4100,0,1,0,13117.5,1.17391304347826,0.0106522874796592,0.0957339490540294,0.0815903054448871,0,"Économique",0.0957339490540294,0.0815903054448871,1,1,1,0,0.0478669745270147,0.0407951527224436,0.333333333333333,0,0.126598638174837,12.6598638174837,0.0190528034839412,0.952133025472985,0.873401361825163,0.734024315616047,73.4024315616047,"SURVEILLER (FAIBLE VOLUME)"
"pharmacie palmeraie","Pharmacie","ABIDJAN",2,2,2,45510,34510,11000,22755,22755,0.318748188930745,1,0,13117.5,1.17391304347826,0.0106522874796592,0.531323417249863,0.0815903054448871,29.9229803494698,"Économique",0.531323417249863,0.0815903054448871,1,1,1,0,0.265661708624931,0.0407951527224436,0.333333333333333,1,0.291937058404212,29.1937058404212,0.27490473598258,0.734338291375068,0.708062941595788,0.631941440384858,63.1941440384858,"SURVEILLER (FAIBLE VOLUME)"
"pharmacie saint Gabriel","Pharmacie","ABIDJAN",1,1,1,7575,7575,0,7575,7575,0,1,0,13117.5,1.17391304347826,0.0106522874796592,0.176874308313237,0.0815903054448871,0,"Économique",0.176874308313237,0.0815903054448871,1,1,1,0,0.0884371541566186,0.0407951527224436,0.333333333333333,0,0.138769692063719,13.8769692063719,0.0506260206859009,0.911562845843381,0.861230307936281,0.719242465649045,71.9242465649045,"SURVEILLER (FAIBLE VOLUME)"
"pharmacie sainte beatrice","Pharmacie","ABIDJAN",1,1,1,4100,4100,0,4100,4100,0,1,0,13117.5,1.17391304347826,0.0106522874796592,0.0957339490540294,0.0815903054448871,0,"Économique",0.0957339490540294,0.0815903054448871,1,1,1,0,0.0478669745270147,0.0407951527224436,0.333333333333333,0,0.126598638174837,12.6598638174837,0.0190528034839412,0.952133025472985,0.873401361825163,0.734024315616047,73.4024315616047,"SURVEILLER (FAIBLE VOLUME)"
"pharmacie toit rouge","Pharmacie","ABIDJAN",1,1,1,12315,12315,0,12315,12315,0,1,0,13117.5,1.17391304347826,0.0106522874796592,0.287552093317164,0.0815903054448871,0,"Économique",0.287552093317164,0.0815903054448871,1,1,1,0,0.143776046658582,0.0407951527224436,0.333333333333333,0,0.155371359814308,15.5371359814308,0.100163309744148,0.856223953341418,0.844628640185692,0.700373699359674,70.0373699359674,"SURVEILLER (FAIBLE VOLUME)"
"phcie bvd cade","Pharmacie","ABIDJAN",1,1,1,88222,53470,34752,88222,88222,0.649934542734243,1,0,13117.5,1.17391304347826,0.0106522874796592,2.05996108620599,0.0815903054448871,61.0136127076284,"Coût Élevé",2.05996108620599,0.0815903054448871,1,1,1,0,1,0.0407951527224436,0.333333333333333,1,0.512238545816733,51.2238545816733,0.357648339684268,0,0.487761454183267,0.26663424961016,26.663424961016,"SURVEILLER (FAIBLE VOLUME)"
"phcie ste marie de tiassale","Pharmacie","HORS-ABIDJAN",1,1,1,700,700,0,700,700,0,1,0,13117.5,1.17391304347826,0.0106522874796592,0.0163448205702001,0.0815903054448871,0,"Économique",0.0163448205702001,0.0815903054448871,1,1,1,0,0.00817241028510007,0.0407951527224436,0.333333333333333,0,0.114690268902263,11.4690268902263,0.000544365813826892,0.9918275897149,0.885309731097737,0.75096380148782,75.096380148782,"SURVEILLER (FAIBLE VOLUME)"
"polyclinique GMP","Clinique","ABIDJAN",1,1,1,18000,15000,3000,18000,18000,0.2,1,0,42616.7291666667,1.45454545454545,0.0745173990347981,0.420295386090861,0.0815903054448871,2.68393694077546,"Économique",0.420295386090861,0.0815903054448871,1,0,0,0,0.21014769304543,0.0407951527224436,0.333333333333333,1,0.275282853730362,27.5282853730362,0.155144256940664,0.78985230695457,0.724717146269638,0.636856632677816,63.6856632677816,"SURVEILLER (FAIBLE VOLUME)"
"polyclinique Sacre-coeur Abidjan","Clinique","ABIDJAN",1,1,1,30000,30000,0,30000,30000,0,1,0,42616.7291666667,1.45454545454545,0.0745173990347981,0.700492310151434,0.0815903054448871,0,"Économique",0.700492310151434,0.0815903054448871,1,0,0,0,0.350246155075717,0.0407951527224436,0.333333333333333,0,0.217312392339448,21.7312392339448,0.214480130647795,0.649753844924283,0.782687607660552,0.615872607163493,61.5872607163493,"SURVEILLER (FAIBLE VOLUME)"
"service ophtalmologie","Autre","ABIDJAN",2,2,2,41890,41890,0,20945,20945,0,1,0,31737.9656862745,1,0.0133114157048418,0.48906038120406,0.0815903054448871,0,"Économique",0.48906038120406,0.0815903054448871,1,1,1,0,0.24453019060203,0.0407951527224436,0.333333333333333,0,0.185597602997342,18.5597602997342,0.261839956450735,0.75546980939797,0.814402397002658,0.680316873850398,68.0316873850398,"SURVEILLER (FAIBLE VOLUME)"
"sodexam","Autre","ABIDJAN",1,1,1,10000,10000,0,10000,10000,0,1,0,31737.9656862745,1,0.0133114157048418,0.233497436717145,0.0815903054448871,0,"Économique",0.233497436717145,0.0815903054448871,1,1,1,0,0.116748718358572,0.0407951527224436,0.333333333333333,0,0.147263161324305,14.7263161324305,0.0724006532389766,0.883251281641428,0.852736838675695,0.708875378774644,70.8875378774644,"SURVEILLER (FAIBLE VOLUME)"
"soins a l'etranger","Autre","ABIDJAN",2,1,1,182362,133132,49230,182362,182362,0.369783372893069,1,0,31737.9656862745,1,0.0133114157048418,4.2581059554612,0.0815903054448871,27.7794173882321,"Coût Élevé",4.2581059554612,0.0815903054448871,1,1,1,0,1,0.0407951527224436,0.333333333333333,1,0.512238545816733,51.2238545816733,0.45890038105607,0,0.487761454183267,0.286884657884521,28.6884657884521,"SURVEILLER (FAIBLE VOLUME)"
"urbain de yaou","Autre","HORS-ABIDJAN",2,2,1,22000,18500,3500,11000,22000,0.189189189189189,2,0,31737.9656862745,1,0.0133114157048418,0.256847180388859,0.163180610889774,14.2125520969475,"Économique",0.256847180388859,0.163180610889774,1,1,1,0,0.12842359019443,0.0815903054448871,0.333333333333333,1,0.263004168691795,26.3004168691795,0.17855198693522,0.87157640980557,0.736995831308205,0.679139293832554,67.9139293832554,"SURVEILLER (FAIBLE VOLUME)"
"urbain yaou","Autre","ABIDJAN",1,1,1,3500,3500,0,3500,3500,0,1,0,31737.9656862745,1,0.0133114157048418,0.0817241028510007,0.0815903054448871,0,"Économique",0.0817241028510007,0.0815903054448871,1,1,1,0,0.0408620514255003,0.0407951527224436,0.333333333333333,0,0.124497161244383,12.4497161244383,0.015242242787153,0.9591379485745,0.875502838755617,0.736904763489477,73.6904763489477,"SURVEILLER (FAIBLE VOLUME)"
NA,"Autre","ABIDJAN",32,31,30,493167,453513,39654,15908.6129032258,16438.9,0.0874374053224494,1.03333333333333,0.03125,31737.9656862745,1,0.0133114157048418,0.366174323026732,0.0837282299565152,6.56860301422676,"Économique",0.366174323026732,0.0837282299565152,1,1,1,0,0.183087161513366,0.0418641149782576,0.333333333333333,1,0.267485382947487,26.7485382947487,0.632553075666848,0.816912838486634,0.732514617052513,0.746281597349029,74.6281597349029,"CONSERVER"
