"CLASSE_AGE","SEXE","FILIATION","AFFECTION_CHR_NUM","ZONE_GEO","TYPE_CONTRAT","TAUX_COUVERTURE","ANNEE","pp_totale","pp_ic_low","pp_ic_high","se_pp_boot","pp_p75","pp_p90","cv_prime","chargement_75","chargement_90"
"1","F","ASSURÉ PRINCIPAL","0","ABIDJAN","INDIVIDUEL",0.8,"2025",490407.314646122,450114.459555167,530152.033754495,35891.0223525561,524608.857351153,528304.308286714,0.0731861480868307,0.06974109415499,0.077276566863483
"2","F","ASSURÉ PRINCIPAL","0","ABIDJAN","INDIVIDUEL",0.8,"2025",448534.146413582,411822.76848831,488576.721894621,34867.9672340999,477746.044998467,484966.49626257,0.0777375981581323,0.065127479855121,0.0812253652041779
"3","F","ASSURÉ PRINCIPAL","0","ABIDJAN","INDIVIDUEL",0.8,"2025",325871.120146019,292770.941317071,356851.249666614,28232.3535749701,343249.334625026,352317.277986085,0.0866365622161286,0.0533284891009064,0.0811552672363711
"4","F","ASSURÉ PRINCIPAL","0","ABIDJAN","INDIVIDUEL",0.8,"2025",313831.629411935,270885.976505717,332381.897196199,27549.0077732828,324991.961918288,329918.585436895,0.087782763722397,0.0355615287320291,0.0512598301678627
"5","F","ASSURÉ PRINCIPAL","0","ABIDJAN","INDIVIDUEL",0.8,"2025",335724.417535801,318884.645377531,350570.820233715,12437.9189678533,339436.831113501,346859.490526977,0.0370480022250004,0.0110579194833363,0.033167301541268
"6","F","ASSURÉ PRINCIPAL","0","ABIDJAN","INDIVIDUEL",0.8,"2025",298524.59278903,287870.118892843,304618.430774704,7129.96230120258,303431.144000477,304222.668516628,0.0238840031053702,0.0164360033644333,0.019087458337562
"7","F","ASSURÉ PRINCIPAL","0","ABIDJAN","INDIVIDUEL",0.8,"2025",358209.332006546,334591.253036137,388847.211663771,22640.2059977744,363160.336255176,380284.919860906,0.0632038419293909,0.0138215389892176,0.0616276179369792
"8","F","ASSURÉ PRINCIPAL","0","ABIDJAN","INDIVIDUEL",0.8,"2025",479421.373217078,462939.616451446,493318.182092878,11944.954829284,482391.229057714,489675.86441449,0.0249153573382208,0.00619466716868955,0.0213893075492257
"9","F","ASSURÉ PRINCIPAL","0","ABIDJAN","INDIVIDUEL",0.8,"2025",487869.295755044,469665.765226888,504602.36240081,15135.5682757395,497796.487332049,502333.73737789,0.0310238180747063,0.0203480556439629,0.0296481900966122
"10","F","ASSURÉ PRINCIPAL","0","ABIDJAN","INDIVIDUEL",0.8,"2025",881775.392084948,804352.692068994,940334.445263702,54552.5316257936,899394.643818784,926687.844782063,0.0618666977049617,0.0199815643439261,0.0509341189380666
"1","M","ASSURÉ PRINCIPAL","0","ABIDJAN","INDIVIDUEL",0.8,"2025",375166.764459578,343505.826476407,403114.421112002,24048.3066298166,388819.251472415,398349.364565473,0.0641003119358344,0.0363904490113972,0.0617927873736084
"2","M","ASSURÉ PRINCIPAL","0","ABIDJAN","INDIVIDUEL",0.8,"2025",344095.269020792,316566.691532756,367404.140606735,23661.3168352282,363930.746819229,366246.342677566,0.0687638539831203,0.0576453080999445,0.0643748277034176
"3","M","ASSURÉ PRINCIPAL","0","ABIDJAN","INDIVIDUEL",0.8,"2025",242548.391826839,223146.780755881,269344.225550874,19677.3630407979,249937.570570214,262875.340557321,0.0811275757905088,0.0304647608162683,0.083805745226273
"4","M","ASSURÉ PRINCIPAL","0","ABIDJAN","INDIVIDUEL",0.8,"2025",232583.979957127,201905.843798315,246564.527329121,19720.3145959945,243190.647079942,245439.900579395,0.0847879316521698,0.0456036014379442,0.0552743169354897
"5","M","ASSURÉ PRINCIPAL","0","ABIDJAN","INDIVIDUEL",0.8,"2025",244426.590226558,233377.520025742,255296.057108069,9055.77164819863,250054.959916194,253549.024710777,0.0370490446223747,0.023026830609629,0.037321776144583
"6","M","ASSURÉ PRINCIPAL","0","ABIDJAN","INDIVIDUEL",0.8,"2025",227210.353555546,218813.869577323,234422.014401178,6487.16258602925,232064.148738798,233636.059180384,0.0285513511356925,0.0213625616407701,0.0282808662734071
"7","M","ASSURÉ PRINCIPAL","0","ABIDJAN","INDIVIDUEL",0.8,"2025",274362.587376037,255192.513226427,300541.894510476,18798.9255680435,280250.699138522,293778.162719824,0.0685185460154523,0.0214610593186109,0.070766118403661
"8","M","ASSURÉ PRINCIPAL","0","ABIDJAN","INDIVIDUEL",0.8,"2025",372192.018540741,359559.782672518,382265.364574567,8984.8763681193,374756.987932178,379762.572360438,0.0241404326813521,0.00689152175130919,0.020340451816723
"9","M","ASSURÉ PRINCIPAL","0","ABIDJAN","INDIVIDUEL",0.8,"2025",379853.281301603,367286.782477831,390685.643584896,10578.8389451628,386357.224951699,389242.83737383,0.027849802715705,0.0171222521174762,0.0247189020983399
"10","M","ASSURÉ PRINCIPAL","0","ABIDJAN","INDIVIDUEL",0.8,"2025",690635.713270137,636807.74700685,740360.024497392,40528.3109531793,700770.041806327,727163.36360037,0.0586826168621937,0.0146739132388689,0.0528898949596399
"1","F","CONJOINT","0","ABIDJAN","INDIVIDUEL",0.8,"2025",467505.507605702,434052.533528324,504699.08575736,33754.8534232181,499746.151387323,503048.107634015,0.0722020444124633,0.0689631314649949,0.0760260562711693
"2","F","CONJOINT","0","ABIDJAN","INDIVIDUEL",0.8,"2025",426764.408213097,397806.279693359,462622.049719755,29871.1299658582,453395.678161353,459546.592533621,0.0699944264118262,0.0624027436115464,0.0768156474383264
"3","F","CONJOINT","0","ABIDJAN","INDIVIDUEL",0.8,"2025",335436.51259332,290996.600846683,374983.876309708,38381.2897865902,372638.60439629,374202.119005235,0.114421919933097,0.110906506615375,0.115567640839725
"4","F","CONJOINT","0","ABIDJAN","INDIVIDUEL",0.8,"2025",325243.802325727,277354.67317938,360459.546384482,35174.6298993482,353723.1257053,358214.072824755,0.108148501671129,0.0875630009731921,0.101370941623688
"5","F","CONJOINT","0","ABIDJAN","INDIVIDUEL",0.8,"2025",368271.251343368,345571.072904676,408462.844929049,26812.770579167,372111.321993595,396345.670617231,0.0728071237745554,0.0104272886797959,0.0762329917729227
"6","F","CONJOINT","0","ABIDJAN","INDIVIDUEL",0.8,"2025",299661.283756788,291632.381315107,311711.878253178,8554.84663049283,303806.146381095,309076.634295817,0.0285483881108784,0.0138318256277354,0.0314199766516087
"7","F","CONJOINT","0","ABIDJAN","INDIVIDUEL",0.8,"2025",346896.3690277,324384.325108596,378903.653691859,22920.2828168655,350048.426581277,369285.244654998,0.0660724206514691,0.00908645300154507,0.0645405303320159
"8","F","CONJOINT","0","ABIDJAN","INDIVIDUEL",0.8,"2025",466392.941662815,450724.977179846,485439.445515272,13720.7932604295,465576.031635514,478818.307555352,0.0294189556375172,-0.00175154886433092,0.0266414106702326
"9","F","CONJOINT","0","ABIDJAN","INDIVIDUEL",0.8,"2025",474172.651877225,454666.350188296,484268.500974831,13616.0691480322,483385.008151438,483974.003367033,0.0287154248439401,0.0194282741481244,0.0206704276406617
"10","F","CONJOINT","0","ABIDJAN","INDIVIDUEL",0.8,"2025",850034.259602883,782409.601377768,915003.672107712,52233.8541519114,867364.645657709,899123.996624377,0.0614491163877487,0.0203878677347917,0.057750304140009
"1","M","CONJOINT","0","ABIDJAN","INDIVIDUEL",0.8,"2025",359482.679075007,333219.167096509,385864.002071579,22230.7917026046,372386.226155743,381371.410099634,0.0618410649431209,0.0358947672080846,0.0608895290336357
"2","M","CONJOINT","0","ABIDJAN","INDIVIDUEL",0.8,"2025",329142.479037801,308115.10013387,349751.90486628,19585.4095002956,347594.707618808,349032.839117122,0.0595043506919881,0.0560615227634837,0.0604308509113388
"3","M","CONJOINT","0","ABIDJAN","INDIVIDUEL",0.8,"2025",232427.590393582,214268.390701356,261609.388821378,20118.2276303371,233454.577569091,252224.451737282,0.0865569685434928,0.00441852524380066,0.0851743173440705
"4","M","CONJOINT","0","ABIDJAN","INDIVIDUEL",0.8,"2025",222114.889811813,194728.139701166,237969.383084581,18046.6836678919,228127.577702656,234688.781290606,0.0812493195894338,0.0270701702886139,0.0566098539789289
"5","M","CONJOINT","0","ABIDJAN","INDIVIDUEL",0.8,"2025",235921.39074857,225835.487871442,244870.019817352,8085.98617933167,242451.821363296,244063.953666,0.0342740696537738,0.0276805362752612,0.0345138814738002
"6","M","CONJOINT","0","ABIDJAN","INDIVIDUEL",0.8,"2025",220671.925657355,212969.22606777,226953.214648258,6099.50200148015,226306.727909378,226737.719068632,0.0276405890024772,0.025534749086174,0.027487834681314
"7","M","CONJOINT","0","ABIDJAN","INDIVIDUEL",0.8,"2025",267646.008120934,249573.532189492,295695.387096834,19208.5315278024,270939.515765616,287443.429986428,0.0717684215156431,0.0123054614855074,0.0739686797665558
"8","M","CONJOINT","0","ABIDJAN","INDIVIDUEL",0.8,"2025",364292.222176251,350745.532989688,379396.673482402,11220.50691161,365665.128360764,374819.49177519,0.0308008412712729,0.00376869474816519,0.0288978708797273
"9","M","CONJOINT","0","ABIDJAN","INDIVIDUEL",0.8,"2025",370304.14575441,357397.668999186,380937.424700305,10001.398385186,375670.764154735,379181.871185115,0.027008604953127,0.0144924610265768,0.0239741453950492
"10","M","CONJOINT","0","ABIDJAN","INDIVIDUEL",0.8,"2025",669138.333088075,620044.0859974,725579.736648782,41443.3153243472,676074.79860019,709078.090632584,0.0619353477076798,0.0103662653432264,0.0596883418114574
"1","F","ENFANT","0","ABIDJAN","INDIVIDUEL",0.8,"2025",266951.497169964,257857.764181694,274377.607487742,7420.79433643531,271460.068639788,273405.094538424,0.0277982870113315,0.0168891035173858,0.0241751682866632
"2","F","ENFANT","0","ABIDJAN","INDIVIDUEL",0.8,"2025",243925.976255836,229680.868154756,256512.458138536,11531.3587425051,253996.141997509,255673.686091527,0.0472740087771985,0.0412836955548795,0.048160962665861
"3","F","ENFANT","0","ABIDJAN","INDIVIDUEL",0.8,"2025",164322.319265092,155815.560328702,169343.949564267,5787.49657782908,168713.115248492,169133.671459009,0.0352203924805395,0.0267206305451191,0.0292799676601115
"4","F","ENFANT","0","ABIDJAN","INDIVIDUEL",0.8,"2025",159999.188941868,148230.201237997,166751.393265511,7825.57473447698,164899.759770742,166134.182100588,0.0489100900212702,0.0306287229409297,0.0383439016115854
"5","F","ENFANT","0","ABIDJAN","INDIVIDUEL",0.8,"2025",177867.361586286,171929.840254328,191841.907235256,8972.51045698361,175886.184664278,186523.33304493,0.0504449516592785,-0.011138507393034,0.0486653165676204
"6","F","ENFANT","0","ABIDJAN","INDIVIDUEL",0.8,"2025",163842.883426641,157991.660415646,175141.72689924,7353.18998929758,163581.654491815,171288.369430099,0.0448795201568209,-0.00159438682573193,0.0454428404074795
"7","F","ENFANT","0","ABIDJAN","INDIVIDUEL",0.8,"2025",197324.048715263,185155.865610822,226149.94907646,18437.052742751,195424.506390284,215908.134847735,0.093435406696705,-0.00962651201080962,0.0941805433928039
"8","F","ENFANT","0","ABIDJAN","INDIVIDUEL",0.8,"2025",268672.561766336,252867.878115148,287298.106353233,14285.1996925998,275674.537793147,283423.583499871,0.0531695518094012,0.0260613736690412,0.0549033427029422
"9","F","ENFANT","0","ABIDJAN","INDIVIDUEL",0.8,"2025",276720.484886915,252781.331923533,297519.410283401,20254.4373468038,295488.766283689,296842.528950164,0.0731945716092575,0.0678239683066575,0.0727161347360007
"10","F","ENFANT","0","ABIDJAN","INDIVIDUEL",0.8,"2025",512102.915626316,473237.129138927,578033.033920043,45898.899870668,528978.176402789,561681.414747625,0.0896282728922416,0.0329528699437976,0.0968135458878881
"1","M","ENFANT","0","ABIDJAN","INDIVIDUEL",0.8,"2025",208951.654786861,203698.634349126,216412.469642333,5228.47318196267,209867.789681692,214230.909655453,0.0250224061986775,0.00438443474288648,0.0252654369929579
"2","M","ENFANT","0","ABIDJAN","INDIVIDUEL",0.8,"2025",191657.933867013,183252.516805936,204106.253494348,9091.78337593603,197075.939349163,201762.815445953,0.0474375528969472,0.0282691427004001,0.0527235234934327
"3","M","ENFANT","0","ABIDJAN","INDIVIDUEL",0.8,"2025",128605.83522741,122457.92838126,133605.244998845,4739.44097651702,132606.293428977,133272.261142222,0.0368524567189072,0.0311063506138264,0.0362847137267245
"4","M","ENFANT","0","ABIDJAN","INDIVIDUEL",0.8,"2025",124302.849714314,114772.163242281,130501.830586937,6458.31462833397,127820.324575128,129607.995249667,0.0519562877534759,0.0282976204399021,0.0426791947855269
"5","M","ENFANT","0","ABIDJAN","INDIVIDUEL",0.8,"2025",138594.535914634,133976.794401395,151276.881240947,8083.75158976184,135835.006665014,146129.589715636,0.0583266254792393,-0.0199108083981002,0.0543676108966038
"6","M","ENFANT","0","ABIDJAN","INDIVIDUEL",0.8,"2025",129495.036255042,125061.455707325,139252.860058925,6280.43473587347,128125.857280545,135543.859132798,0.0484994245146514,-0.0105732158860584,0.0467108474014589
"7","M","ENFANT","0","ABIDJAN","INDIVIDUEL",0.8,"2025",155002.592756005,145073.271545666,178217.962537513,14854.5497260016,153330.352306703,169922.092460576,0.0958342016212892,-0.0107884675963722,0.0962532267318659
"8","M","ENFANT","0","ABIDJAN","INDIVIDUEL",0.8,"2025",212647.817750024,201399.287132837,226566.777858408,10416.6050923161,216391.917509504,223175.157742107,0.0489852433123071,0.0176070452972197,0.0495059864872809
"9","M","ENFANT","0","ABIDJAN","INDIVIDUEL",0.8,"2025",218455.608967443,200200.54613158,236247.46022478,15505.7154844159,229748.449574917,234081.123341493,0.0709787931640004,0.0516939833261801,0.0715271832474575
"10","M","ENFANT","0","ABIDJAN","INDIVIDUEL",0.8,"2025",405426.351052282,375805.310640032,461908.498462286,38258.7031253957,418142.255980766,447319.750968446,0.0943665921716621,0.031364278359017,0.103331714397524
"1","F","ASSURÉ PRINCIPAL","1","ABIDJAN","INDIVIDUEL",0.8,"2025",611568.506732038,542162.630971952,685690.849982033,64614.2881765359,668578.223575728,679986.641179931,0.105653393635011,0.0932188564586598,0.111873214030413
"2","F","ASSURÉ PRINCIPAL","1","ABIDJAN","INDIVIDUEL",0.8,"2025",561453.051322562,529489.378665479,640644.26889641,50579.8658543368,546156.010436542,609148.18274312,0.0900874360468619,-0.0272454497308129,0.0849494562514306
"3","F","ASSURÉ PRINCIPAL","1","ABIDJAN","INDIVIDUEL",0.8,"2025",444276.757895478,358694.455038395,527101.410044938,71216.3971998354,480800.286786082,511667.702291986,0.160297373054546,0.082208957010523,0.151686855544135
"4","F","ASSURÉ PRINCIPAL","1","ABIDJAN","INDIVIDUEL",0.8,"2025",437768.408440517,356125.07305725,471969.016097626,52891.3729780966,469162.447502973,471033.493232742,0.120820442860448,0.0717138067917995,0.0759878605921493
"5","F","ASSURÉ PRINCIPAL","1","ABIDJAN","INDIVIDUEL",0.8,"2025",488028.576544696,436128.281330762,525858.313861324,36788.6352965106,510834.7561054,520850.461276016,0.0753821334745986,0.0467312379987536,0.067254022220794
"6","F","ASSURÉ PRINCIPAL","1","ABIDJAN","INDIVIDUEL",0.8,"2025",390165.144580917,367797.135617854,416513.452507098,22623.7129686872,407703.964587829,413576.956534009,0.0579849668349737,0.0449522984062317,0.0600048781349717
"7","F","ASSURÉ PRINCIPAL","1","ABIDJAN","INDIVIDUEL",0.8,"2025",461633.301551528,404903.125040534,504282.269895775,45845.9966116632,497277.372217385,501947.304002979,0.0993125852436924,0.0772129535413918,0.0873290603514901
"8","F","ASSURÉ PRINCIPAL","1","ABIDJAN","INDIVIDUEL",0.8,"2025",617112.448461805,588752.811147907,631590.210991128,18655.6653753164,629991.122777249,631057.181586502,0.030230576974775,0.0208692505677781,0.0225967457947989
"9","F","ASSURÉ PRINCIPAL","1","ABIDJAN","INDIVIDUEL",0.8,"2025",613144.165291117,554126.869253991,653982.572421746,40240.3747681252,626522.511117607,644829.2186537,0.065629548556528,0.0218192499966754,0.0516763514295842
"10","F","ASSURÉ PRINCIPAL","1","ABIDJAN","INDIVIDUEL",0.8,"2025",1096727.31115192,1027195.83040357,1164123.71142347,62341.5778491491,1155738.06839805,1161328.49708166,0.0568432801984935,0.0538062257099661,0.0589035991653081
"1","M","ASSURÉ PRINCIPAL","1","ABIDJAN","INDIVIDUEL",0.8,"2025",464624.512347404,408154.633374663,520371.305793962,48405.679778947,504703.37006468,515148.660550868,0.104182363376372,0.0862607474469819,0.108741891270874
"2","M","ASSURÉ PRINCIPAL","1","ABIDJAN","INDIVIDUEL",0.8,"2025",428244.052894147,393979.395295882,479000.565528604,34498.2824346928,424591.27233743,460864.134464879,0.0805575283568972,-0.00852967024768006,0.0761717094499739
"3","M","ASSURÉ PRINCIPAL","1","ABIDJAN","INDIVIDUEL",0.8,"2025",305662.32647791,256091.819099941,382426.023737637,52201.8548216625,304146.723856949,356332.923777408,0.170782756982762,-0.00495842140058522,0.165773119256683
"4","M","ASSURÉ PRINCIPAL","1","ABIDJAN","INDIVIDUEL",0.8,"2025",294970.854289054,246597.919898871,348964.27419392,41217.6153176652,306597.634308407,334842.060898749,0.139734535525582,0.0394167079570495,0.135169987237532
"5","M","ASSURÉ PRINCIPAL","1","ABIDJAN","INDIVIDUEL",0.8,"2025",304660.146235117,281876.798805379,336790.734962282,23065.4746499403,309907.78164175,327829.750522104,0.0757088675200064,0.0172245548736223,0.0760506570134261
"6","M","ASSURÉ PRINCIPAL","1","ABIDJAN","INDIVIDUEL",0.8,"2025",285935.101236934,266472.717553773,316473.295602964,21223.7844614945,290415.960026194,307787.517077374,0.0742258798226658,0.0156708944437949,0.0764243905204641
"7","M","ASSURÉ PRINCIPAL","1","ABIDJAN","INDIVIDUEL",0.8,"2025",356358.039784676,312111.352788864,393524.326256388,37127.9962627921,378017.801452219,388355.484654998,0.104187340028097,0.0607808979997491,0.0897901584868298
"8","M","ASSURÉ PRINCIPAL","1","ABIDJAN","INDIVIDUEL",0.8,"2025",483419.186979604,457150.118925591,498414.706503859,17470.4954826346,494526.100154749,497118.504387489,0.0361394333389827,0.0229757392223923,0.028338381629984
"9","M","ASSURÉ PRINCIPAL","1","ABIDJAN","INDIVIDUEL",0.8,"2025",482047.458563365,435849.997996406,514952.759704954,31803.9889363216,491143.847634028,507016.455681312,0.0659768833365625,0.0188703184905734,0.0517977984830811
"10","M","ASSURÉ PRINCIPAL","1","ABIDJAN","INDIVIDUEL",0.8,"2025",859349.066563125,808037.198185693,911505.914931855,50154.2254883187,911354.208438948,911455.346100886,0.0583630417950009,0.0605169004067367,0.0606345914194735
"1","F","CONJOINT","1","ABIDJAN","INDIVIDUEL",0.8,"2025",578172.96863947,515736.378502314,647613.743597666,63509.807984509,638726.79716925,644651.428121528,0.109845688797865,0.104733067462965,0.11498022752342
"2","F","CONJOINT","1","ABIDJAN","INDIVIDUEL",0.8,"2025",529899.572222087,498319.059074567,602047.67354665,46303.3531557661,517295.306549643,573796.884547648,0.0873813748548561,-0.0237861404937331,0.0828408148009655
"3","F","CONJOINT","1","ABIDJAN","INDIVIDUEL",0.8,"2025",534591.623742988,409700.145314534,713443.998319844,127791.602553957,589365.590647907,672084.529095865,0.239045276578061,0.102459455914059,0.257192404905654
"4","F","CONJOINT","1","ABIDJAN","INDIVIDUEL",0.8,"2025",549295.137529708,409061.440547308,719238.536856489,147031.243678464,690286.44334144,709587.83901814,0.26767257460114,0.256676777525829,0.291815256565534
"5","F","CONJOINT","1","ABIDJAN","INDIVIDUEL",0.8,"2025",680599.923775624,573314.305331908,851297.564043327,116137.60587402,702223.334409118,801606.154165257,0.170640051250296,0.0317711035192859,0.177793482136101
"6","F","CONJOINT","1","ABIDJAN","INDIVIDUEL",0.8,"2025",427460.079472903,401300.380620654,463760.547949221,25943.0962527428,431014.021446627,452845.039115023,0.060691272702548,0.0083140909394537,0.0593855680591794
"7","F","CONJOINT","1","ABIDJAN","INDIVIDUEL",0.8,"2025",445023.662710726,391210.361113672,486919.984589624,43800.2019914491,477036.937716973,483625.635632073,0.0984221866420619,0.0719361186577077,0.0867413941232134
"8","F","CONJOINT","1","ABIDJAN","INDIVIDUEL",0.8,"2025",597756.349759607,566066.368840818,613920.774452528,20987.1623479492,613532.081587184,613791.21016408,0.0351098944517936,0.0263915754871054,0.0268250774933996
"9","F","CONJOINT","1","ABIDJAN","INDIVIDUEL",0.8,"2025",593568.158690611,536045.837560837,636115.961228292,39967.6738701701,605776.869763282,626002.930739955,0.0673345988746049,0.0205683389412326,0.0546437196376816
"10","F","CONJOINT","1","ABIDJAN","INDIVIDUEL",0.8,"2025",1051096.60430752,993290.557896432,1121110.59707045,61841.7919415793,1110706.37547745,1117642.52320612,0.0588354977916815,0.0567119814921278,0.0633109446133486
"1","M","CONJOINT","1","ABIDJAN","INDIVIDUEL",0.8,"2025",441723.542641297,392694.356923269,497570.994512311,46992.4685664191,479235.680546396,491459.22319034,0.106384342309279,0.0849222065022704,0.112594588578292
"2","M","CONJOINT","1","ABIDJAN","INDIVIDUEL",0.8,"2025",406426.777767247,379024.980465754,453310.304639492,30971.7585366578,407515.870171951,438045.493150312,0.0762050146075628,0.00267967679365696,0.0777968310965269
"3","M","CONJOINT","1","ABIDJAN","INDIVIDUEL",0.8,"2025",291932.320514401,246307.131454824,373399.519375232,53595.0083027586,290158.228481489,345652.422410651,0.183587100627711,-0.00607706618364999,0.184015602662947
"4","M","CONJOINT","1","ABIDJAN","INDIVIDUEL",0.8,"2025",280527.146877599,236520.316896323,337369.126672189,40619.1899534986,291085.545624944,321941.266323107,0.144795932962672,0.0376377076688108,0.147629631949944
"5","M","CONJOINT","1","ABIDJAN","INDIVIDUEL",0.8,"2025",292660.555836755,271215.558668595,325897.802300925,23093.3000063681,294713.81922235,315503.141274733,0.0789081396375445,0.00701585281871722,0.0780514660496977
"6","M","CONJOINT","1","ABIDJAN","INDIVIDUEL",0.8,"2025",276585.44697044,258604.707186404,306504.446851626,20515.9040776598,280572.146392436,297860.346698562,0.0741756455459944,0.0144139883918827,0.0769198089095271
"7","M","CONJOINT","1","ABIDJAN","INDIVIDUEL",0.8,"2025",346199.21084229,305166.023090922,380686.81538199,34924.1446767888,365438.065061218,375603.898608399,0.10087875299259,0.0555716293290218,0.0849357446383792
"8","M","CONJOINT","1","ABIDJAN","INDIVIDUEL",0.8,"2025",471324.510855645,445326.389252921,486169.482882117,17830.6956758247,485513.817761968,485950.927842067,0.0378310384143925,0.0301051750535168,0.031032582964694
"9","M","CONJOINT","1","ABIDJAN","INDIVIDUEL",0.8,"2025",468225.765779343,423668.535957893,501047.963323866,30984.2299348498,479620.120370664,493905.349006132,0.066173696962784,0.0243351720987732,0.0548444470672082
"10","M","CONJOINT","1","ABIDJAN","INDIVIDUEL",0.8,"2025",828083.228063305,774476.135458929,882345.699485655,50051.6422635143,878707.938984494,881133.112651935,0.06044276778866,0.0611348101320551,0.0640634694566894
"1","F","ENFANT","1","ABIDJAN","INDIVIDUEL",0.8,"2025",321804.966209832,299431.114573743,343321.192834665,20995.8516688405,342464.333032925,343035.572900751,0.0652440262688495,0.06419840895066,0.0659735209837487
"2","F","ENFANT","1","ABIDJAN","INDIVIDUEL",0.8,"2025",298003.233003844,274082.542366058,324613.32119984,20200.8558881877,306615.746985576,318614.129795086,0.0677873715817276,0.0289007400856674,0.069163332838662
"3","F","ENFANT","1","ABIDJAN","INDIVIDUEL",0.8,"2025",210384.801982693,189157.371660707,235971.035637705,18509.7500112732,212788.857919134,228243.643064848,0.0879804521849247,0.0114269467841063,0.0848865550831167
"4","F","ENFANT","1","ABIDJAN","INDIVIDUEL",0.8,"2025",211817.707764514,186884.657141465,226890.789267164,17432.1835063673,226824.628618282,226868.735717536,0.0822980462320335,0.0708482827623259,0.0710565141690391
"5","F","ENFANT","1","ABIDJAN","INDIVIDUEL",0.8,"2025",234782.400491368,225221.481181418,240827.54281927,6388.77037110973,237159.021658676,239604.702432405,0.0272114534894391,0.0101226546893368,0.0205394524076132
"6","F","ENFANT","1","ABIDJAN","INDIVIDUEL",0.8,"2025",211528.291206114,198951.091118332,220489.224336806,8988.11372840404,216347.010003847,219108.48622582,0.0424913077922327,0.0227804931919828,0.0358353720747412
"7","F","ENFANT","1","ABIDJAN","INDIVIDUEL",0.8,"2025",261717.15626223,229128.535371271,292616.544069265,26234.5241564017,277671.228643323,287634.772260618,0.100239986293126,0.06095921493625,0.099029105957501
"8","F","ENFANT","1","ABIDJAN","INDIVIDUEL",0.8,"2025",358813.710968593,325781.128668234,386165.922450231,28807.5068447494,385937.872395881,386089.905765448,0.0802854126365057,0.0755939937581206,0.0760177049066069
"9","F","ENFANT","1","ABIDJAN","INDIVIDUEL",0.8,"2025",357088.304350422,317205.972679566,383751.159687226,30419.8396781643,380760.620799423,382754.313391291,0.085188563466118,0.0662926121091072,0.071875804186751
"10","F","ENFANT","1","ABIDJAN","INDIVIDUEL",0.8,"2025",638226.937726225,592093.574322873,706464.299078828,48236.8429814941,658046.428241822,690325.008799826,0.0755794532166643,0.0310539861983996,0.0816293828950689
"1","M","ENFANT","1","ABIDJAN","INDIVIDUEL",0.8,"2025",251813.477667227,233782.76224461,271965.854572682,17431.3703752414,263479.739875762,269137.149673709,0.0692233415650496,0.0463289825334627,0.0687956505226276
"2","M","ENFANT","1","ABIDJAN","INDIVIDUEL",0.8,"2025",234580.713314036,214530.385107987,253192.756999356,16452.8300827581,245283.697308409,250556.40376904,0.0701371815709867,0.0456260186234727,0.0681031710975223
"3","M","ENFANT","1","ABIDJAN","INDIVIDUEL",0.8,"2025",162052.281416312,144401.994890074,184771.061511004,16146.9596249467,163259.573940413,177600.56565414,0.0996404338391583,0.00745001868254234,0.0959460990116152
"4","M","ENFANT","1","ABIDJAN","INDIVIDUEL",0.8,"2025",158976.779570969,140413.946763542,178609.186102446,15819.2270275202,164232.920752413,173817.097652435,0.0995065258600126,0.0330623201427791,0.0933489665693018
"5","M","ENFANT","1","ABIDJAN","INDIVIDUEL",0.8,"2025",174253.955064861,158447.83124898,186098.620163111,12319.147650833,183266.538142891,185154.592823038,0.0706965167375832,0.0517209671061732,0.0625560421519263
"6","M","ENFANT","1","ABIDJAN","INDIVIDUEL",0.8,"2025",167465.743056009,153114.362917961,177441.323083263,10529.8883335832,173289.353890913,176057.33335248,0.0628778646989402,0.0347749380179613,0.051303568954978
"7","M","ENFANT","1","ABIDJAN","INDIVIDUEL",0.8,"2025",209883.974063425,182437.32771931,236708.905293815,22721.8492792852,223513.792171045,232310.534252891,0.108259095915627,0.0649397752660269,0.106852180065397
"8","M","ENFANT","1","ABIDJAN","INDIVIDUEL",0.8,"2025",289249.052428899,260381.777294005,314433.498360621,24721.2662949006,312841.020492414,313902.672404552,0.0854670606085298,0.0815628188421249,0.0852331918415281
"9","M","ENFANT","1","ABIDJAN","INDIVIDUEL",0.8,"2025",287047.058770777,254522.834364013,310818.839969213,25233.5756401529,309461.208427745,310366.296122057,0.0879074523467015,0.0780852789537444,0.0812383776065856
"10","M","ENFANT","1","ABIDJAN","INDIVIDUEL",0.8,"2025",508422.188172443,462561.620896338,568903.186096653,43278.0922271711,520266.230089225,552690.86742751,0.0851223515298122,0.0232956825888256,0.0870707067569057
"1","F","ASSURÉ PRINCIPAL","0","HORS-ABIDJAN","INDIVIDUEL",0.8,"2025",78934.8592826852,69584.3841324537,84268.2784568674,6662.93659559267,83630.0081390843,84055.521684273,0.0844105716554337,0.0594813102736352,0.0648720026629744
"2","F","ASSURÉ PRINCIPAL","0","HORS-ABIDJAN","INDIVIDUEL",0.8,"2025",62264.8056673621,56302.6742306225,68058.7656491792,4911.92605610533,65936.5634959585,67351.364931439,0.0788876798611782,0.058970035949555,0.0816923655274999
"3","F","ASSURÉ PRINCIPAL","0","HORS-ABIDJAN","INDIVIDUEL",0.8,"2025",29939.0180320675,27902.3263416192,32545.6079042072,2001.17852590527,31325.0902221007,32138.7686768384,0.0668418223924987,0.0462965147537118,0.0734743752254935
"4","F","ASSURÉ PRINCIPAL","0","HORS-ABIDJAN","INDIVIDUEL",0.8,"2025",28607.5457954163,25199.1655706448,30802.4066935349,2419.64740598399,30294.6483611766,30633.1539160822,0.0845807404552572,0.0589740405494913,0.0708067771752168
"5","F","ASSURÉ PRINCIPAL","0","HORS-ABIDJAN","INDIVIDUEL",0.8,"2025",33782.3811037896,32158.4431799916,35603.5203266451,1354.9688600836,34119.670360958,35108.903671416,0.0401087435465467,0.00998417654848338,0.0392666983286634
"6","F","ASSURÉ PRINCIPAL","0","HORS-ABIDJAN","INDIVIDUEL",0.8,"2025",25481.6191688514,24538.430877223,26581.4457961157,863.658877361374,25879.7214727789,26347.5376883368,0.0338934065232835,0.0156231164624787,0.0339820838600336
"7","F","ASSURÉ PRINCIPAL","0","HORS-ABIDJAN","INDIVIDUEL",0.8,"2025",27087.9566102118,25012.2870293007,28806.6120552028,1669.85916992412,28182.0620232766,28598.4287112274,0.0616458152954441,0.0403908433850775,0.0557617587310451
"8","F","ASSURÉ PRINCIPAL","0","HORS-ABIDJAN","INDIVIDUEL",0.8,"2025",36163.5290879239,34015.0347693096,37416.7858119217,1500.17994823245,37307.4061602292,37380.3259280242,0.0414832287132453,0.03163068155003,0.0336470712562913
"9","F","ASSURÉ PRINCIPAL","0","HORS-ABIDJAN","INDIVIDUEL",0.8,"2025",39332.1885683795,36128.9723973609,42903.7746914577,2664.42504236877,39732.4913993744,41846.6802607633,0.0677415912856371,0.0101774868260632,0.063929615511029
"10","F","ASSURÉ PRINCIPAL","0","HORS-ABIDJAN","INDIVIDUEL",0.8,"2025",111565.372619529,99621.2225589331,116458.912608578,7645.9653460289,116204.764889088,116374.196702081,0.0685334989388138,0.0415845182122992,0.0431031956389479
"1","M","ASSURÉ PRINCIPAL","0","HORS-ABIDJAN","INDIVIDUEL",0.8,"2025",56003.7483369861,50628.5961508707,59746.7311600706,3744.49298380893,58364.7232220741,59286.0618474051,0.0668614707943752,0.0421574440139541,0.0586088183003158
"2","M","ASSURÉ PRINCIPAL","0","HORS-ABIDJAN","INDIVIDUEL",0.8,"2025",44127.4638310608,40983.7964245078,46712.0772687243,2508.02870009903,46287.4785808485,46570.5443727657,0.056836003757226,0.0489494424165695,0.0553641730025119
"3","M","ASSURÉ PRINCIPAL","0","HORS-ABIDJAN","INDIVIDUEL",0.8,"2025",20531.257269862,19733.5751195474,22384.473095999,1187.93808356657,20456.8539462473,21741.9333794151,0.0578599774944302,-0.00362390488983633,0.0589674608641855
"4","M","ASSURÉ PRINCIPAL","0","HORS-ABIDJAN","INDIVIDUEL",0.8,"2025",19478.3261614638,17051.336441895,21551.9593715325,1814.14659074438,20495.5548276936,21199.8245235862,0.0931366779520056,0.0522236180767044,0.0883802000157613
"5","M","ASSURÉ PRINCIPAL","0","HORS-ABIDJAN","INDIVIDUEL",0.8,"2025",22509.442204679,21339.3421010651,23646.0719169923,1026.77422666423,23266.0723810151,23519.4054049999,0.0456152674654373,0.0336139016442993,0.0448684241545073
"6","M","ASSURÉ PRINCIPAL","0","HORS-ABIDJAN","INDIVIDUEL",0.8,"2025",17747.2585561903,17084.8933231763,18765.479551972,697.50655572599,17926.2031772562,18485.7207604001,0.0393022141147933,0.0100829443882417,0.041609931013946
"7","M","ASSURÉ PRINCIPAL","0","HORS-ABIDJAN","INDIVIDUEL",0.8,"2025",19163.399174916,17498.1125803958,20649.9264741425,1371.43395855091,20352.1192101124,20550.6573861325,0.0715652763913645,0.0620307506171662,0.0723910303466611
"8","M","ASSURÉ PRINCIPAL","0","HORS-ABIDJAN","INDIVIDUEL",0.8,"2025",26057.4864701682,24248.3768644267,27425.6134328118,1358.17930805289,27202.8595405215,27351.3621353817,0.0521224220765804,0.0439556237192967,0.0496546613079828
"9","M","ASSURÉ PRINCIPAL","0","HORS-ABIDJAN","INDIVIDUEL",0.8,"2025",27883.9934793408,25419.4757767477,29763.8998173562,1741.97073026407,28599.5446068731,29375.7814138618,0.0624720677672908,0.0256617162122941,0.0534997949854727
"10","M","ASSURÉ PRINCIPAL","0","HORS-ABIDJAN","INDIVIDUEL",0.8,"2025",78936.043146799,70523.7409750724,82510.2918928732,5400.41010315381,82051.1841446255,82357.2559767906,0.0684150090106563,0.0394641139033679,0.0433415800134426
"1","F","CONJOINT","0","HORS-ABIDJAN","INDIVIDUEL",0.8,"2025",77935.3348572822,69400.0025349372,83822.2855845943,6610.8456060626,82227.8977720205,83290.822980403,0.0848247539857063,0.0550785201936829,0.0687170733650912
"2","F","CONJOINT","0","HORS-ABIDJAN","INDIVIDUEL",0.8,"2025",60349.6819103492,54087.7547671744,64541.0836916563,4389.80471293783,63596.7182692068,64226.2952175065,0.07273948385443,0.053803702953748,0.0642358531883577
"3","F","CONJOINT","0","HORS-ABIDJAN","INDIVIDUEL",0.8,"2025",31218.3272919639,27930.9365802265,34553.8051353551,2604.33560967525,32116.3083882836,33741.3062196646,0.0834232912391064,0.0287645487191372,0.0808172361095771
"4","F","CONJOINT","0","HORS-ABIDJAN","INDIVIDUEL",0.8,"2025",29718.9212995666,26580.2109262053,32494.4423873226,2512.40613354811,31403.6323836506,32130.8390527653,0.084538940973768,0.0566881639848975,0.0811576479807806
"5","F","CONJOINT","0","HORS-ABIDJAN","INDIVIDUEL",0.8,"2025",37447.0595389104,34935.9591265828,40646.9833671416,2663.03092542291,39880.0657041612,40391.3441461481,0.0711145536715859,0.0649718881858465,0.0786252550531604
"6","F","CONJOINT","0","HORS-ABIDJAN","INDIVIDUEL",0.8,"2025",26107.7965522995,25579.498423703,26834.9022236139,542.495856141456,26260.7715105496,26643.5253192592,0.0207790747508975,0.00585935921262681,0.0205198767305572
"7","F","CONJOINT","0","HORS-ABIDJAN","INDIVIDUEL",0.8,"2025",26529.0852847161,24956.9756931948,29088.0733082447,1760.36472386238,26834.2639270968,28336.8035145288,0.066356027920667,0.0115035493725267,0.0681409935703332
"8","F","CONJOINT","0","HORS-ABIDJAN","INDIVIDUEL",0.8,"2025",35479.7613087161,32852.9678171584,36561.5913977983,1680.44894124341,36416.1213795426,36513.1013917131,0.0473635920665165,0.0263913858573926,0.0291247755024518
"9","F","CONJOINT","0","HORS-ABIDJAN","INDIVIDUEL",0.8,"2025",38772.3233857539,35133.893564871,42320.8997401327,2987.76833739467,40937.0653122187,41859.6215974947,0.0770593061362029,0.0558321435867354,0.0796263401866479
"10","F","CONJOINT","0","HORS-ABIDJAN","INDIVIDUEL",0.8,"2025",109706.748818407,96138.0772606477,120013.471109202,9505.12952917827,112641.92245151,117556.288223305,0.0866412470659552,0.0267547226101952,0.0715501962225755
"1","M","CONJOINT","0","HORS-ABIDJAN","INDIVIDUEL",0.8,"2025",55493.9347592008,50716.770042598,59724.1082198199,3851.52550394588,58715.963799375,59388.0600796716,0.0694044406953374,0.0580609224081008,0.0701720888484154
"2","M","CONJOINT","0","HORS-ABIDJAN","INDIVIDUEL",0.8,"2025",42935.8511393915,39433.0072475893,45234.4501565283,2363.49872938854,43834.7393729169,44767.8798953245,0.0550472080247211,0.0209356099779461,0.0426689749315872
"3","M","CONJOINT","0","HORS-ABIDJAN","INDIVIDUEL",0.8,"2025",19878.229684104,19140.1628058064,21452.5227858003,1011.59885475783,19731.9664589139,20879.0040101715,0.0508897860037694,-0.0073579603171104,0.0503452441173766
"4","M","CONJOINT","0","HORS-ABIDJAN","INDIVIDUEL",0.8,"2025",18691.7985795244,16862.5622358268,20618.8568705411,1544.69219068966,19684.2377923676,20307.3171778166,0.082640104648986,0.0530949019496899,0.0864292749260589
"5","M","CONJOINT","0","HORS-ABIDJAN","INDIVIDUEL",0.8,"2025",22078.7223356947,20722.6310829593,23364.6173652877,1078.75630149282,22657.6047606388,23128.9464970714,0.0488595438219171,0.0262190182992673,0.0475672525524155
"6","M","CONJOINT","0","HORS-ABIDJAN","INDIVIDUEL",0.8,"2025",17491.1464786126,16927.288540373,18022.0649796917,450.420740451792,17660.5202141242,17901.5500578359,0.0257513560361836,0.00968339815338378,0.0234635036488342
"7","M","CONJOINT","0","HORS-ABIDJAN","INDIVIDUEL",0.8,"2025",18880.3207356598,17636.2263003556,20924.3784121984,1403.0177381598,19390.7608937115,20413.1725727028,0.0743111177931355,0.0270355660371575,0.0811878070560419
"8","M","CONJOINT","0","HORS-ABIDJAN","INDIVIDUEL",0.8,"2025",25688.7838459074,23433.8022140131,27114.5192324752,1507.89255145092,26115.7422033308,26781.5935560937,0.0586984794802246,0.0166204192453957,0.042540344328537
"9","M","CONJOINT","0","HORS-ABIDJAN","INDIVIDUEL",0.8,"2025",27510.1903203202,24653.4454672008,29457.1332574198,2086.78500790285,29399.2243643115,29437.8302930504,0.075854982593903,0.0686667021200475,0.0700700340595709
"10","M","CONJOINT","0","HORS-ABIDJAN","INDIVIDUEL",0.8,"2025",77817.608043267,67998.1657665923,85370.7902609571,6895.60434083491,79500.0619263,83413.8808160714,0.0886123913883465,0.0216204780041244,0.0719152504622461
"1","F","ENFANT","0","HORS-ABIDJAN","INDIVIDUEL",0.8,"2025",37572.6899625918,35925.6836466373,39966.0796980516,1743.17624939642,38009.048065692,39313.7358205984,0.0463947684110977,0.0116137040902477,0.0463380678822832
"2","F","ENFANT","0","HORS-ABIDJAN","INDIVIDUEL",0.8,"2025",28131.392955852,26537.8107752595,29373.083577069,1243.61434122721,29311.418327821,29352.5284939864,0.0442073502431563,0.0419469229206283,0.0434082855424455
"3","F","ENFANT","0","HORS-ABIDJAN","INDIVIDUEL",0.8,"2025",12725.4719948116,12144.5370057507,13442.3384369826,528.01567956012,12954.5250206081,13279.7339648577,0.0414928169089055,0.017999570144817,0.0435553172622726
"4","F","ENFANT","0","HORS-ABIDJAN","INDIVIDUEL",0.8,"2025",12067.8210313445,11074.923375976,13323.087965815,959.028275494359,12704.9762077701,13117.0507131334,0.0794698788624242,0.0527978642350368,0.0869444184715445
"5","F","ENFANT","0","HORS-ABIDJAN","INDIVIDUEL",0.8,"2025",14923.1120546871,14248.3619582736,16028.8265815914,773.274673624747,15253.8435466356,15770.4989032728,0.0518172530495658,0.022162367389357,0.0567835211235016
"6","F","ENFANT","0","HORS-ABIDJAN","INDIVIDUEL",0.8,"2025",11524.9767575934,11270.4742370285,11744.2469647445,233.56646829096,11734.0300657704,11740.8413317531,0.0202661118719455,0.0181391522580975,0.0187301526675543
"7","F","ENFANT","0","HORS-ABIDJAN","INDIVIDUEL",0.8,"2025",12157.1886909827,11424.2306543994,13499.9097117526,904.619920454008,12290.6181187759,13096.8125140937,0.0744102887146097,0.0109753522121592,0.0772895647994654
"8","F","ENFANT","0","HORS-ABIDJAN","INDIVIDUEL",0.8,"2025",16358.8304433536,16046.2453118915,16605.6798979147,231.612930890773,16499.5428268893,16570.3008742396,0.0141582817728192,0.00860161635777979,0.0129269895924556
"9","F","ENFANT","0","HORS-ABIDJAN","INDIVIDUEL",0.8,"2025",17962.7667267102,17014.296632369,19521.8907511129,1189.23618198372,18868.3920166273,19304.0578396177,0.0662056241155411,0.0504168040311108,0.0746706302717319
"10","F","ENFANT","0","HORS-ABIDJAN","INDIVIDUEL",0.8,"2025",50622.0215215073,47677.9661232584,56143.5788755887,3603.18948741365,50634.124632572,54307.0941279165,0.0711783010459745,0.000239087865338743,0.0727958405383615
"1","M","ENFANT","0","HORS-ABIDJAN","INDIVIDUEL",0.8,"2025",27070.0546790178,26253.7763069145,28650.8385957798,1046.02056224498,27141.4074559226,28147.6948824941,0.0386412430506007,0.00263585640113587,0.0398093101862698
"2","M","ENFANT","0","HORS-ABIDJAN","INDIVIDUEL",0.8,"2025",20363.2083025625,19739.4550422066,21511.3430596114,793.542278125911,20719.3549367758,21247.3470186662,0.0389694131855465,0.0174897112931072,0.04341843893
"3","M","ENFANT","0","HORS-ABIDJAN","INDIVIDUEL",0.8,"2025",9173.65758879539,8850.72986306478,9812.03718771643,422.170423601705,9164.90434361161,9596.32623968149,0.0460198584387257,-0.000954171779255286,0.0460741690863131
"4","M","ENFANT","0","HORS-ABIDJAN","INDIVIDUEL",0.8,"2025",8609.5171167212,7746.88758093904,9762.75115041541,827.607221618093,8917.1993368473,9480.9005458927,0.0961270197152793,0.0357374537915176,0.10121164954526
"5","M","ENFANT","0","HORS-ABIDJAN","INDIVIDUEL",0.8,"2025",10633.6163851649,10018.1245095311,11592.6490288044,698.823650825194,11059.376050395,11414.8913693346,0.0657183431781624,0.0400390280981132,0.0734721806646844
"6","M","ENFANT","0","HORS-ABIDJAN","INDIVIDUEL",0.8,"2025",8391.57484404487,8043.85150583507,8735.16185942479,290.168787200821,8583.02638364958,8684.45003416638,0.0345785853780165,0.0228147330105236,0.0349010996820647
"7","M","ENFANT","0","HORS-ABIDJAN","INDIVIDUEL",0.8,"2025",8922.47129278502,8228.07310334093,9887.48678515887,693.326830033205,9205.3785630772,9660.11737779831,0.0777056946760758,0.0317072771666904,0.0826728448663958
"8","M","ENFANT","0","HORS-ABIDJAN","INDIVIDUEL",0.8,"2025",12277.2808886039,11978.7024589894,12635.5377123722,329.139260075696,12623.9170891289,12631.6641712911,0.026808807508934,0.028233955357876,0.0288649649627335
"9","M","ENFANT","0","HORS-ABIDJAN","INDIVIDUEL",0.8,"2025",13040.9375006857,12387.8713282427,13758.2253425705,664.014367603727,13750.1699548855,13755.5402133422,0.0509176865212961,0.0543850819132127,0.054796881943413
"10","M","ENFANT","0","HORS-ABIDJAN","INDIVIDUEL",0.8,"2025",36739.7874036203,34921.7158839684,40516.4964300777,2439.95884330186,36243.2529575338,39092.0819392297,0.0664118933649963,-0.013514897095935,0.0640258069478564
"1","F","ASSURÉ PRINCIPAL","1","HORS-ABIDJAN","INDIVIDUEL",0.8,"2025",154445.7818896,139783.993319202,179182.017449838,16541.8394455761,157557.81991579,171973.951605156,0.107104507764417,0.0201497120097115,0.113490763561836
"2","F","ASSURÉ PRINCIPAL","1","HORS-ABIDJAN","INDIVIDUEL",0.8,"2025",129836.028126633,118126.397589325,149427.175837577,13613.2208342093,135704.850754925,144853.067476693,0.104849332120141,0.0452018034822228,0.115661573807645
"3","F","ASSURÉ PRINCIPAL","1","HORS-ABIDJAN","INDIVIDUEL",0.8,"2025",70676.3388026114,59220.3897806476,94377.856758429,15297.3257707397,68906.7177983134,85887.4771050571,0.216441966716228,-0.0250383796653694,0.215222499639209
"4","F","ASSURÉ PRINCIPAL","1","HORS-ABIDJAN","INDIVIDUEL",0.8,"2025",66572.9316194676,53718.2366396349,87246.0271851043,13986.5212545342,67184.8455245681,80558.9666315922,0.21009321527977,0.0091916322477458,0.210085911374146
"5","F","ASSURÉ PRINCIPAL","1","HORS-ABIDJAN","INDIVIDUEL",0.8,"2025",83295.9645697685,70634.5884911693,101871.531083497,13000.4798338556,87765.2734397965,97169.4452022636,0.156075746298206,0.0536557670364037,0.166556455695698
"6","F","ASSURÉ PRINCIPAL","1","HORS-ABIDJAN","INDIVIDUEL",0.8,"2025",65684.6412574891,56656.2634298315,82259.3144978696,11569.1939806014,71033.9239144978,78517.5176367457,0.176132407197738,0.0814388653816204,0.195371035505098
"7","F","ASSURÉ PRINCIPAL","1","HORS-ABIDJAN","INDIVIDUEL",0.8,"2025",70814.4226773166,56131.5754369611,90044.3618519434,17570.3901102978,89765.3971940854,89951.3736326574,0.248118807525433,0.267614615784184,0.270240866645811
"8","F","ASSURÉ PRINCIPAL","1","HORS-ABIDJAN","INDIVIDUEL",0.8,"2025",94221.8075370349,74252.6151498967,122330.171330717,21012.9902734531,108014.292845806,117558.211835747,0.223016208484365,0.146383153426028,0.247675192280081
"9","F","ASSURÉ PRINCIPAL","1","HORS-ABIDJAN","INDIVIDUEL",0.8,"2025",107195.263342081,88778.0818127509,131166.45529773,21776.4514543432,130540.646797999,130957.852464486,0.203147515808141,0.21778372222864,0.221675738102103
"10","F","ASSURÉ PRINCIPAL","1","HORS-ABIDJAN","INDIVIDUEL",0.8,"2025",259863.798728335,226282.231731447,310375.811832034,43378.9743632174,303284.396603811,308012.00675596,0.166929655363679,0.167089829702936,0.185282475909465
"1","M","ASSURÉ PRINCIPAL","1","HORS-ABIDJAN","INDIVIDUEL",0.8,"2025",115859.781690375,107028.992024916,137569.220207794,13854.1770284607,112215.287756818,129117.909390802,0.119577102824902,-0.0314560745789873,0.11443252789702
"2","M","ASSURÉ PRINCIPAL","1","HORS-ABIDJAN","INDIVIDUEL",0.8,"2025",96654.0227770057,86160.4831081058,114544.173348746,11921.3500398152,95966.9374933941,108351.761396962,0.123340443545939,-0.00710870860695426,0.12102691935487
"3","M","ASSURÉ PRINCIPAL","1","HORS-ABIDJAN","INDIVIDUEL",0.8,"2025",49386.6420694303,41975.9092965664,68733.0091888497,12355.6677724808,48271.7202173436,61912.579531681,0.250182382416496,-0.0225753727195956,0.253630069536639
"4","M","ASSURÉ PRINCIPAL","1","HORS-ABIDJAN","INDIVIDUEL",0.8,"2025",45904.1103039068,36966.2720528284,64707.3142560047,12194.4180654829,45281.6276325116,58232.085381507,0.265649807495454,-0.0135604996431504,0.268559285780362
"5","M","ASSURÉ PRINCIPAL","1","HORS-ABIDJAN","INDIVIDUEL",0.8,"2025",55589.6431052955,47426.2816646205,71676.3291911405,11145.3520216008,60825.6817354136,68059.4467058982,0.200493318521397,0.094190902075054,0.224318828185008
"6","M","ASSURÉ PRINCIPAL","1","HORS-ABIDJAN","INDIVIDUEL",0.8,"2025",47542.83119027,40053.0072936497,62233.8342080864,10328.2310597392,52986.5116962151,59151.393370796,0.217240555540432,0.114500553914408,0.244170611844037
"7","M","ASSURÉ PRINCIPAL","1","HORS-ABIDJAN","INDIVIDUEL",0.8,"2025",52280.1730152038,40309.1533958705,68672.3023217966,14740.3695238681,68003.8026893835,68449.4691109922,0.28194951687672,0.300757032108654,0.309281610278646
"8","M","ASSURÉ PRINCIPAL","1","HORS-ABIDJAN","INDIVIDUEL",0.8,"2025",69292.8930487868,53557.472154133,92671.5120082053,17281.7469584409,80370.4737619483,88571.1659261196,0.249401434953414,0.15986604434833,0.278214287629175
"9","M","ASSURÉ PRINCIPAL","1","HORS-ABIDJAN","INDIVIDUEL",0.8,"2025",79431.8284805877,64403.8855505994,100038.145312466,18681.7559993952,99571.2164742775,99882.5023664031,0.235192319713008,0.253543049164626,0.257461955452951
"10","M","ASSURÉ PRINCIPAL","1","HORS-ABIDJAN","INDIVIDUEL",0.8,"2025",191473.8640979,161051.895713468,234738.490416337,37005.8664516302,228064.424530547,232513.801787741,0.193268499729599,0.191099503867216,0.214337021311989
"1","F","CONJOINT","1","HORS-ABIDJAN","INDIVIDUEL",0.8,"2025",154121.638837712,142628.170147219,176480.99180902,14649.9367757635,155756.921653603,169572.968423881,0.0950543796850596,0.0106103388740436,0.100254122021367
"2","F","CONJOINT","1","HORS-ABIDJAN","INDIVIDUEL",0.8,"2025",129013.264654529,118282.873655771,147014.152332178,12299.9749886768,132039.474159923,142022.592941426,0.0953388399372238,0.0234565764496988,0.100837137341914
"3","F","CONJOINT","1","HORS-ABIDJAN","INDIVIDUEL",0.8,"2025",80923.2887649219,64777.0656180304,105209.420690112,17780.3184774285,91866.1779825713,100761.673120932,0.219718189272799,0.135225463332787,0.245150495719961
"4","F","CONJOINT","1","HORS-ABIDJAN","INDIVIDUEL",0.8,"2025",77720.7007676365,58843.5288511082,93356.5853603878,16542.951063756,88520.6695269555,91744.6134159104,0.212851285440862,0.13895871566583,0.180439863636864
"5","F","CONJOINT","1","HORS-ABIDJAN","INDIVIDUEL",0.8,"2025",103399.593047776,87041.2098164643,121184.581197709,16235.4173978892,120276.240771562,120881.80105566,0.157016260116107,0.1632177383521,0.16907424383968
"6","F","CONJOINT","1","HORS-ABIDJAN","INDIVIDUEL",0.8,"2025",71856.1587156948,61045.8691578597,86514.5168377699,12490.6748537289,84066.2585964533,85698.430757331,0.173828869744475,0.169924194376558,0.192638630968355
"7","F","CONJOINT","1","HORS-ABIDJAN","INDIVIDUEL",0.8,"2025",72962.9795511014,57204.0703013869,98888.3146139845,20063.3629746299,88908.1882849728,95561.6058376473,0.274980039165999,0.218538344129763,0.30972729493206
"8","F","CONJOINT","1","HORS-ABIDJAN","INDIVIDUEL",0.8,"2025",97156.9466711576,74556.7331872258,122866.253624692,23121.9199119968,120979.302772791,122237.270007392,0.237985246595454,0.245194573500376,0.258142358272356
"9","F","CONJOINT","1","HORS-ABIDJAN","INDIVIDUEL",0.8,"2025",110687.033683371,89784.6395516035,144694.495030334,25771.9738386131,129640.072924072,139676.354328247,0.232836430618747,0.171230889563069,0.261903492036858
"10","F","CONJOINT","1","HORS-ABIDJAN","INDIVIDUEL",0.8,"2025",263049.954887753,224853.656287872,332718.31966913,50729.3163450407,295606.970060266,320347.869799509,0.192850503877439,0.123767423516214,0.217821420787569
"1","M","CONJOINT","1","HORS-ABIDJAN","INDIVIDUEL",0.8,"2025",116274.367781594,109567.679206627,135756.022485367,12423.3839987742,111619.672080444,127710.572350393,0.106845422906189,-0.0400320018070804,0.0983553364941131
"2","M","CONJOINT","1","HORS-ABIDJAN","INDIVIDUEL",0.8,"2025",96646.5950028182,87050.00485176,113336.952387206,11150.4842989197,98131.373133561,108268.425969324,0.115373793547455,0.0153629636998544,0.120250806209649
"3","M","CONJOINT","1","HORS-ABIDJAN","INDIVIDUEL",0.8,"2025",49927.2977148514,41574.8501988701,68536.9454488937,12068.3749292389,50722.1186629895,62598.6698535923,0.241718969012998,0.0159195667403753,0.253796474447919
"4","M","CONJOINT","1","HORS-ABIDJAN","INDIVIDUEL",0.8,"2025",46186.7864215038,37081.9252689158,64318.2967089562,11957.3346400139,47679.9973643603,58772.1969274242,0.258890811993077,0.0323298297748913,0.272489417017782
"5","M","CONJOINT","1","HORS-ABIDJAN","INDIVIDUEL",0.8,"2025",56519.5956407457,47712.3540468659,71417.5572512747,11314.1971555694,65056.2466063145,69297.1203696213,0.200181848919897,0.15103878343062,0.22607247245881
"6","M","CONJOINT","1","HORS-ABIDJAN","INDIVIDUEL",0.8,"2025",48899.5896717879,40804.6624814787,62370.9290058664,10756.0645146691,58265.1681823455,61002.3420646928,0.219962265263642,0.191526730048636,0.247502125767068
"7","M","CONJOINT","1","HORS-ABIDJAN","INDIVIDUEL",0.8,"2025",54234.8656583593,41690.8403639986,75592.0852755571,16692.7300638885,67984.44928778,73056.2066129647,0.307785957635458,0.253519271459676,0.34703397392309
"8","M","CONJOINT","1","HORS-ABIDJAN","INDIVIDUEL",0.8,"2025",71826.0840101989,54296.4740952397,93262.5607269265,18768.6655289496,90675.9650092244,92400.3621543591,0.26130709738101,0.26243782128438,0.286445772837048
"9","M","CONJOINT","1","HORS-ABIDJAN","INDIVIDUEL",0.8,"2025",82383.3705619103,65276.4984768669,111134.732804633,21924.4278762972,99005.7978815561,107091.754496941,0.266126861850369,0.201769206652624,0.29991955617381
"10","M","CONJOINT","1","HORS-ABIDJAN","INDIVIDUEL",0.8,"2025",194911.999910176,161357.819219893,253631.35796572,42841.2062450041,222488.389938786,243250.368623408,0.219797684415261,0.141481232768217,0.24800098883347
"1","F","ENFANT","1","HORS-ABIDJAN","INDIVIDUEL",0.8,"2025",88971.213400753,81085.1254444959,101107.490782377,8741.17041330883,93642.8699123827,98619.2838257125,0.0982471754536602,0.0525075058894287,0.108440360158983
"2","F","ENFANT","1","HORS-ABIDJAN","INDIVIDUEL",0.8,"2025",72528.1286252447,62348.087927753,85544.5762261944,10251.8678019857,79814.6786821929,83634.6103781939,0.141350231921155,0.100465160139428,0.153133438894264
"3","F","ENFANT","1","HORS-ABIDJAN","INDIVIDUEL",0.8,"2025",37381.2260543808,31288.7761775408,50250.9619495451,8544.26520322263,39641.3060338778,46714.409977656,0.228571026289848,0.0604602956630988,0.24967570377969
"4","F","ENFANT","1","HORS-ABIDJAN","INDIVIDUEL",0.8,"2025",34921.0556996188,26869.26365543,47710.6713162136,8959.06031896264,36628.5265370794,44016.6230565022,0.256551817792279,0.0488951666337843,0.260460835867073
"5","F","ENFANT","1","HORS-ABIDJAN","INDIVIDUEL",0.8,"2025",44645.9372679217,36282.205335179,55234.4922095454,8955.17303614001,53043.6639214505,54504.2161135138,0.200582036891727,0.188096099386016,0.220810211384571
"6","F","ENFANT","1","HORS-ABIDJAN","INDIVIDUEL",0.8,"2025",37329.8181145703,29928.1280559961,47319.4211554873,8486.16571405326,45534.9692358089,46724.6038489279,0.22732941500031,0.219801529599096,0.251669743086442
"7","F","ENFANT","1","HORS-ABIDJAN","INDIVIDUEL",0.8,"2025",39950.5380132172,29236.0772260434,56599.4144466045,12783.854831601,49779.617034448,54326.1486425523,0.319992056862204,0.246031205336432,0.35983521985559
"8","F","ENFANT","1","HORS-ABIDJAN","INDIVIDUEL",0.8,"2025",52108.7398849134,37234.7881348715,68130.1046876905,14496.6630073007,66219.1668123613,67493.1253959141,0.278200222060978,0.270788105001425,0.295236183891193
"9","F","ENFANT","1","HORS-ABIDJAN","INDIVIDUEL",0.8,"2025",61709.8367646199,48405.5720992694,84376.2679562337,16590.1706659548,72302.5356627991,80351.6905250888,0.268841590510679,0.171653328764796,0.3020888522453
"10","F","ENFANT","1","HORS-ABIDJAN","INDIVIDUEL",0.8,"2025",146190.259634344,113739.324312054,200132.962480303,37558.0812110733,159915.458536181,186727.127832262,0.256912336738541,0.0938858644629736,0.277288434258961
"1","M","ENFANT","1","HORS-ABIDJAN","INDIVIDUEL",0.8,"2025",68538.2049720098,62121.615261514,80202.531836104,8214.07988870476,72858.5868936392,77754.5501886157,0.119846732082629,0.0630361113687437,0.134470186669898
"2","M","ENFANT","1","HORS-ABIDJAN","INDIVIDUEL",0.8,"2025",55650.6579370087,46929.5030741841,67919.9179287399,9385.51660901077,62382.4160689526,66074.0839754774,0.168650595643169,0.120964574031875,0.187301038745436
"3","M","ENFANT","1","HORS-ABIDJAN","INDIVIDUEL",0.8,"2025",28284.746854621,22520.515909373,39442.9008722174,7509.00368328934,30734.6097048794,36540.1371497714,0.265478907125611,0.0866142752788367,0.291867215131241
"4","M","ENFANT","1","HORS-ABIDJAN","INDIVIDUEL",0.8,"2025",26061.6012199301,19421.46530386,37807.4191397939,7950.87224355041,28047.5516756308,34554.1299850729,0.305079959456602,0.076202165743446,0.325863660236204
"5","M","ENFANT","1","HORS-ABIDJAN","INDIVIDUEL",0.8,"2025",33286.576406159,26496.154214233,43173.5159161423,8095.77192076905,40651.1811678502,42332.7376667116,0.243214316245244,0.221248489836536,0.271766046173459
"6","M","ENFANT","1","HORS-ABIDJAN","INDIVIDUEL",0.8,"2025",28570.0638366538,22243.4928483896,37803.1608415134,7510.33091326123,35284.1467755546,36963.4894861938,0.262874138335872,0.235004128002227,0.293783930534021
"7","M","ENFANT","1","HORS-ABIDJAN","INDIVIDUEL",0.8,"2025",30442.20364152,21732.700147101,43432.7259630381,10396.1892249822,39414.2705719332,42093.2408326698,0.341505803830932,0.294724620992164,0.382726471721616
"8","M","ENFANT","1","HORS-ABIDJAN","INDIVIDUEL",0.8,"2025",39409.8027090657,27832.7918241257,53087.8945677928,11647.1290406242,49725.404357436,51967.0644976739,0.295538882206708,0.2617521768511,0.318632952347147
"9","M","ENFANT","1","HORS-ABIDJAN","INDIVIDUEL",0.8,"2025",46722.2593169367,35683.5443733762,64892.0688320784,13775.218914494,56864.2566897826,62216.1314513131,0.294832037574443,0.217069926007826,0.331616500590757
"10","M","ENFANT","1","HORS-ABIDJAN","INDIVIDUEL",0.8,"2025",110189.456637213,82777.809537545,153079.198910455,30519.8998634944,123715.052729872,143291.150183594,0.276976589184734,0.122748550591287,0.300407085728403
"1","F","ASSURÉ PRINCIPAL","0","ABIDJAN","COLLECTIF",0.8,"2025",380910.787509484,359246.028380525,408101.821126982,22760.0198478932,401873.476389524,406025.706214496,0.0597515759443451,0.055033066973766,0.0659338604433364
"2","F","ASSURÉ PRINCIPAL","0","ABIDJAN","COLLECTIF",0.8,"2025",350082.674896823,324431.499477409,376598.514146124,22420.3899169909,366762.377781848,373319.802024699,0.0640431290225905,0.0476450395322767,0.0663761128274173
"3","F","ASSURÉ PRINCIPAL","0","ABIDJAN","COLLECTIF",0.8,"2025",255969.534768472,239106.12434093,264553.274467362,11257.799470018,263644.276543956,264250.27515956,0.0439810131318982,0.0299830281850774,0.0323504920168656
"4","F","ASSURÉ PRINCIPAL","0","ABIDJAN","COLLECTIF",0.8,"2025",252657.194935813,228314.423078706,276479.350883605,18892.5184549106,257676.478606147,270211.726791119,0.0747753035875755,0.0198659835181391,0.0694796435928382
"5","F","ASSURÉ PRINCIPAL","0","ABIDJAN","COLLECTIF",0.8,"2025",280329.537275562,273505.315932068,285871.9291784,5581.11767944112,284780.929984075,285508.262780292,0.0199091317086395,0.015879142639676,0.0184737061783085
"6","F","ASSURÉ PRINCIPAL","0","ABIDJAN","COLLECTIF",0.8,"2025",241698.860533992,239635.119802622,242920.741115944,1388.52809087437,242475.19106892,242772.224433603,0.00574486817110622,0.00321197432711246,0.00444091419065455
"7","F","ASSURÉ PRINCIPAL","0","ABIDJAN","COLLECTIF",0.8,"2025",285200.773806798,272589.725936641,306082.840797102,14620.1020303104,289694.635515874,300620.105703359,0.0512624907540204,0.0157568356112528,0.0540648319103318
"8","F","ASSURÉ PRINCIPAL","0","ABIDJAN","COLLECTIF",0.8,"2025",374612.785772483,370853.944325734,382526.111393175,5164.06320255441,375008.95758252,380020.39345629,0.0137850692733449,0.00105755015600989,0.0144351925219418
"9","F","ASSURÉ PRINCIPAL","0","ABIDJAN","COLLECTIF",0.8,"2025",379676.237946976,368491.945286092,404792.666930014,16124.3171777709,375094.465309753,394893.266389927,0.0424685970998868,-0.012067578055445,0.0400789591817335
"10","F","ASSURÉ PRINCIPAL","0","ABIDJAN","COLLECTIF",0.8,"2025",680039.773473435,627702.569498325,712045.908716514,34799.4415122008,691263.933757882,705118.583730304,0.0511726561734117,0.0165051526723462,0.0368784462837721
"1","M","ASSURÉ PRINCIPAL","0","ABIDJAN","COLLECTIF",0.8,"2025",294536.94253645,275578.386220927,313316.070612227,15382.7088488841,304093.282624257,310241.807949571,0.0522267553822402,0.0324453021258083,0.0533205284127525
"2","M","ASSURÉ PRINCIPAL","0","ABIDJAN","COLLECTIF",0.8,"2025",271744.537034502,254119.627190388,288745.094508883,15466.772445787,282304.697209116,286598.295408961,0.056916590171685,0.0388606162606077,0.054660743272174
"3","M","ASSURÉ PRINCIPAL","0","ABIDJAN","COLLECTIF",0.8,"2025",188345.159178856,179246.456565833,198079.187374533,7446.37063899599,190358.92482076,195505.766523276,0.0395357686465665,0.010691889564264,0.0380185366889077
"4","M","ASSURÉ PRINCIPAL","0","ABIDJAN","COLLECTIF",0.8,"2025",183691.795225397,167114.531332721,189884.82539857,10585.9752420857,189864.21454801,189877.95511505,0.0576290042192484,0.0336020414795295,0.03367684377009
"5","M","ASSURÉ PRINCIPAL","0","ABIDJAN","COLLECTIF",0.8,"2025",196491.220788309,192112.593697743,203355.600164898,4655.80049701542,197534.704157203,201415.301495666,0.0236946998361387,0.00531058519921503,0.0250600545286581
"6","M","ASSURÉ PRINCIPAL","0","ABIDJAN","COLLECTIF",0.8,"2025",184141.312321283,181005.717061056,186633.012158668,2453.8267510835,186398.043026605,186554.689114647,0.0133257807286729,0.0122554285992307,0.0131061127073621
"7","M","ASSURÉ PRINCIPAL","0","ABIDJAN","COLLECTIF",0.8,"2025",221496.825126588,209248.923709834,238778.218733366,12542.9951027151,223894.133180693,233816.856882475,0.056628329076711,0.0108232163270716,0.0556217081163395
"8","M","ASSURÉ PRINCIPAL","0","ABIDJAN","COLLECTIF",0.8,"2025",294810.246299162,291585.35082671,298965.405180589,3048.495813026,296248.498663268,298059.769674815,0.0103405354844163,0.00487856979925556,0.0110224234620244
"9","M","ASSURÉ PRINCIPAL","0","ABIDJAN","COLLECTIF",0.8,"2025",299127.469852018,289739.306361369,315592.225171757,10843.0609576126,296712.708551806,309299.052965107,0.0362489642391479,-0.00807268319892744,0.0340041759391753
"10","M","ASSURÉ PRINCIPAL","0","ABIDJAN","COLLECTIF",0.8,"2025",537640.29135521,502680.932671511,564023.521915427,24410.2692211542,543456.779948162,557167.941259672,0.045402603959655,0.0108185504071696,0.0363210314004533
"1","F","CONJOINT","0","ABIDJAN","COLLECTIF",0.8,"2025",364101.121923268,344185.437734779,389989.66586793,21984.0227994693,384749.221219043,388242.850984967,0.060378893323219,0.0567097931110654,0.0663050114599417
"2","F","CONJOINT","0","ABIDJAN","COLLECTIF",0.8,"2025",334288.457092356,313745.90222371,358707.044962434,19646.2029805386,349803.985739911,355739.358554926,0.0587702104685918,0.046413593764229,0.064168836845731
"3","F","CONJOINT","0","ABIDJAN","COLLECTIF",0.8,"2025",279412.969063409,251298.017419905,308652.938108851,22709.2693687617,285626.01626926,300977.297495654,0.0812749295241487,0.022236073102392,0.0771772638347033
"4","F","CONJOINT","0","ABIDJAN","COLLECTIF",0.8,"2025",283256.530334052,249675.425537052,349592.302298517,45450.1122876986,302476.167698316,333886.92409845,0.160455655635187,0.067852406938679,0.178743959423243
"5","F","CONJOINT","0","ABIDJAN","COLLECTIF",0.8,"2025",338994.348962539,312879.870271266,361072.13911919,22047.6928695019,354989.901848435,359044.726695605,0.0650385262674047,0.0471853083535127,0.0591466429880847
"6","F","CONJOINT","0","ABIDJAN","COLLECTIF",0.8,"2025",251462.320657946,242928.531324655,261785.210185744,8353.5142993226,257678.185593824,260416.201988438,0.0332197455168067,0.0247188720744116,0.0356072484619734
"7","F","CONJOINT","0","ABIDJAN","COLLECTIF",0.8,"2025",276842.857781373,264282.494958056,299598.738175425,15331.8227483826,279586.923480631,292928.13327716,0.0553809582492115,0.00991199744594684,0.058102548227882
"8","F","CONJOINT","0","ABIDJAN","COLLECTIF",0.8,"2025",365906.176340971,361076.450558733,371542.187574137,4695.48097544547,369985.061409682,371023.145519319,0.0128324725819057,0.0111473523335926,0.0139843749824518
"9","F","CONJOINT","0","ABIDJAN","COLLECTIF",0.8,"2025",369436.188722862,358295.524520802,388912.960043161,12922.857428333,370677.49976085,382834.473282391,0.0349799446367375,0.0033600147356415,0.0362668438244947
"10","F","CONJOINT","0","ABIDJAN","COLLECTIF",0.8,"2025",657151.920935125,610080.571261481,695647.849629104,33865.8083169419,661538.827418759,684278.175558989,0.0515342149023181,0.00667563518248719,0.0412785137799847
"1","M","CONJOINT","0","ABIDJAN","COLLECTIF",0.8,"2025",283102.113333681,267189.768222376,301268.140855221,14649.2290996723,292594.273773675,298376.851828039,0.0517453894185731,0.0335291048456641,0.053954872729455
"2","M","CONJOINT","0","ABIDJAN","COLLECTIF",0.8,"2025",260980.519723869,247163.403303291,276455.230581644,13125.6606819874,271190.701382515,274700.387515267,0.0502936414406525,0.0391223899371838,0.0525704669678589
"3","M","CONJOINT","0","ABIDJAN","COLLECTIF",0.8,"2025",181040.698466265,173116.643723833,191672.18221302,7482.69351049037,183104.107695519,188816.157373853,0.0413315545834832,0.0113974882263151,0.0429486793492263
"4","M","CONJOINT","0","ABIDJAN","COLLECTIF",0.8,"2025",176254.371786081,161477.743254998,182990.264940029,9498.95496656304,181519.820402391,182500.116760816,0.0538934431543739,0.0298741447542669,0.0354359719503341
"5","M","CONJOINT","0","ABIDJAN","COLLECTIF",0.8,"2025",190397.073629993,186271.894493358,196680.938055798,4298.05922348191,191501.151160599,194954.342424065,0.0225741874154774,0.00579881565171358,0.0239356031433979
"6","M","CONJOINT","0","ABIDJAN","COLLECTIF",0.8,"2025",179369.947508132,176542.147013647,182792.637461402,2526.7535520523,180444.044899012,182009.773273939,0.0140868277387311,0.00598816806160892,0.0147172132371135
"7","M","CONJOINT","0","ABIDJAN","COLLECTIF",0.8,"2025",216556.610390509,204674.757299274,235868.161145489,13153.7575994065,216557.023353603,229431.115214861,0.0607405037218063,1.90695215256002e-06,0.0594509897487565
"8","M","CONJOINT","0","ABIDJAN","COLLECTIF",0.8,"2025",289692.921357334,285990.124935824,292663.692052164,2806.18407627301,291956.026722917,292427.803609082,0.00968675403984622,0.00781208375744933,0.0094406250554357
"9","M","CONJOINT","0","ABIDJAN","COLLECTIF",0.8,"2025",292028.49586184,283159.746615071,304805.236928169,9089.16877101155,295875.115211605,301828.529689314,0.0311242529404105,0.0131720684942506,0.0335584847586607
"10","M","CONJOINT","0","ABIDJAN","COLLECTIF",0.8,"2025",522285.123207057,489082.57771727,555400.363288412,25938.8026665404,523800.514877178,544867.080484667,0.0496640656874637,0.00290146435880803,0.0432368380300543
"1","F","ENFANT","0","ABIDJAN","COLLECTIF",0.8,"2025",215347.968546486,207282.726019222,220228.530630691,5550.24189166609,219223.955813657,219893.672358346,0.0257733654472249,0.0179987175794233,0.021108644964434
"2","F","ENFANT","0","ABIDJAN","COLLECTIF",0.8,"2025",198150.161169639,188531.884196979,207175.366136983,8116.08424182142,205341.445899079,206564.059391015,0.0409592613698312,0.0362920962919832,0.0424622325397621
"3","F","ENFANT","0","ABIDJAN","COLLECTIF",0.8,"2025",136044.584786275,130995.991480535,139595.359001604,3459.99806590527,136831.047635848,138673.921879685,0.0254328246239341,0.00578091991539284,0.0193270250156631
"4","F","ENFANT","0","ABIDJAN","COLLECTIF",0.8,"2025",134985.357063289,127729.756476517,143121.948652155,6053.28125878101,136509.255106396,140917.717470235,0.0448439844919097,0.0112893581664048,0.0439481773135212
"5","F","ENFANT","0","ABIDJAN","COLLECTIF",0.8,"2025",151124.785206477,145308.223116514,158349.18020934,5381.3551793511,152279.460227299,156325.940215326,0.0356086870330286,0.0076405403603688,0.0344162938047734
"6","F","ENFANT","0","ABIDJAN","COLLECTIF",0.8,"2025",138003.95873941,133217.40207729,144679.849888857,4804.56630784651,139794.676237669,143051.458671794,0.0348146991704699,0.0129758415237928,0.0365750372561072
"7","F","ENFANT","0","ABIDJAN","COLLECTIF",0.8,"2025",164489.643333525,154075.824314261,184035.750425399,12800.2384920189,165507.645704914,177859.715518571,0.0778178992464872,0.00618885390446274,0.081282151958563
"8","F","ENFANT","0","ABIDJAN","COLLECTIF",0.8,"2025",219888.144224903,209252.703592765,227561.065128448,8663.55777024407,225660.516225538,226927.548827478,0.039399840317825,0.026251401688717,0.0320135704786989
"9","F","ENFANT","0","ABIDJAN","COLLECTIF",0.8,"2025",225744.048452946,207271.371810676,243769.866368667,15922.1892269376,235915.72787772,241151.820205018,0.070532044304399,0.045058461095572,0.0682532800207295
"10","F","ENFANT","0","ABIDJAN","COLLECTIF",0.8,"2025",407393.427068695,381818.713808435,447716.487252412,29757.1949237411,425937.045462059,440456.673322295,0.0730428940345259,0.0455177161958398,0.0811580257725271
"1","M","ENFANT","0","ABIDJAN","COLLECTIF",0.8,"2025",170781.27989302,167537.907891963,174966.204780325,3273.77654149819,172688.437287448,174206.948949366,0.0191694109772976,0.0111672508580692,0.0200588088957513
"2","M","ENFANT","0","ABIDJAN","COLLECTIF",0.8,"2025",157890.30272535,152946.821777091,165526.546968701,6381.61989897739,163975.686026916,165009.593321439,0.040418061076735,0.0385418432704549,0.0450901066956126
"3","M","ENFANT","0","ABIDJAN","COLLECTIF",0.8,"2025",107291.047850367,102839.00323968,109405.621403949,2896.16391805387,109230.776492954,109347.33976695,0.0269935281282087,0.0180791285149113,0.0191655497619027
"4","M","ENFANT","0","ABIDJAN","COLLECTIF",0.8,"2025",104939.283950542,98747.638135317,108588.373182537,4144.3248001144,107499.653689367,108225.466684814,0.039492596519599,0.0243985821366122,0.0313150863104839
"5","M","ENFANT","0","ABIDJAN","COLLECTIF",0.8,"2025",117294.529484977,112217.394215188,126164.719837013,5828.9866772476,117032.020705269,123120.486793098,0.0496952986881981,-0.00223803088567758,0.0496694716599505
"6","M","ENFANT","0","ABIDJAN","COLLECTIF",0.8,"2025",110362.235556023,106001.335041132,116836.227717792,4408.34983857872,110966.949428895,114879.801621493,0.0399443687994244,0.00547935505135572,0.0409339847340896
"7","M","ENFANT","0","ABIDJAN","COLLECTIF",0.8,"2025",131160.34002173,122117.681220561,147067.671318788,10593.3789327267,132566.582724292,142233.975120623,0.0807666321311129,0.0107215542619768,0.0844282280532249
"8","M","ENFANT","0","ABIDJAN","COLLECTIF",0.8,"2025",176541.961585317,167841.351088631,182380.793658193,6470.67043685764,181808.496768789,182190.028028392,0.0366523084866177,0.0298316339989618,0.0319927704006235
"9","M","ENFANT","0","ABIDJAN","COLLECTIF",0.8,"2025",180625.874016907,167089.803331429,191615.358514033,11825.964284155,190660.123349649,191296.946792572,0.0654721498153027,0.0555526686713904,0.0590783177312989
"10","M","ENFANT","0","ABIDJAN","COLLECTIF",0.8,"2025",326194.854009458,308337.705258235,360791.084742343,24251.3789320157,338674.395793614,353418.855092767,0.0743462952708401,0.038257935803593,0.0834593211655
"1","F","ASSURÉ PRINCIPAL","1","ABIDJAN","COLLECTIF",0.8,"2025",465753.262432096,428829.54336968,507496.429398458,39297.6357539132,507464.698358684,507485.8523852,0.0843743649775133,0.0895569377416215,0.0896023566967261
"2","F","ASSURÉ PRINCIPAL","1","ABIDJAN","COLLECTIF",0.8,"2025",430297.825408437,413282.031027231,477039.638903448,29751.9308299504,420945.001248909,458341.426351935,0.0691426474249782,-0.0217356993395228,0.0651725369908136
"3","F","ASSURÉ PRINCIPAL","1","ABIDJAN","COLLECTIF",0.8,"2025",363469.6076426,317288.341422386,389382.975701357,33052.6531519194,388304.497674009,389023.483025575,0.0909364977344135,0.0683272810414164,0.0703053978810299
"4","F","ASSURÉ PRINCIPAL","1","ABIDJAN","COLLECTIF",0.8,"2025",380167.815914827,316695.193915733,497902.076942477,76723.6174861464,374519.10281981,456774.418901587,0.201815130777234,-0.0148584726495702,0.201507333813664
"5","F","ASSURÉ PRINCIPAL","1","ABIDJAN","COLLECTIF",0.8,"2025",452239.449834691,407833.06059541,502841.832370306,46933.7873325505,501803.340153187,502495.668297933,0.103780834134896,0.109596565130735,0.111127453568263
"6","F","ASSURÉ PRINCIPAL","1","ABIDJAN","COLLECTIF",0.8,"2025",324010.275348486,313038.818907664,342263.120485954,12407.7909294664,325897.647369436,336807.962780448,0.0382944365456353,0.00582503755141792,0.0394977826496319
"7","F","ASSURÉ PRINCIPAL","1","ABIDJAN","COLLECTIF",0.8,"2025",360307.873745659,321043.260072512,386415.683013304,29648.0014125674,386195.035295864,386342.133774158,0.0822851887868983,0.0718473378921471,0.0722555956322964
"8","F","ASSURÉ PRINCIPAL","1","ABIDJAN","COLLECTIF",0.8,"2025",474656.245976231,452474.713261488,497579.454213392,19397.1166607366,489997.765717949,495052.224714911,0.0408656092175556,0.0323213270061675,0.0429699996820453
"9","F","ASSURÉ PRINCIPAL","1","ABIDJAN","COLLECTIF",0.8,"2025",470392.078457862,430066.909501603,498502.228967968,28839.4788041762,486789.458579675,494597.97217187,0.0613094482771136,0.0348589631346909,0.0514589739550153
"10","F","ASSURÉ PRINCIPAL","1","ABIDJAN","COLLECTIF",0.8,"2025",834925.062652911,790215.24362676,871548.824378702,37739.5769488419,860901.860634524,867999.836463976,0.0452011547346863,0.0311127299246154,0.0396140627351297
"1","M","ASSURÉ PRINCIPAL","1","ABIDJAN","COLLECTIF",0.8,"2025",358437.04571933,325250.004904618,398391.612690719,31760.6675160979,381956.927178518,392913.384186652,0.0886087749450088,0.0656178867114255,0.0961851987093962
"2","M","ASSURÉ PRINCIPAL","1","ABIDJAN","COLLECTIF",0.8,"2025",332856.208606518,312774.178982888,365713.070004844,22216.1889478,336322.441421244,355916.19381031,0.0667441026285995,0.0104136042083659,0.0692791199549249
"3","M","ASSURÉ PRINCIPAL","1","ABIDJAN","COLLECTIF",0.8,"2025",232136.126271848,204431.816095796,271882.729450391,27267.1268557296,236187.696673972,259984.385191585,0.117461798357907,0.0174534247089963,0.119965209064977
"4","M","ASSURÉ PRINCIPAL","1","ABIDJAN","COLLECTIF",0.8,"2025",228812.211323798,202042.4576562,262177.435268439,24804.5940982287,240379.74540048,254911.538645786,0.108405901742399,0.0505547060174692,0.11406439879668
"5","M","ASSURÉ PRINCIPAL","1","ABIDJAN","COLLECTIF",0.8,"2025",241619.744265193,223993.873159451,261369.048204386,14905.5406646834,245476.107248634,256071.401219135,0.0616900771500016,0.0159604629794169,0.0598115729237761
"6","M","ASSURÉ PRINCIPAL","1","ABIDJAN","COLLECTIF",0.8,"2025",228773.603323826,214513.305674485,247839.572710315,13802.0820177886,235285.716029566,243654.953816732,0.0603307454061996,0.0284653151024697,0.065048372175359
"7","M","ASSURÉ PRINCIPAL","1","ABIDJAN","COLLECTIF",0.8,"2025",282620.646975917,250959.348840914,307526.83545343,25431.4514988962,301434.884805695,305496.185237518,0.0899844076185392,0.0665706417103384,0.0809407893810047
"8","M","ASSURÉ PRINCIPAL","1","ABIDJAN","COLLECTIF",0.8,"2025",377285.007991596,356352.620226274,398741.728466864,16996.2555668932,382411.279302996,393298.245412241,0.0450488495616868,0.0135872648072836,0.0424433441071206
"9","M","ASSURÉ PRINCIPAL","1","ABIDJAN","COLLECTIF",0.8,"2025",374569.96261846,341218.250079518,391550.902334702,22683.8906458929,389935.070976223,391012.291881875,0.0605598230229659,0.0410206634038444,0.0438965504560845
"10","M","ASSURÉ PRINCIPAL","1","ABIDJAN","COLLECTIF",0.8,"2025",660967.180260792,623739.262934723,690720.721737783,29741.3305723912,683439.930495409,688293.791323658,0.0449966828317503,0.0339997974267795,0.0413433705620357
"1","F","CONJOINT","1","ABIDJAN","COLLECTIF",0.8,"2025",442348.1508015,399724.062418255,485020.030188409,39955.2427878168,482576.424089088,484205.494821969,0.0903253302074871,0.0909425600959277,0.0946253396665644
"2","F","CONJOINT","1","ABIDJAN","COLLECTIF",0.8,"2025",408312.275954749,385600.914981698,452332.674254469,28606.7433332161,404512.95467378,436392.767727573,0.0700609435910921,-0.00930494012722252,0.0687720977949136
"3","F","CONJOINT","1","ABIDJAN","COLLECTIF",0.8,"2025",504591.610762264,434652.729328125,660527.347866716,99913.6122105698,484208.198595052,601754.298109495,0.198008865148659,-0.0403958602015189,0.192557080369315
"4","F","CONJOINT","1","ABIDJAN","COLLECTIF",0.8,"2025",575607.130333192,370932.024363256,985709.517299294,273300.183575163,646302.13416997,872573.722922853,0.47480333229535,0.122818151672055,0.515918891445561
"5","F","CONJOINT","1","ABIDJAN","COLLECTIF",0.8,"2025",758521.012222903,571050.78437152,954957.252366474,156434.089208465,852461.932077163,920792.14560337,0.206235670057475,0.123847485225174,0.213930966664878
"6","F","CONJOINT","1","ABIDJAN","COLLECTIF",0.8,"2025",392898.464250503,352713.595528971,421258.050575684,28022.2520950782,408927.443300806,417147.848150725,0.0713218672120131,0.0407967465102731,0.061719212739812
"7","F","CONJOINT","1","ABIDJAN","COLLECTIF",0.8,"2025",348693.304732036,312407.442221099,373065.855056858,27748.6704151672,372181.171896873,372770.960670197,0.0795790169716378,0.0673596735185005,0.0690510990931226
"8","F","CONJOINT","1","ABIDJAN","COLLECTIF",0.8,"2025",462130.09890945,439503.48388227,483853.352569785,17831.3877587346,472109.837397781,479938.847512451,0.0385852118284738,0.0215950843969745,0.0385362231220748
"9","F","CONJOINT","1","ABIDJAN","COLLECTIF",0.8,"2025",456366.167924609,419336.463255604,476264.483018342,25056.7348381877,474678.891289153,475735.952441946,0.0549048912896781,0.0401272588803502,0.0424435154898165
"10","F","CONJOINT","1","ABIDJAN","COLLECTIF",0.8,"2025",803117.474155025,763200.379390563,839882.749065369,36104.8553827081,833178.974735908,837648.157622215,0.044955883223304,0.0374310129567423,0.0429958064398002
"1","M","CONJOINT","1","ABIDJAN","COLLECTIF",0.8,"2025",342515.894922639,313541.17349772,381875.068853731,31321.1539107249,365557.088706232,376435.742137898,0.091444380757276,0.0672704365699494,0.0990314543589876
"2","M","CONJOINT","1","ABIDJAN","COLLECTIF",0.8,"2025",317782.834445523,301846.356910823,348839.257731487,20786.7586878606,323921.429563293,340533.315008755,0.0654118361179891,0.0193169499808889,0.0715912821500491
"3","M","CONJOINT","1","ABIDJAN","COLLECTIF",0.8,"2025",222639.184356815,197704.698200351,263382.038051426,27257.0738266928,226429.880449106,251064.652183986,0.122427118592965,0.0170261856790489,0.12767504475589
"4","M","CONJOINT","1","ABIDJAN","COLLECTIF",0.8,"2025",218905.279955445,194686.013782561,252546.232451362,24003.7404273208,229195.962953554,244762.809285426,0.109653547105883,0.0470097523467829,0.118121999319723
"5","M","CONJOINT","1","ABIDJAN","COLLECTIF",0.8,"2025",233337.994685135,217396.987342889,253202.472204798,14411.9881911508,237601.556686138,248002.167031912,0.0617644297946344,0.0182720435510582,0.0628451974422974
"6","M","CONJOINT","1","ABIDJAN","COLLECTIF",0.8,"2025",222240.120055644,209874.430438227,239889.880561433,12556.8305003765,227797.416210329,235859.059111065,0.0565011866319753,0.0250058187211825,0.0612802902194779
"7","M","CONJOINT","1","ABIDJAN","COLLECTIF",0.8,"2025",275577.827700533,246949.592108204,297664.587682891,23442.0713099232,292506.498981233,295945.224782338,0.0850651574748509,0.0614297290241204,0.0739079673127324
"8","M","CONJOINT","1","ABIDJAN","COLLECTIF",0.8,"2025",369674.945434981,350747.227008255,389134.789197112,15029.0958238635,371857.255885685,383375.611426636,0.040654894277943,0.00590332257474406,0.0370613863905049
"9","M","CONJOINT","1","ABIDJAN","COLLECTIF",0.8,"2025",364711.657930431,335021.063090697,381292.890745192,19655.8984130626,374115.140179259,378900.307223215,0.0538943518411248,0.0257833333384198,0.0389037448742311
"10","M","CONJOINT","1","ABIDJAN","COLLECTIF",0.8,"2025",639428.82984529,602477.798515128,667071.229733736,28883.6849100629,666756.509452257,666966.322973243,0.0451710707461398,0.0427376407372484,0.0430657672013569
"1","F","ENFANT","1","ABIDJAN","COLLECTIF",0.8,"2025",256237.889194383,238899.227458922,272256.300266043,15183.7734656764,271368.118927796,271960.23981996,0.0592565506741195,0.0590475896479738,0.0613584145381812
"2","F","ENFANT","1","ABIDJAN","COLLECTIF",0.8,"2025",239039.024820791,219022.375461339,258069.15430823,15289.4991656644,241624.072825448,252587.460480636,0.0639623558418004,0.0108143346325791,0.0566787605915078
"3","F","ENFANT","1","ABIDJAN","COLLECTIF",0.8,"2025",176060.805008512,167097.467616628,188961.142476998,9215.94150336612,178068.143946943,185330.14296698,0.0523452196127387,0.0114013958889608,0.0526485037826557
"4","F","ENFANT","1","ABIDJAN","COLLECTIF",0.8,"2025",185942.665424767,163727.291246209,230661.999214205,28968.5004300401,185304.509210862,215542.835879757,0.155792649115062,-0.00343200530361056,0.159189771682426
"5","F","ENFANT","1","ABIDJAN","COLLECTIF",0.8,"2025",209128.836411857,198065.535897829,235976.417510183,17157.0746123016,204992.061038742,225648.298686369,0.0820406927455596,-0.0197809897673242,0.0789917954785487
"6","F","ENFANT","1","ABIDJAN","COLLECTIF",0.8,"2025",178900.586012599,173213.273085662,183065.332887639,3944.1632410822,179858.769792346,181996.478522541,0.0220466759164469,0.00535595662989589,0.0173050998822572
"7","F","ENFANT","1","ABIDJAN","COLLECTIF",0.8,"2025",214362.031106283,188923.174442157,232715.878627033,18933.1538874453,229250.089743512,231560.615665859,0.0883232622388152,0.0694528716694617,0.0802314872219576
"8","F","ENFANT","1","ABIDJAN","COLLECTIF",0.8,"2025",288780.734446403,262092.699361281,314330.900289657,21213.4478365799,297147.818955225,308603.206511513,0.0734586670999587,0.028973832083577,0.0686419476808607
"9","F","ENFANT","1","ABIDJAN","COLLECTIF",0.8,"2025",287484.838591696,256404.822221568,312129.064517284,23938.4377608213,302661.175773179,308973.101602582,0.0832685225352707,0.0527900436622257,0.0747457261264682
"10","F","ENFANT","1","ABIDJAN","COLLECTIF",0.8,"2025",502227.47558799,465868.650431854,540332.99810111,31502.8791054582,524793.457949289,535153.151383837,0.0627263155377467,0.0449317957662111,0.0655592881637915
"1","M","ENFANT","1","ABIDJAN","COLLECTIF",0.8,"2025",203624.126210455,189417.15671383,219168.332648093,13166.4410993812,213725.454463277,217354.039919821,0.0646605161402782,0.049607718106948,0.0674277354304042
"2","M","ENFANT","1","ABIDJAN","COLLECTIF",0.8,"2025",191273.705117708,174424.572675136,205896.672412139,13024.5872525786,196934.913434846,202909.419419708,0.0680939768723743,0.0295974206891321,0.0608327960962479
"3","M","ENFANT","1","ABIDJAN","COLLECTIF",0.8,"2025",133550.355367996,121116.125696313,148697.14942438,11003.8122811154,137087.826548256,144827.375132339,0.0823944814732576,0.0264879203841292,0.0844402078397215
"4","M","ENFANT","1","ABIDJAN","COLLECTIF",0.8,"2025",132664.987287873,119771.92075827,148013.449665127,11993.43748016,138865.483097754,144964.127476002,0.0904039394669761,0.0467379972413262,0.0927082604051478
"5","M","ENFANT","1","ABIDJAN","COLLECTIF",0.8,"2025",146101.260057067,132501.418432153,154279.072673338,10028.6186160073,152663.502272924,153740.549206534,0.0686415614217848,0.0449157126591105,0.0522876335664912
"6","M","ENFANT","1","ABIDJAN","COLLECTIF",0.8,"2025",141243.087363987,129347.486004413,147709.122125555,8445.99654191761,147310.067543907,147576.103931673,0.0597975922188112,0.0429541742052521,0.0448377098368393
"7","M","ENFANT","1","ABIDJAN","COLLECTIF",0.8,"2025",174696.389197108,152800.842477899,190811.65887728,17004.647018802,188389.582097482,190004.299950681,0.0973382855647682,0.0783828043802567,0.0876257993878784
"8","M","ENFANT","1","ABIDJAN","COLLECTIF",0.8,"2025",236257.213428209,212761.313294595,259996.059482232,18742.0107719404,244207.126471478,254733.081811981,0.0793288403769118,0.0336493981619097,0.078202346145022
"9","M","ENFANT","1","ABIDJAN","COLLECTIF",0.8,"2025",234300.533538658,208196.895357689,256293.138042138,19794.5066052352,243690.851653932,252092.375912736,0.0844834038842221,0.0400780910459353,0.0759359874489672
"10","M","ENFANT","1","ABIDJAN","COLLECTIF",0.8,"2025",404979.083229393,369585.44070048,438938.604926864,27998.2308009559,417701.726160195,431859.645337974,0.0691350046468864,0.0314155556611684,0.06637518632871
"1","F","ASSURÉ PRINCIPAL","0","HORS-ABIDJAN","COLLECTIF",0.8,"2025",64087.0422859789,58203.096559685,68185.6874097408,4665.49470588246,68110.1130476923,68160.4959557247,0.0727993450698408,0.0627751042677413,0.0635612679949967
"2","F","ASSURÉ PRINCIPAL","0","HORS-ABIDJAN","COLLECTIF",0.8,"2025",51190.0715833242,46649.2387895455,55775.6934075278,3703.97016372968,53362.0017281316,54971.1295143958,0.0723571983621975,0.0424287381835754,0.0738631108361888
"3","F","ASSURÉ PRINCIPAL","0","HORS-ABIDJAN","COLLECTIF",0.8,"2025",25021.8088483006,23675.3493040574,26211.9304950622,1176.15763355598,26184.8390278367,26202.900005987,0.0470053000838852,0.0464806595952852,0.0472024690479829
"4","F","ASSURÉ PRINCIPAL","0","HORS-ABIDJAN","COLLECTIF",0.8,"2025",24116.3546118092,21918.8914968669,26499.721628322,1858.09572639595,24830.6829169599,25943.3753912013,0.0770471224322638,0.0296200780196249,0.0757585799678638
"5","F","ASSURÉ PRINCIPAL","0","HORS-ABIDJAN","COLLECTIF",0.8,"2025",29579.5751973051,28329.6863494867,30664.2132237064,954.36399446532,30205.0232765255,30511.1499079794,0.0322642900751418,0.0211445930189478,0.0314938502145637
"6","F","ASSURÉ PRINCIPAL","0","HORS-ABIDJAN","COLLECTIF",0.8,"2025",21819.5986078546,21114.9893534934,22700.5897776668,646.078287093012,22087.902947631,22496.3608343216,0.0296099987311608,0.0122964837529079,0.0310162546355626
"7","F","ASSURÉ PRINCIPAL","0","HORS-ABIDJAN","COLLECTIF",0.8,"2025",22600.0388856932,20808.6647367235,24205.6015761946,1435.40722779871,23284.3255392284,23898.5095638725,0.0635134848687089,0.0302781184136953,0.0574543559303915
"8","F","ASSURÉ PRINCIPAL","0","HORS-ABIDJAN","COLLECTIF",0.8,"2025",29935.4157723182,28780.4274849509,31124.2514611323,925.033256375221,30090.5965942663,30779.6998388436,0.0309009657126799,0.00518385390496531,0.028203518967195
"9","F","ASSURÉ PRINCIPAL","0","HORS-ABIDJAN","COLLECTIF",0.8,"2025",32958.4586435172,31353.074931557,36130.7966996467,2053.20749916141,32748.9312411023,35003.5082134652,0.0622968301208853,-0.00635731800085536,0.062049308557405
"10","F","ASSURÉ PRINCIPAL","0","HORS-ABIDJAN","COLLECTIF",0.8,"2025",91913.1912730454,85603.9534955394,95325.4811873705,4130.81530000167,93815.2003880047,94822.0542542485,0.044942572908064,0.0206935379853042,0.0316479380262385
"1","M","ASSURÉ PRINCIPAL","0","HORS-ABIDJAN","COLLECTIF",0.8,"2025",46269.6754676473,43021.8633284947,48883.1189604376,2374.26218270467,47160.8201303044,48309.0193503932,0.0513135689565146,0.0192597992886342,0.0440751715272315
"2","M","ASSURÉ PRINCIPAL","0","HORS-ABIDJAN","COLLECTIF",0.8,"2025",36954.2029064494,34636.1077635429,38997.5162054351,2014.69815382666,38414.0464282308,38803.0262797003,0.0545187825841332,0.0395041269183103,0.0500301245282229
"3","M","ASSURÉ PRINCIPAL","0","HORS-ABIDJAN","COLLECTIF",0.8,"2025",17021.8505282033,16636.7796073871,17796.2932745953,514.043440492129,17150.0957865153,17580.894111902,0.0301990338618246,0.00753415488518842,0.0328427031345615
"4","M","ASSURÉ PRINCIPAL","0","HORS-ABIDJAN","COLLECTIF",0.8,"2025",16216.7504294324,14566.7593803853,17460.9802865645,1190.716217226,16982.1795236174,17301.3800322488,0.0734250812089285,0.0471999058945776,0.0668832888275742
"5","M","ASSURÉ PRINCIPAL","0","HORS-ABIDJAN","COLLECTIF",0.8,"2025",19210.1189910409,18054.3857950037,20177.3267559391,890.488527532469,19917.2942410775,20090.6492509853,0.0463551802020471,0.0368126428767255,0.0458367936375096
"6","M","ASSURÉ PRINCIPAL","0","HORS-ABIDJAN","COLLECTIF",0.8,"2025",15265.2097778974,14606.7920620815,15805.2845226423,494.661579774915,15617.821263228,15742.7967695042,0.0324045058647761,0.023099026509358,0.0312859763184049
"7","M","ASSURÉ PRINCIPAL","0","HORS-ABIDJAN","COLLECTIF",0.8,"2025",16242.383256703,14640.7864850927,17546.938843123,1232.15779524852,17124.8780273187,17406.2519045216,0.0758606526994754,0.0543328375318001,0.0716562729387796
"8","M","ASSURÉ PRINCIPAL","0","HORS-ABIDJAN","COLLECTIF",0.8,"2025",21908.2048618201,20931.0895413958,23246.7658028996,954.280310133732,22304.5827302802,22932.7047786931,0.0435581242804962,0.0180926676083278,0.0467632981951172
"9","M","ASSURÉ PRINCIPAL","0","HORS-ABIDJAN","COLLECTIF",0.8,"2025",23731.3090026454,22542.8375856128,25344.3720834359,1123.75520290903,23876.9248565812,24855.2230078177,0.0473532750672862,0.00613602283462718,0.0473599667446497
"10","M","ASSURÉ PRINCIPAL","0","HORS-ABIDJAN","COLLECTIF",0.8,"2025",66230.2013991906,62013.1777273062,68827.2196657783,2890.20301406729,67879.7490863386,68511.3961392984,0.0436387471728662,0.0249062761746058,0.0344434214590156
"1","F","CONJOINT","0","HORS-ABIDJAN","COLLECTIF",0.8,"2025",63336.3199583769,58211.3258750929,66872.6468131651,4677.49479795726,66775.1400415252,66840.1445559518,0.0738516983782954,0.0542945988243116,0.0553209374949086
"2","F","CONJOINT","0","HORS-ABIDJAN","COLLECTIF",0.8,"2025",49790.9944398713,44790.4601057024,53312.1357901044,3482.76331454397,51891.503198573,52838.5915929273,0.06994765526826,0.042186519516864,0.0612077984651686
"3","F","CONJOINT","0","HORS-ABIDJAN","COLLECTIF",0.8,"2025",27508.6233920388,24858.0196828441,29271.3063247911,1861.6038934472,28440.119570772,28994.2440734514,0.0676734661315683,0.0338619699524047,0.0540056352599081
"4","F","CONJOINT","0","HORS-ABIDJAN","COLLECTIF",0.8,"2025",26848.4047011352,23643.5922005858,32265.8682607545,3583.59296623418,26711.9276714153,30414.5547309748,0.133475080032694,-0.00508324540095034,0.132825397618085
"5","F","CONJOINT","0","HORS-ABIDJAN","COLLECTIF",0.8,"2025",35582.9261079152,33274.073201412,37428.0171099124,1662.9272711587,36242.2788660235,37032.7710286161,0.0467338539308263,0.0185300319627612,0.0407455226223891
"6","F","CONJOINT","0","HORS-ABIDJAN","COLLECTIF",0.8,"2025",23138.6769078993,22622.6442439151,24069.9037987818,611.235587269449,23094.4825565144,23744.7633846927,0.0264161857526426,-0.00190997746158337,0.0261936531291669
"7","F","CONJOINT","0","HORS-ABIDJAN","COLLECTIF",0.8,"2025",22187.3470104618,20655.7395874708,24584.8296501574,1624.01621813809,22303.0918813338,23824.2503938829,0.0731956018613821,0.00521670620725385,0.0737764358509937
"8","F","CONJOINT","0","HORS-ABIDJAN","COLLECTIF",0.8,"2025",29488.084142595,28609.8868743583,29938.6578531942,578.494084538191,29875.9860884563,29917.7672649483,0.0196178931713833,0.013154531979275,0.0145714153647774
"9","F","CONJOINT","0","HORS-ABIDJAN","COLLECTIF",0.8,"2025",32541.5158433409,30417.5155441791,35623.1134693103,2389.41331752057,34254.5101725186,35166.9123703797,0.073426613837644,0.0526402745779968,0.0806783721962374
"10","F","CONJOINT","0","HORS-ABIDJAN","COLLECTIF",0.8,"2025",90689.6855620015,82885.5515032568,97596.235967814,5864.05932831866,93473.838253983,96222.103396537,0.0646607085687777,0.030699772247838,0.0610038264026527
"1","M","CONJOINT","0","HORS-ABIDJAN","COLLECTIF",0.8,"2025",45895.0219253919,43243.89235744,48356.8227128213,2418.02278266544,48011.938083859,48241.8611698339,0.0526859489596984,0.0461251802408652,0.0511349411327685
"2","M","CONJOINT","0","HORS-ABIDJAN","COLLECTIF",0.8,"2025",36092.2232516989,33272.5234192798,37591.1846308677,1970.01423844557,37391.1574805981,37524.5089141112,0.0545827898909728,0.0359893104905381,0.0396840519472524
"3","M","CONJOINT","0","HORS-ABIDJAN","COLLECTIF",0.8,"2025",16536.3756976493,16257.6274939715,16949.7564411874,285.197847127482,16569.9615412247,16823.1581411998,0.0172466961528955,0.00203102809161401,0.0173425210453671
"4","M","CONJOINT","0","HORS-ABIDJAN","COLLECTIF",0.8,"2025",15638.3107094103,14399.5853531711,16647.7490371895,960.182409636596,16468.1304906065,16587.8761883285,0.0613993689905911,0.0530632621781113,0.0607204637740584
"5","M","CONJOINT","0","HORS-ABIDJAN","COLLECTIF",0.8,"2025",18897.0373381765,18062.4590165328,20364.4673954246,976.782489130327,19008.1992724598,19912.378021103,0.0516897157819018,0.00588250593434596,0.0537301517034808
"6","M","CONJOINT","0","HORS-ABIDJAN","COLLECTIF",0.8,"2025",15086.3900051964,14681.0012875216,15431.3433931216,295.563217690458,15121.2711477081,15327.9859779838,0.0195913812110553,0.00231209338348598,0.0160141672530095
"7","M","CONJOINT","0","HORS-ABIDJAN","COLLECTIF",0.8,"2025",16037.1958470409,14674.6711608975,17879.0850567405,1290.83465039717,16306.7185180387,17354.9628771732,0.0804900471821168,0.0168060971237407,0.0821694168170613
"8","M","CONJOINT","0","HORS-ABIDJAN","COLLECTIF",0.8,"2025",21679.4473168258,20811.3172363964,22446.0014071027,706.446607811976,22308.8588601916,22400.287224799,0.0325860063445293,0.0290326378789795,0.0332499208784592
"9","M","CONJOINT","0","HORS-ABIDJAN","COLLECTIF",0.8,"2025",23464.3519429836,21848.6872720875,25106.8642290628,1516.39374251144,24996.4815998314,25070.070019319,0.0646254261015241,0.0652960567831035,0.068432236280686
"10","M","CONJOINT","0","HORS-ABIDJAN","COLLECTIF",0.8,"2025",65502.3913694287,60119.644750702,70281.755873184,4006.68598939761,67020.0901413376,69194.5339625685,0.0611685452337182,0.0231701276881512,0.0563665312967955
"1","F","ENFANT","0","HORS-ABIDJAN","COLLECTIF",0.8,"2025",31903.0527102022,30189.9639473076,33284.9763592681,1338.73172621912,33057.5522719458,33209.1683301607,0.041962496140409,0.0361877458007173,0.0409401455034061
"2","F","ENFANT","0","HORS-ABIDJAN","COLLECTIF",0.8,"2025",24391.9596483674,23064.1663699968,26176.8500029659,1404.47777850432,25509.6197119732,25954.4399059683,0.0575795384524721,0.0458208393141773,0.0640571844216489
"3","F","ENFANT","0","HORS-ABIDJAN","COLLECTIF",0.8,"2025",11201.632855121,10732.3590898589,11586.2676692647,358.724154864059,11373.0100471001,11515.1817952098,0.0320242735593733,0.0152993045028064,0.0279913602011618
"4","F","ENFANT","0","HORS-ABIDJAN","COLLECTIF",0.8,"2025",10713.0410134688,9866.51942561396,11565.9938729992,783.909340876497,11506.1036107082,11546.0304522355,0.0731733725177509,0.0740277757027462,0.0777547138781079
"5","F","ENFANT","0","HORS-ABIDJAN","COLLECTIF",0.8,"2025",13462.8066453908,12797.6782878181,14257.4027626801,586.880811357784,13664.1763799149,14059.6606350917,0.0435927534886429,0.0149574854507084,0.0443335483767987
"6","F","ENFANT","0","HORS-ABIDJAN","COLLECTIF",0.8,"2025",10361.5740947789,9974.52964743135,10936.8816869415,420.436217096067,10432.7912069859,10768.8515269563,0.040576481261464,0.00687319431928255,0.0393065212343218
"7","F","ENFANT","0","HORS-ABIDJAN","COLLECTIF",0.8,"2025",10700.167201162,9774.18822592751,11780.6609701388,868.548923031935,11041.0086292926,11534.1101898567,0.0811715281362722,0.0318538413206882,0.0779373792032164
"8","F","ENFANT","0","HORS-ABIDJAN","COLLECTIF",0.8,"2025",14319.1275659209,13573.2838029406,15156.3674760459,756.220897547074,15095.3290392038,15136.0213304319,0.0528119394191906,0.0542073160330193,0.0570491296170299
"9","F","ENFANT","0","HORS-ABIDJAN","COLLECTIF",0.8,"2025",15903.3742322926,14962.8709089114,17025.6944307826,925.827206142991,16318.910042115,16790.0996345601,0.0582157718619895,0.0261287827194922,0.0557570606913646
"10","F","ENFANT","0","HORS-ABIDJAN","COLLECTIF",0.8,"2025",44062.7528090301,42433.2622632508,47007.8611882693,1989.48887885254,44661.0467023243,46225.5896929543,0.045151261598999,0.0135782232192181,0.0490853781491607
"1","M","ENFANT","0","HORS-ABIDJAN","COLLECTIF",0.8,"2025",23413.5010954741,22955.3800333716,23980.8255073447,431.192962982333,23660.3998545028,23874.0169563974,0.0184164239779451,0.0105451447872731,0.019668816681686
"2","M","ENFANT","0","HORS-ABIDJAN","COLLECTIF",0.8,"2025",17985.0457732577,16996.3262965776,19090.6830815051,994.368533315642,18998.0854322621,19059.8171984241,0.0552886295565724,0.056326776799795,0.0597591709643866
"3","M","ENFANT","0","HORS-ABIDJAN","COLLECTIF",0.8,"2025",8122.87508221092,7813.08838456318,8533.88357284083,290.883802157294,8140.28082826293,8402.68265798153,0.03581044878978,0.00214280607246142,0.0344468643108138
"4","M","ENFANT","0","HORS-ABIDJAN","COLLECTIF",0.8,"2025",7639.95979440584,6884.54127941014,8507.53261364116,637.610093146517,7755.62830062683,8256.89784263638,0.083457257669522,0.0151399365093108,0.0807514783889673
"5","M","ENFANT","0","HORS-ABIDJAN","COLLECTIF",0.8,"2025",9574.39977598098,8727.04861918039,10468.300350139,745.724290167446,9971.68108190223,10302.7605940601,0.0778873148829886,0.0414941213252761,0.0760737837484441
"6","M","ENFANT","0","HORS-ABIDJAN","COLLECTIF",0.8,"2025",7627.66303081924,7083.28907749807,8113.91227322848,446.163146739405,7911.28059621914,8046.36838089203,0.0584927709754222,0.0371827602050524,0.054893005679594
"7","M","ENFANT","0","HORS-ABIDJAN","COLLECTIF",0.8,"2025",7949.97735891255,7053.89865037905,8721.5221692305,727.785440416943,8353.69352337539,8598.91262061213,0.0915455991331897,0.0507820521036129,0.0816273094126572
"8","M","ENFANT","0","HORS-ABIDJAN","COLLECTIF",0.8,"2025",10854.7749178723,10151.0481049495,11728.8135678661,707.095442213605,11443.5390416554,11633.7220591292,0.06514141910482,0.0542401043078066,0.0717607824345063
"9","M","ENFANT","0","HORS-ABIDJAN","COLLECTIF",0.8,"2025",11706.6109568524,11053.5655375294,12112.2579561025,498.035149349321,12081.181066258,12101.898992821,0.0425430682872228,0.0319964600161595,0.0337662229850762
"10","M","ENFANT","0","HORS-ABIDJAN","COLLECTIF",0.8,"2025",32475.4607823579,30868.7733950436,34435.1995054497,1600.91669643865,33407.1777708218,34092.5255939071,0.0492961965087295,0.0286898774033742,0.049793437031929
"1","F","ASSURÉ PRINCIPAL","1","HORS-ABIDJAN","COLLECTIF",0.8,"2025",123044.045311783,111830.537955315,140975.700522553,12326.3289698631,127398.884105026,136450.095050044,0.100178183662844,0.0353925196640688,0.10895325900812
"2","F","ASSURÉ PRINCIPAL","1","HORS-ABIDJAN","COLLECTIF",0.8,"2025",104811.562487242,94325.9294002028,120454.112351309,11220.51931088,110662.105756079,117190.110152899,0.107054212766323,0.0558196360210637,0.118102882658236
"3","F","ASSURÉ PRINCIPAL","1","HORS-ABIDJAN","COLLECTIF",0.8,"2025",60443.5856988363,52149.9254585967,76889.026779323,10729.5162915607,59035.21996493,70937.757841192,0.177512901782848,-0.0233004994264163,0.173619285173509
"4","F","ASSURÉ PRINCIPAL","1","HORS-ABIDJAN","COLLECTIF",0.8,"2025",58454.5124437767,47243.3141607848,72115.7031457228,10986.7233727749,66814.9856277215,70348.797306389,0.187953383125764,0.143025282983689,0.203479327178592
"5","F","ASSURÉ PRINCIPAL","1","HORS-ABIDJAN","COLLECTIF",0.8,"2025",75600.4877411984,64592.9401844939,87735.8119489929,9121.97832099995,77986.3994738113,84486.007790599,0.120660310449676,0.0315594753936054,0.117532575713245
"6","F","ASSURÉ PRINCIPAL","1","HORS-ABIDJAN","COLLECTIF",0.8,"2025",56924.5767079574,49156.6064163488,68898.4783462759,8554.62923219183,59956.7849839732,65917.913892175,0.150280067537085,0.053267120308545,0.157986896070505
"7","F","ASSURÉ PRINCIPAL","1","HORS-ABIDJAN","COLLECTIF",0.8,"2025",59141.8855481149,45908.5947573933,74560.553398624,14032.9777914678,73567.3939421849,74229.5002464776,0.23727646931465,0.24391356921372,0.255108787258536
"8","F","ASSURÉ PRINCIPAL","1","HORS-ABIDJAN","COLLECTIF",0.8,"2025",78500.5910577833,61042.2730452215,101521.195822901,17136.2240148674,86735.0122527268,96592.4679661762,0.218294203699098,0.104896295479893,0.230468034247993
"9","F","ASSURÉ PRINCIPAL","1","HORS-ABIDJAN","COLLECTIF",0.8,"2025",89491.3311077532,74626.5478926421,106405.677874647,15396.6432528165,105549.678420663,106120.344723319,0.172046197796276,0.179440255431827,0.185817032887169
"10","F","ASSURÉ PRINCIPAL","1","HORS-ABIDJAN","COLLECTIF",0.8,"2025",211489.795626423,182891.037800427,246466.621783075,30819.0888161077,241464.221805363,244799.155123838,0.145723762817128,0.141729893350916,0.157498660390463
"1","M","ASSURÉ PRINCIPAL","1","HORS-ABIDJAN","COLLECTIF",0.8,"2025",94009.9412352584,87061.9016033967,110162.177657206,10359.1903752855,93530.3421937019,104618.232502705,0.110192499209863,-0.00510157793159738,0.11284222847134
"2","M","ASSURÉ PRINCIPAL","1","HORS-ABIDJAN","COLLECTIF",0.8,"2025",79615.6960338902,69805.339439948,94152.6360058148,9977.13141351924,80876.4365353866,89727.2361823387,0.125316136271323,0.01583532600104,0.127004355323909
"3","M","ASSURÉ PRINCIPAL","1","HORS-ABIDJAN","COLLECTIF",0.8,"2025",41239.664362416,35848.0426744134,55404.8909035044,9046.53634054389,40547.6758437868,50452.4858835985,0.219364936170249,-0.016779683572301,0.223397102367755
"4","M","ASSURÉ PRINCIPAL","1","HORS-ABIDJAN","COLLECTIF",0.8,"2025",38624.1722400477,31177.9842548571,52991.6976195866,9358.24994958736,38396.7944908717,48126.729910015,0.242289980777483,-0.00588692872853825,0.246026183057316
"5","M","ASSURÉ PRINCIPAL","1","HORS-ABIDJAN","COLLECTIF",0.8,"2025",47336.4012084092,39605.3588274324,60044.251453599,8935.52934681239,51588.0953765645,57225.5327612542,0.188766554252228,0.089818703146365,0.208911774034234
"6","M","ASSURÉ PRINCIPAL","1","HORS-ABIDJAN","COLLECTIF",0.8,"2025",41030.2292230995,33776.6859641626,52697.6130521209,8323.87474578201,45213.6155147075,50202.9472063164,0.202871758296095,0.101958638077819,0.223559998491375
"7","M","ASSURÉ PRINCIPAL","1","HORS-ABIDJAN","COLLECTIF",0.8,"2025",44543.8018561977,33411.4159019226,58092.9923470894,12019.8389497862,56675.1535618795,57620.3794186861,0.269843130781478,0.272346571243422,0.293566714505061
"8","M","ASSURÉ PRINCIPAL","1","HORS-ABIDJAN","COLLECTIF",0.8,"2025",58794.8205393788,44737.5385811989,78469.3890958136,14450.8632712575,65628.0839212922,74188.9540376398,0.245784631004678,0.116222199833686,0.261828054870081
"9","M","ASSURÉ PRINCIPAL","1","HORS-ABIDJAN","COLLECTIF",0.8,"2025",67478.7836580982,54866.4232828381,82708.3378814126,13776.3730470185,81896.7705495468,82437.8154374573,0.204158585857455,0.213666964782615,0.221684964790617
"10","M","ASSURÉ PRINCIPAL","1","HORS-ABIDJAN","COLLECTIF",0.8,"2025",158640.041769552,133721.090045762,189074.365874047,27128.5750316109,185122.827425684,187757.186391259,0.17100710973727,0.166936325537544,0.183542214795957
"1","F","CONJOINT","1","HORS-ABIDJAN","COLLECTIF",0.8,"2025",122791.968995196,113876.170313324,138461.15053225,10651.9959482252,126494.264177236,134472.188413912,0.0867483112730437,0.0301509554112996,0.095122014202515
"2","F","CONJOINT","1","HORS-ABIDJAN","COLLECTIF",0.8,"2025",104233.144518372,94436.6599398839,118207.159434775,9969.38816382442,108352.734731761,114922.351200437,0.0956450868856524,0.039522843069015,0.102550937434121
"3","F","CONJOINT","1","HORS-ABIDJAN","COLLECTIF",0.8,"2025",74847.4354576455,62917.3158250754,90132.274063886,11978.7886225002,83923.9428061121,88062.8303112947,0.160042739597654,0.121266778119643,0.176564431003484
"4","F","CONJOINT","1","HORS-ABIDJAN","COLLECTIF",0.8,"2025",76342.8387128787,53811.8891035241,106112.69936791,21450.9919527806,79215.2126955293,97146.8704771164,0.280982372602839,0.0376246682868779,0.272507966889738
"5","F","CONJOINT","1","HORS-ABIDJAN","COLLECTIF",0.8,"2025",105495.818063207,95661.5375238293,111566.635385839,7684.22896763174,110854.239961747,111329.170244475,0.0728391808197346,0.050792742280358,0.0552946295726458
"6","F","CONJOINT","1","HORS-ABIDJAN","COLLECTIF",0.8,"2025",65346.5622862336,57864.6943999414,73908.3288114712,7459.14422306413,72580.0142067606,73465.5572765676,0.114147461811247,0.110693687126842,0.124245173828287
"7","F","CONJOINT","1","HORS-ABIDJAN","COLLECTIF",0.8,"2025",60838.2392081496,47036.3311411764,80700.3432525434,15686.8024090885,73427.6620996385,78276.1162015751,0.257844451339531,0.206932729404215,0.286626917879135
"8","F","CONJOINT","1","HORS-ABIDJAN","COLLECTIF",0.8,"2025",80852.4925297881,61663.9228551033,101530.292542632,18082.8205618912,97023.6825571508,100028.089214138,0.22365198642737,0.200008552876769,0.237167662793886
"9","F","CONJOINT","1","HORS-ABIDJAN","COLLECTIF",0.8,"2025",92113.0654455608,75740.683919899,115929.918034689,18090.4342752055,105092.570791519,112317.468953632,0.196393792647114,0.14090840732718,0.219343514520343
"10","F","CONJOINT","1","HORS-ABIDJAN","COLLECTIF",0.8,"2025",213854.149464979,183547.794646672,258341.524027612,34665.6323207832,240269.9736312,252317.673895475,0.162099414051632,0.123522616850353,0.179858677171913
"1","M","CONJOINT","1","HORS-ABIDJAN","COLLECTIF",0.8,"2025",94310.5621203509,89174.7530055513,108386.300834208,8967.89220692432,93299.538142736,103357.379937051,0.0950889487381093,-0.0107201564160408,0.0959258179922114
"2","M","CONJOINT","1","HORS-ABIDJAN","COLLECTIF",0.8,"2025",79642.5437128061,70517.868904398,92665.9530780876,9078.26769308834,80510.224107102,88614.0434210924,0.113987666263208,0.0108946845975281,0.112647076424854
"3","M","CONJOINT","1","HORS-ABIDJAN","COLLECTIF",0.8,"2025",41713.2289616902,36147.8783083189,54968.8653473528,8610.00237194835,42748.2259003054,50895.3188650037,0.206409395442771,0.0248121990164276,0.220124170002433
"4","M","CONJOINT","1","HORS-ABIDJAN","COLLECTIF",0.8,"2025",38933.882818033,31794.1640927429,52472.3500945403,9002.8995956992,40603.8532539584,48516.184481013,0.23123559594034,0.0428924709033118,0.246117288320953
"5","M","CONJOINT","1","HORS-ABIDJAN","COLLECTIF",0.8,"2025",48091.6333002031,40509.6800372513,59602.3474391756,8885.63322427676,54990.0081433881,58064.9010072464,0.184764638140066,0.143442307316185,0.207380515541801
"6","M","CONJOINT","1","HORS-ABIDJAN","COLLECTIF",0.8,"2025",42131.5880006392,34840.4753694725,52590.3014196553,8476.83210781475,49462.0992050726,51547.5673481277,0.201198969943553,0.173990859407486,0.223489780336446
"7","M","CONJOINT","1","HORS-ABIDJAN","COLLECTIF",0.8,"2025",46105.5927645833,34537.1937464421,62740.9032040683,13327.1310762518,57406.2261448238,60962.6775176534,0.289056712583668,0.24510330965577,0.322240402133662
"8","M","CONJOINT","1","HORS-ABIDJAN","COLLECTIF",0.8,"2025",60842.1137167237,45555.1903379028,78650.020684351,15097.3642098948,73918.8561473254,77072.9658386758,0.248140034716529,0.214929127733563,0.266770023762187
"9","M","CONJOINT","1","HORS-ABIDJAN","COLLECTIF",0.8,"2025",69746.9906753419,55840.7931482583,90550.5893117496,15972.3370013095,81819.4988200745,87640.2258145245,0.229003959119289,0.173090021918331,0.256544905607068
"10","M","CONJOINT","1","HORS-ABIDJAN","COLLECTIF",0.8,"2025",161201.253795132,134965.968809057,199503.32798888,30120.7893363107,184521.60230408,194509.41942728,0.186852078548909,0.144666049177167,0.206624730564927
"1","F","ENFANT","1","HORS-ABIDJAN","COLLECTIF",0.8,"2025",73884.1230077169,67530.4054250092,82604.4214412429,6610.23526148248,76541.865985072,80583.5696225192,0.0894676013247402,0.0359717740315804,0.090675050905086
"2","F","ENFANT","1","HORS-ABIDJAN","COLLECTIF",0.8,"2025",61363.8302082393,51860.5767173075,71771.1903965059,8509.77397058662,66260.5848939756,69934.3218956625,0.13867735996447,0.0797987131689646,0.139666830742785
"3","F","ENFANT","1","HORS-ABIDJAN","COLLECTIF",0.8,"2025",33027.1771628778,28253.2614441825,43054.6233429035,6629.71548841473,34588.7323484507,40232.6596780859,0.200735153831629,0.0472809158915367,0.218168282432172
"4","F","ENFANT","1","HORS-ABIDJAN","COLLECTIF",0.8,"2025",31571.776188557,24482.1577937125,41185.9710956001,7167.92731122882,33940.2273516066,38770.7231809356,0.227035921844232,0.0750179891338528,0.2280184348636
"5","F","ENFANT","1","HORS-ABIDJAN","COLLECTIF",0.8,"2025",40443.0517112604,32846.6753860775,48520.6515355488,6717.47502843694,45782.1890268281,47607.8306993086,0.166097135211155,0.132016182994449,0.177157229360448
"6","F","ENFANT","1","HORS-ABIDJAN","COLLECTIF",0.8,"2025",33467.3193291409,26418.2160534434,41633.2632587449,6925.25697302454,39442.314840015,40902.9471191683,0.206925953791421,0.178532240724505,0.222175780405362
"7","F","ENFANT","1","HORS-ABIDJAN","COLLECTIF",0.8,"2025",35016.3717765828,24797.2547996448,47985.4632544052,10575.6618106246,43794.6735146932,46588.5333411679,0.302020491389034,0.250691356435189,0.330478601221729
"8","F","ENFANT","1","HORS-ABIDJAN","COLLECTIF",0.8,"2025",45501.9852762538,31723.6573832176,59605.3659579057,12669.8581209397,55121.9323452403,58110.8880870172,0.278446270948792,0.211418183417305,0.2771066522529
"9","F","ENFANT","1","HORS-ABIDJAN","COLLECTIF",0.8,"2025",53788.4057261234,41548.0706320822,70255.869426754,12937.3795833801,62397.2528461615,67636.3305665565,0.240523573969712,0.160050237664081,0.257451855162673
"10","F","ENFANT","1","HORS-ABIDJAN","COLLECTIF",0.8,"2025",123952.064892427,96470.6805256512,159909.967914105,27964.0738108068,137840.024361723,152553.320063311,0.225603936772458,0.112042985982917,0.230744483326727
"1","M","ENFANT","1","HORS-ABIDJAN","COLLECTIF",0.8,"2025",58035.4026607206,52684.5246796762,66811.1592359195,6232.95729026847,60765.3280765123,64795.8821827838,0.107399225378117,0.0470389674342586,0.116488888025564
"2","M","ENFANT","1","HORS-ABIDJAN","COLLECTIF",0.8,"2025",48066.8164055562,39665.0633327163,58120.3105907512,7854.62853385512,52852.1273000715,56364.249493858,0.16341062548397,0.0995553950180493,0.172622896808755
"3","M","ENFANT","1","HORS-ABIDJAN","COLLECTIF",0.8,"2025",25147.5875085499,20640.3751875123,34285.6265734715,6166.02432054665,27315.2494426236,31962.1675298555,0.245193473069744,0.0861976097443437,0.270983449962696
"4","M","ENFANT","1","HORS-ABIDJAN","COLLECTIF",0.8,"2025",23331.2940976866,17835.8549907959,33090.5370796477,6597.17105636353,25174.7540470592,30451.9427354515,0.282760614509491,0.0790123317486864,0.305197328873024
"5","M","ENFANT","1","HORS-ABIDJAN","COLLECTIF",0.8,"2025",29799.381633408,23096.5039030353,38283.2736858338,6933.22675125777,35745.7670367238,37437.4381361305,0.232663443710018,0.199547275056517,0.256315939595184
"6","M","ENFANT","1","HORS-ABIDJAN","COLLECTIF",0.8,"2025",25927.2591365508,19526.2706218284,33889.550451515,6512.0064360201,31199.9493358052,32993.0167462784,0.251164475262248,0.203364735604513,0.27252235080131
"7","M","ENFANT","1","HORS-ABIDJAN","COLLECTIF",0.8,"2025",27187.6634946657,18660.3791247746,37512.3957837351,8840.12224804067,35398.4703866797,36807.7539847166,0.325151966434156,0.3020048741454,0.353840280976643
"8","M","ENFANT","1","HORS-ABIDJAN","COLLECTIF",0.8,"2025",34988.601698971,24000.8907817054,47332.1556145174,10468.249219901,42096.9840872821,45587.0984387723,0.299190270876384,0.203162802831304,0.302912840901353
"9","M","ENFANT","1","HORS-ABIDJAN","COLLECTIF",0.8,"2025",41453.1639986436,31112.2392849679,55038.1605393389,11073.1908473461,49996.0778309213,53357.4663031997,0.267125347722756,0.206085929473495,0.287174757153533
"10","M","ENFANT","1","HORS-ABIDJAN","COLLECTIF",0.8,"2025",95046.1501156428,71483.2159584732,124178.003862611,23381.8346902042,108490.76307988,118948.923601701,0.246005068714045,0.141453524923202,0.251485972414198
